country,source_program_code,variant_index,variant_discriminator_known,intake_year,cutoff_value,cutoff_unit,lower_is_better,university_name,department_name,score_type,scholarship_type,is_undergraduate,source_url,verified_by
AZ,komputer-elmleri--ada--g1,,True,2025,692.6,dim_score_700,False,ADA,Kompüter elmləri,I qrup,dövlət sifarişli,True,https://sec.az/kecid-ballari,
AZ,tibb-tedris-ingilis-dilinde--atu--g4,,True,2023,667.8,dim_score_700,False,ATU,Tibb (tədris ingilis dilində),IV qrup,dövlət sifarişli,True,https://sec.az/kecid-ballari,
AZ,tibb-tedris-ingilis-dilinde--atu--g4,,True,2024,681.4,dim_score_700,False,ATU,Tibb (tədris ingilis dilində),IV qrup,dövlət sifarişli,True,https://sec.az/kecid-ballari,
AZ,tibb-tedris-ingilis-dilinde--atu--g4,,True,2025,683.7,dim_score_700,False,ATU,Tibb (tədris ingilis dilində),IV qrup,dövlət sifarişli,True,https://sec.az/kecid-ballari,
AZ,i-nformasiya-tehlukesizliyi--banm--g1,,True,2024,687.1,dim_score_700,False,BANM,İnformasiya təhlükəsizliyi,I qrup,dövlət sifarişli,True,https://sec.az/kecid-ballari,
AZ,i-nformasiya-tehlukesizliyi--banm--g1,,True,2025,681.0,dim_score_700,False,BANM,İnformasiya təhlükəsizliyi,I qrup,dövlət sifarişli,True,https://sec.az/kecid-ballari,
AZ,komputer-elmleri--banm--g1,,True,2024,673.5,dim_score_700,False,BANM,Kompüter elmləri,I qrup,dövlət sifarişli,True,https://sec.az/kecid-ballari,
AZ,komputer-elmleri--banm--g1,,True,2025,672.8,dim_score_700,False,BANM,Kompüter elmləri,I qrup,dövlət sifarişli,True,https://sec.az/kecid-ballari,
AZ,kimya-muhendisliyi--banm--g1,,True,2024,678.0,dim_score_700,False,BANM,Kimya mühəndisliyi,I qrup,dövlət sifarişli,True,https://sec.az/kecid-ballari,
AZ,kimya-muhendisliyi--banm--g1,,True,2025,668.0,dim_score_700,False,BANM,Kimya mühəndisliyi,I qrup,dövlət sifarişli,True,https://sec.az/kecid-ballari,
AZ,huquqsunasliq--bdu--g3--v1,1,False,2023,630.3,dim_score_700,False,BDU,Hüquqşünaslıq,III qrup,dövlət sifarişli,True,https://sec.az/kecid-ballari,
AZ,huquqsunasliq--bdu--g3--v1,1,False,2024,660.3,dim_score_700,False,BDU,Hüquqşünaslıq,III qrup,dövlət sifarişli,True,https://sec.az/kecid-ballari,
AZ,huquqsunasliq--bdu--g3--v1,1,False,2025,664.5,dim_score_700,False,BDU,Hüquqşünaslıq,III qrup,dövlət sifarişli,True,https://sec.az/kecid-ballari,
AZ,huquqsunasliq--bdu--g3--v2,2,False,2023,586.5,dim_score_700,False,BDU,Hüquqşünaslıq,III qrup,dövlət sifarişli,True,https://sec.az/kecid-ballari,
AZ,huquqsunasliq--bdu--g3--v2,2,False,2024,613.9,dim_score_700,False,BDU,Hüquqşünaslıq,III qrup,dövlət sifarişli,True,https://sec.az/kecid-ballari,
AZ,huquqsunasliq--bdu--g3--v2,2,False,2025,621.7,dim_score_700,False,BDU,Hüquqşünaslıq,III qrup,dövlət sifarişli,True,https://sec.az/kecid-ballari,
AZ,huquqsunasliq--bdu--g3--v3,3,False,2023,612.8,dim_score_700,False,BDU,Hüquqşünaslıq,III qrup,dövlət sifarişli,True,https://sec.az/kecid-ballari,
AZ,huquqsunasliq--bdu--g3--v3,3,False,2025,612.8,dim_score_700,False,BDU,Hüquqşünaslıq,III qrup,dövlət sifarişli,True,https://sec.az/kecid-ballari,
AZ,i-nformasiya-texnologiyalari--ada--g1,,True,2025,662.7,dim_score_700,False,ADA,İnformasiya texnologiyaları,I qrup,dövlət sifarişli,True,https://sec.az/kecid-ballari,
AZ,komputer-muhendisliyi--banm--g1,,True,2024,673.0,dim_score_700,False,BANM,Kompüter mühəndisliyi,I qrup,dövlət sifarişli,True,https://sec.az/kecid-ballari,
AZ,komputer-muhendisliyi--banm--g1,,True,2025,662.2,dim_score_700,False,BANM,Kompüter mühəndisliyi,I qrup,dövlət sifarişli,True,https://sec.az/kecid-ballari,
AZ,data-analitikasi--banm--g1,,True,2025,658.1,dim_score_700,False,BANM,Data analitikası,I qrup,dövlət sifarişli,True,https://sec.az/kecid-ballari,
AZ,neft-qaz-muhendisliyi--banm--g1,,True,2024,668.3,dim_score_700,False,BANM,Neft-qaz mühəndisliyi,I qrup,dövlət sifarişli,True,https://sec.az/kecid-ballari,
AZ,neft-qaz-muhendisliyi--banm--g1,,True,2025,657.3,dim_score_700,False,BANM,Neft-qaz mühəndisliyi,I qrup,dövlət sifarişli,True,https://sec.az/kecid-ballari,
AZ,komputer-muhendisliyi--ada--g1,,True,2025,655.8,dim_score_700,False,ADA,Kompüter mühəndisliyi,I qrup,dövlət sifarişli,True,https://sec.az/kecid-ballari,
AZ,huquqsunasliq--di-a--g3,,True,2023,627.0,dim_score_700,False,DİA,Hüquqşünaslıq,III qrup,dövlət sifarişli,True,https://sec.az/kecid-ballari,
AZ,huquqsunasliq--di-a--g3,,True,2025,655.4,dim_score_700,False,DİA,Hüquqşünaslıq,III qrup,dövlət sifarişli,True,https://sec.az/kecid-ballari,
AZ,maliyye--banm--g2,,True,2025,653.2,dim_score_700,False,BANM,Maliyyə,II qrup,dövlət sifarişli,True,https://sec.az/kecid-ballari,
AZ,filologiya-fransiz-dili-ve-edebiyyati-uzre--bdu--g3,,True,2025,651.3,dim_score_700,False,BDU,Filologiya (fransız dili və ədəbiyyatı üzrə),III qrup,dövlət sifarişli,True,https://sec.az/kecid-ballari,
AZ,proseslerin-avtomatlasdirilmasi-muhendisliyi--banm--g1,,True,2024,655.9,dim_score_700,False,BANM,Proseslərin avtomatlaşdırılması mühəndisliyi,I qrup,dövlət sifarişli,True,https://sec.az/kecid-ballari,
AZ,proseslerin-avtomatlasdirilmasi-muhendisliyi--banm--g1,,True,2025,643.0,dim_score_700,False,BANM,Proseslərin avtomatlaşdırılması mühəndisliyi,I qrup,dövlət sifarişli,True,https://sec.az/kecid-ballari,
AZ,riyaziyyat--ada--g1,,True,2025,640.8,dim_score_700,False,ADA,Riyaziyyat,I qrup,dövlət sifarişli,True,https://sec.az/kecid-ballari,
AZ,i-nformasiya-tehlukesizliyi--unec--g1--v1,1,False,2023,626.9,dim_score_700,False,UNEC,İnformasiya təhlükəsizliyi,I qrup,dövlət sifarişli,True,https://sec.az/kecid-ballari,
AZ,i-nformasiya-tehlukesizliyi--unec--g1--v1,1,False,2024,658.5,dim_score_700,False,UNEC,İnformasiya təhlükəsizliyi,I qrup,dövlət sifarişli,True,https://sec.az/kecid-ballari,
AZ,i-nformasiya-tehlukesizliyi--unec--g1--v1,1,False,2025,640.2,dim_score_700,False,UNEC,İnformasiya təhlükəsizliyi,I qrup,dövlət sifarişli,True,https://sec.az/kecid-ballari,
AZ,i-nformasiya-tehlukesizliyi--unec--g1--v2,2,False,2023,575.2,dim_score_700,False,UNEC,İnformasiya təhlükəsizliyi,I qrup,dövlət sifarişli,True,https://sec.az/kecid-ballari,
AZ,i-nformasiya-tehlukesizliyi--unec--g1--v2,2,False,2024,622.4,dim_score_700,False,UNEC,İnformasiya təhlükəsizliyi,I qrup,dövlət sifarişli,True,https://sec.az/kecid-ballari,
AZ,i-nformasiya-tehlukesizliyi--unec--g1--v2,2,False,2025,609.2,dim_score_700,False,UNEC,İnformasiya təhlükəsizliyi,I qrup,dövlət sifarişli,True,https://sec.az/kecid-ballari,
AZ,maliyye--ada--g2,,True,2025,637.6,dim_score_700,False,ADA,Maliyyə,II qrup,dövlət sifarişli,True,https://sec.az/kecid-ballari,
AZ,i-nformasiya-texnologiyalari--unec--g1--v1,1,False,2023,615.4,dim_score_700,False,UNEC,İnformasiya texnologiyaları,I qrup,dövlət sifarişli,True,https://sec.az/kecid-ballari,
AZ,i-nformasiya-texnologiyalari--unec--g1--v1,1,False,2024,647.2,dim_score_700,False,UNEC,İnformasiya texnologiyaları,I qrup,dövlət sifarişli,True,https://sec.az/kecid-ballari,
AZ,i-nformasiya-texnologiyalari--unec--g1--v1,1,False,2025,634.6,dim_score_700,False,UNEC,İnformasiya texnologiyaları,I qrup,dövlət sifarişli,True,https://sec.az/kecid-ballari,
AZ,i-nformasiya-texnologiyalari--unec--g1--v2,2,False,2023,557.2,dim_score_700,False,UNEC,İnformasiya texnologiyaları,I qrup,dövlət sifarişli,True,https://sec.az/kecid-ballari,
AZ,i-nformasiya-texnologiyalari--unec--g1--v2,2,False,2024,610.6,dim_score_700,False,UNEC,İnformasiya texnologiyaları,I qrup,dövlət sifarişli,True,https://sec.az/kecid-ballari,
AZ,i-nformasiya-texnologiyalari--unec--g1--v2,2,False,2025,591.4,dim_score_700,False,UNEC,İnformasiya texnologiyaları,I qrup,dövlət sifarişli,True,https://sec.az/kecid-ballari,
AZ,i-nformasiya-texnologiyalari--unec--g1--v3,3,False,2023,227.7,dim_score_700,False,UNEC,İnformasiya texnologiyaları,I qrup,dövlət sifarişli,True,https://sec.az/kecid-ballari,
AZ,i-nformasiya-texnologiyalari--unec--g1--v3,3,False,2024,239.5,dim_score_700,False,UNEC,İnformasiya texnologiyaları,I qrup,dövlət sifarişli,True,https://sec.az/kecid-ballari,
AZ,i-nformasiya-texnologiyalari--unec--g1--v3,3,False,2025,249.6,dim_score_700,False,UNEC,İnformasiya texnologiyaları,I qrup,dövlət sifarişli,True,https://sec.az/kecid-ballari,
AZ,kimya-muhendisliyi--adnsu--g1--v1,1,False,2023,567.1,dim_score_700,False,ADNSU,Kimya mühəndisliyi,I qrup,dövlət sifarişli,True,https://sec.az/kecid-ballari,
AZ,kimya-muhendisliyi--adnsu--g1--v1,1,False,2024,626.3,dim_score_700,False,ADNSU,Kimya mühəndisliyi,I qrup,dövlət sifarişli,True,https://sec.az/kecid-ballari,
AZ,kimya-muhendisliyi--adnsu--g1--v1,1,False,2025,624.9,dim_score_700,False,ADNSU,Kimya mühəndisliyi,I qrup,dövlət sifarişli,True,https://sec.az/kecid-ballari,
AZ,kimya-muhendisliyi--adnsu--g1--v2,2,False,2023,386.8,dim_score_700,False,ADNSU,Kimya mühəndisliyi,I qrup,dövlət sifarişli,True,https://sec.az/kecid-ballari,
AZ,kimya-muhendisliyi--adnsu--g1--v2,2,False,2024,441.1,dim_score_700,False,ADNSU,Kimya mühəndisliyi,I qrup,dövlət sifarişli,True,https://sec.az/kecid-ballari,
AZ,kimya-muhendisliyi--adnsu--g1--v2,2,False,2025,424.7,dim_score_700,False,ADNSU,Kimya mühəndisliyi,I qrup,dövlət sifarişli,True,https://sec.az/kecid-ballari,
AZ,i-qtisadiyyat--ada--g2,,True,2025,624.8,dim_score_700,False,ADA,İqtisadiyyat,II qrup,dövlət sifarişli,True,https://sec.az/kecid-ballari,
AZ,tibb--atu--g4,,True,2023,565.8,dim_score_700,False,ATU,Tibb,IV qrup,dövlət sifarişli,True,https://sec.az/kecid-ballari,
AZ,tibb--atu--g4,,True,2024,605.1,dim_score_700,False,ATU,Tibb,IV qrup,dövlət sifarişli,True,https://sec.az/kecid-ballari,
AZ,tibb--atu--g4,,True,2025,624.3,dim_score_700,False,ATU,Tibb,IV qrup,dövlət sifarişli,True,https://sec.az/kecid-ballari,
AZ,komputer-muhendisliyi--unec--g1--v1,1,False,2023,587.3,dim_score_700,False,UNEC,Kompüter mühəndisliyi,I qrup,dövlət sifarişli,True,https://sec.az/kecid-ballari,
AZ,komputer-muhendisliyi--unec--g1--v1,1,False,2024,636.8,dim_score_700,False,UNEC,Kompüter mühəndisliyi,I qrup,dövlət sifarişli,True,https://sec.az/kecid-ballari,
AZ,komputer-muhendisliyi--unec--g1--v1,1,False,2025,622.5,dim_score_700,False,UNEC,Kompüter mühəndisliyi,I qrup,dövlət sifarişli,True,https://sec.az/kecid-ballari,
AZ,komputer-muhendisliyi--unec--g1--v2,2,False,2023,507.6,dim_score_700,False,UNEC,Kompüter mühəndisliyi,I qrup,dövlət sifarişli,True,https://sec.az/kecid-ballari,
AZ,komputer-muhendisliyi--unec--g1--v2,2,False,2024,584.8,dim_score_700,False,UNEC,Kompüter mühəndisliyi,I qrup,dövlət sifarişli,True,https://sec.az/kecid-ballari,
AZ,komputer-muhendisliyi--unec--g1--v2,2,False,2025,569.4,dim_score_700,False,UNEC,Kompüter mühəndisliyi,I qrup,dövlət sifarişli,True,https://sec.az/kecid-ballari,
AZ,huquqsunasliq-tedris-ingilis-dilinde--maa--g3,,True,2025,618.5,dim_score_700,False,MAA,Hüquqşünaslıq (tədris ingilis dilində),III qrup,dövlət sifarişli,True,https://sec.az/kecid-ballari,
AZ,stomatologiya--atu--g4,,True,2023,553.8,dim_score_700,False,ATU,Stomatologiya,IV qrup,dövlət sifarişli,True,https://sec.az/kecid-ballari,
AZ,stomatologiya--atu--g4,,True,2024,589.4,dim_score_700,False,ATU,Stomatologiya,IV qrup,dövlət sifarişli,True,https://sec.az/kecid-ballari,
AZ,stomatologiya--atu--g4,,True,2025,615.5,dim_score_700,False,ATU,Stomatologiya,IV qrup,dövlət sifarişli,True,https://sec.az/kecid-ballari,
AZ,tibb--qarabag-uni--g4,,True,2025,614.6,dim_score_700,False,Qarabağ Uni,Tibb,IV qrup,dövlət sifarişli,True,https://sec.az/kecid-ballari,
AZ,huquqsunasliq--ndu--g3,,True,2023,593.5,dim_score_700,False,NDU,Hüquqşünaslıq,III qrup,dövlət sifarişli,True,https://sec.az/kecid-ballari,
AZ,huquqsunasliq--ndu--g3,,True,2025,612.3,dim_score_700,False,NDU,Hüquqşünaslıq,III qrup,dövlət sifarişli,True,https://sec.az/kecid-ballari,
AZ,huquqsunasliq--dgka--g3,,True,2023,592.7,dim_score_700,False,DGKA,Hüquqşünaslıq,III qrup,dövlət sifarişli,True,https://sec.az/kecid-ballari,
AZ,huquqsunasliq--dgka--g3,,True,2025,611.1,dim_score_700,False,DGKA,Hüquqşünaslıq,III qrup,dövlət sifarişli,True,https://sec.az/kecid-ballari,
AZ,huquqsunasliq--maa--g3,,True,2023,607.5,dim_score_700,False,MAA,Hüquqşünaslıq,III qrup,dövlət sifarişli,True,https://sec.az/kecid-ballari,
AZ,huquqsunasliq--maa--g3,,True,2025,611.1,dim_score_700,False,MAA,Hüquqşünaslıq,III qrup,dövlət sifarişli,True,https://sec.az/kecid-ballari,
AZ,biznesin-idare-edilmesi--banm--g2,,True,2024,653.4,dim_score_700,False,BANM,Biznesin idarə edilməsi,II qrup,dövlət sifarişli,True,https://sec.az/kecid-ballari,
AZ,biznesin-idare-edilmesi--banm--g2,,True,2025,609.8,dim_score_700,False,BANM,Biznesin idarə edilməsi,II qrup,dövlət sifarişli,True,https://sec.az/kecid-ballari,
AZ,dovlet-ve-ictimai-munasibetler--ndu--g3,,True,2023,578.8,dim_score_700,False,NDU,Dövlət və ictimai münasibətlər,III qrup,dövlət sifarişli,True,https://sec.az/kecid-ballari,
AZ,dovlet-ve-ictimai-munasibetler--ndu--g3,,True,2025,609.3,dim_score_700,False,NDU,Dövlət və ictimai münasibətlər,III qrup,dövlət sifarişli,True,https://sec.az/kecid-ballari,
AZ,dovlet-ve-ictimai-munasibetler--di-a--g3,,True,2023,576.2,dim_score_700,False,DİA,Dövlət və ictimai münasibətlər,III qrup,dövlət sifarişli,True,https://sec.az/kecid-ballari,
AZ,dovlet-ve-ictimai-munasibetler--di-a--g3,,True,2025,609.1,dim_score_700,False,DİA,Dövlət və ictimai münasibətlər,III qrup,dövlət sifarişli,True,https://sec.az/kecid-ballari,
AZ,dovlet-ve-ictimai-munasibetler--bdu--g3--v1,1,False,2023,572.5,dim_score_700,False,BDU,Dövlət və ictimai münasibətlər,III qrup,dövlət sifarişli,True,https://sec.az/kecid-ballari,
AZ,dovlet-ve-ictimai-munasibetler--bdu--g3--v1,1,False,2024,601.9,dim_score_700,False,BDU,Dövlət və ictimai münasibətlər,III qrup,dövlət sifarişli,True,https://sec.az/kecid-ballari,
AZ,dovlet-ve-ictimai-munasibetler--bdu--g3--v1,1,False,2025,609.0,dim_score_700,False,BDU,Dövlət və ictimai münasibətlər,III qrup,dövlət sifarişli,True,https://sec.az/kecid-ballari,
AZ,dovlet-ve-ictimai-munasibetler--bdu--g3--v2,2,False,2023,574.5,dim_score_700,False,BDU,Dövlət və ictimai münasibətlər,III qrup,dövlət sifarişli,True,https://sec.az/kecid-ballari,
AZ,dovlet-ve-ictimai-munasibetler--bdu--g3--v2,2,False,2024,602.1,dim_score_700,False,BDU,Dövlət və ictimai münasibətlər,III qrup,dövlət sifarişli,True,https://sec.az/kecid-ballari,
AZ,dovlet-ve-ictimai-munasibetler--bdu--g3--v2,2,False,2025,608.9,dim_score_700,False,BDU,Dövlət və ictimai münasibətlər,III qrup,dövlət sifarişli,True,https://sec.az/kecid-ballari,
AZ,psixologiya--oyu--g4,,True,2023,417.9,dim_score_700,False,OYU,Psixologiya,IV qrup,dövlət sifarişli,True,https://sec.az/kecid-ballari,
AZ,psixologiya--oyu--g4,,True,2024,463.4,dim_score_700,False,OYU,Psixologiya,IV qrup,dövlət sifarişli,True,https://sec.az/kecid-ballari,
AZ,psixologiya--oyu--g4,,True,2025,608.1,dim_score_700,False,OYU,Psixologiya,IV qrup,dövlət sifarişli,True,https://sec.az/kecid-ballari,
AZ,tibb-tedris-ingilis-dilinde--ndu--g4,,True,2023,561.8,dim_score_700,False,NDU,Tibb (tədris ingilis dilində),IV qrup,dövlət sifarişli,True,https://sec.az/kecid-ballari,
AZ,tibb-tedris-ingilis-dilinde--ndu--g4,,True,2024,579.6,dim_score_700,False,NDU,Tibb (tədris ingilis dilində),IV qrup,dövlət sifarişli,True,https://sec.az/kecid-ballari,
AZ,tibb-tedris-ingilis-dilinde--ndu--g4,,True,2025,607.3,dim_score_700,False,NDU,Tibb (tədris ingilis dilində),IV qrup,dövlət sifarişli,True,https://sec.az/kecid-ballari,
AZ,maliyye--unec--g2--v1,1,False,2023,618.4,dim_score_700,False,UNEC,Maliyyə,II qrup,dövlət sifarişli,True,https://sec.az/kecid-ballari,
AZ,maliyye--unec--g2--v1,1,False,2024,636.7,dim_score_700,False,UNEC,Maliyyə,II qrup,dövlət sifarişli,True,https://sec.az/kecid-ballari,
AZ,maliyye--unec--g2--v1,1,False,2025,605.6,dim_score_700,False,UNEC,Maliyyə,II qrup,dövlət sifarişli,True,https://sec.az/kecid-ballari,
AZ,maliyye--unec--g2--v2,2,False,2023,515.9,dim_score_700,False,UNEC,Maliyyə,II qrup,dövlət sifarişli,True,https://sec.az/kecid-ballari,
AZ,maliyye--unec--g2--v2,2,False,2024,532.9,dim_score_700,False,UNEC,Maliyyə,II qrup,dövlət sifarişli,True,https://sec.az/kecid-ballari,
AZ,maliyye--unec--g2--v2,2,False,2025,533.5,dim_score_700,False,UNEC,Maliyyə,II qrup,dövlət sifarişli,True,https://sec.az/kecid-ballari,
AZ,maliyye--unec--g2--v3,3,False,2023,501.0,dim_score_700,False,UNEC,Maliyyə,II qrup,dövlət sifarişli,True,https://sec.az/kecid-ballari,
AZ,maliyye--unec--g2--v3,3,False,2024,527.1,dim_score_700,False,UNEC,Maliyyə,II qrup,dövlət sifarişli,True,https://sec.az/kecid-ballari,
AZ,maliyye--unec--g2--v3,3,False,2025,527.6,dim_score_700,False,UNEC,Maliyyə,II qrup,dövlət sifarişli,True,https://sec.az/kecid-ballari,
AZ,maliyye--unec--g2--v4,4,False,2023,451.9,dim_score_700,False,UNEC,Maliyyə,II qrup,dövlət sifarişli,True,https://sec.az/kecid-ballari,
AZ,maliyye--unec--g2--v4,4,False,2024,478.4,dim_score_700,False,UNEC,Maliyyə,II qrup,dövlət sifarişli,True,https://sec.az/kecid-ballari,
AZ,maliyye--unec--g2--v4,4,False,2025,494.3,dim_score_700,False,UNEC,Maliyyə,II qrup,dövlət sifarişli,True,https://sec.az/kecid-ballari,
AZ,tibb--ndu--g4,,True,2023,544.2,dim_score_700,False,NDU,Tibb,IV qrup,dövlət sifarişli,True,https://sec.az/kecid-ballari,
AZ,tibb--ndu--g4,,True,2024,577.4,dim_score_700,False,NDU,Tibb,IV qrup,dövlət sifarişli,True,https://sec.az/kecid-ballari,
AZ,tibb--ndu--g4,,True,2025,604.1,dim_score_700,False,NDU,Tibb,IV qrup,dövlət sifarişli,True,https://sec.az/kecid-ballari,
AZ,fizioterapiya--atu--g4,,True,2023,543.0,dim_score_700,False,ATU,Fizioterapiya,IV qrup,dövlət sifarişli,True,https://sec.az/kecid-ballari,
AZ,fizioterapiya--atu--g4,,True,2024,582.2,dim_score_700,False,ATU,Fizioterapiya,IV qrup,dövlət sifarişli,True,https://sec.az/kecid-ballari,
AZ,fizioterapiya--atu--g4,,True,2025,603.4,dim_score_700,False,ATU,Fizioterapiya,IV qrup,dövlət sifarişli,True,https://sec.az/kecid-ballari,
AZ,stomatologiya--ndu--g4,,True,2023,538.3,dim_score_700,False,NDU,Stomatologiya,IV qrup,dövlət sifarişli,True,https://sec.az/kecid-ballari,
AZ,stomatologiya--ndu--g4,,True,2024,569.0,dim_score_700,False,NDU,Stomatologiya,IV qrup,dövlət sifarişli,True,https://sec.az/kecid-ballari,
AZ,stomatologiya--ndu--g4,,True,2025,600.9,dim_score_700,False,NDU,Stomatologiya,IV qrup,dövlət sifarişli,True,https://sec.az/kecid-ballari,
AZ,riyaziyyat-muellimliyi--bdu--g1--v1,1,False,2023,579.3,dim_score_700,False,BDU,Riyaziyyat müəllimliyi,I qrup,dövlət sifarişli,True,https://sec.az/kecid-ballari,
AZ,riyaziyyat-muellimliyi--bdu--g1--v1,1,False,2024,629.7,dim_score_700,False,BDU,Riyaziyyat müəllimliyi,I qrup,dövlət sifarişli,True,https://sec.az/kecid-ballari,
AZ,riyaziyyat-muellimliyi--bdu--g1--v1,1,False,2025,597.5,dim_score_700,False,BDU,Riyaziyyat müəllimliyi,I qrup,dövlət sifarişli,True,https://sec.az/kecid-ballari,
AZ,riyaziyyat-muellimliyi--bdu--g1--v2,2,False,2024,535.5,dim_score_700,False,BDU,Riyaziyyat müəllimliyi,I qrup,dövlət sifarişli,True,https://sec.az/kecid-ballari,
AZ,riyaziyyat-muellimliyi--bdu--g1--v2,2,False,2025,535.5,dim_score_700,False,BDU,Riyaziyyat müəllimliyi,I qrup,dövlət sifarişli,True,https://sec.az/kecid-ballari,
AZ,riyaziyyat-muellimliyi--bdu--g1--v3,3,False,2023,492.2,dim_score_700,False,BDU,Riyaziyyat müəllimliyi,I qrup,dövlət sifarişli,True,https://sec.az/kecid-ballari,
AZ,riyaziyyat-muellimliyi--bdu--g1--v3,3,False,2024,544.7,dim_score_700,False,BDU,Riyaziyyat müəllimliyi,I qrup,dövlət sifarişli,True,https://sec.az/kecid-ballari,
AZ,riyaziyyat-muellimliyi--bdu--g1--v3,3,False,2025,522.2,dim_score_700,False,BDU,Riyaziyyat müəllimliyi,I qrup,dövlət sifarişli,True,https://sec.az/kecid-ballari,
AZ,i-qtisadiyyat--unec--g2--v1,1,False,2023,604.3,dim_score_700,False,UNEC,İqtisadiyyat,II qrup,dövlət sifarişli,True,https://sec.az/kecid-ballari,
AZ,i-qtisadiyyat--unec--g2--v1,1,False,2024,624.3,dim_score_700,False,UNEC,İqtisadiyyat,II qrup,dövlət sifarişli,True,https://sec.az/kecid-ballari,
AZ,i-qtisadiyyat--unec--g2--v1,1,False,2025,593.8,dim_score_700,False,UNEC,İqtisadiyyat,II qrup,dövlət sifarişli,True,https://sec.az/kecid-ballari,
AZ,i-qtisadiyyat--unec--g2--v2,2,False,2023,397.7,dim_score_700,False,UNEC,İqtisadiyyat,II qrup,dövlət sifarişli,True,https://sec.az/kecid-ballari,
AZ,i-qtisadiyyat--unec--g2--v2,2,False,2024,440.5,dim_score_700,False,UNEC,İqtisadiyyat,II qrup,dövlət sifarişli,True,https://sec.az/kecid-ballari,
AZ,i-qtisadiyyat--unec--g2--v2,2,False,2025,467.3,dim_score_700,False,UNEC,İqtisadiyyat,II qrup,dövlət sifarişli,True,https://sec.az/kecid-ballari,
AZ,i-qtisadiyyat--unec--g2--v3,3,False,2023,384.9,dim_score_700,False,UNEC,İqtisadiyyat,II qrup,dövlət sifarişli,True,https://sec.az/kecid-ballari,
AZ,i-qtisadiyyat--unec--g2--v3,3,False,2024,413.0,dim_score_700,False,UNEC,İqtisadiyyat,II qrup,dövlət sifarişli,True,https://sec.az/kecid-ballari,
AZ,i-qtisadiyyat--unec--g2--v3,3,False,2025,442.1,dim_score_700,False,UNEC,İqtisadiyyat,II qrup,dövlət sifarişli,True,https://sec.az/kecid-ballari,
AZ,i-qtisadiyyat--unec--g2--v4,4,False,2023,395.3,dim_score_700,False,UNEC,İqtisadiyyat,II qrup,dövlət sifarişli,True,https://sec.az/kecid-ballari,
AZ,i-qtisadiyyat--unec--g2--v4,4,False,2025,395.3,dim_score_700,False,UNEC,İqtisadiyyat,II qrup,dövlət sifarişli,True,https://sec.az/kecid-ballari,
AZ,i-ctimai-sehiyye--atu--g4,,True,2023,528.3,dim_score_700,False,ATU,İctimai səhiyyə,IV qrup,dövlət sifarişli,True,https://sec.az/kecid-ballari,
AZ,i-ctimai-sehiyye--atu--g4,,True,2024,563.2,dim_score_700,False,ATU,İctimai səhiyyə,IV qrup,dövlət sifarişli,True,https://sec.az/kecid-ballari,
AZ,i-ctimai-sehiyye--atu--g4,,True,2025,593.0,dim_score_700,False,ATU,İctimai səhiyyə,IV qrup,dövlət sifarişli,True,https://sec.az/kecid-ballari,
AZ,huquqsunasliq--qarabag-uni--g3,,True,2025,590.8,dim_score_700,False,Qarabağ Uni,Hüquqşünaslıq,III qrup,dövlət sifarişli,True,https://sec.az/kecid-ballari,
AZ,neft-qaz-muhendisliyi--adnsu--g1--v1,1,False,2023,578.2,dim_score_700,False,ADNSU,Neft-qaz mühəndisliyi,I qrup,dövlət sifarişli,True,https://sec.az/kecid-ballari,
AZ,neft-qaz-muhendisliyi--adnsu--g1--v1,1,False,2024,618.1,dim_score_700,False,ADNSU,Neft-qaz mühəndisliyi,I qrup,dövlət sifarişli,True,https://sec.az/kecid-ballari,
AZ,neft-qaz-muhendisliyi--adnsu--g1--v1,1,False,2025,587.8,dim_score_700,False,ADNSU,Neft-qaz mühəndisliyi,I qrup,dövlət sifarişli,True,https://sec.az/kecid-ballari,
AZ,neft-qaz-muhendisliyi--adnsu--g1--v2,2,False,2023,432.6,dim_score_700,False,ADNSU,Neft-qaz mühəndisliyi,I qrup,dövlət sifarişli,True,https://sec.az/kecid-ballari,
AZ,neft-qaz-muhendisliyi--adnsu--g1--v2,2,False,2024,477.3,dim_score_700,False,ADNSU,Neft-qaz mühəndisliyi,I qrup,dövlət sifarişli,True,https://sec.az/kecid-ballari,
AZ,neft-qaz-muhendisliyi--adnsu--g1--v2,2,False,2025,435.8,dim_score_700,False,ADNSU,Neft-qaz mühəndisliyi,I qrup,dövlət sifarişli,True,https://sec.az/kecid-ballari,
AZ,i-nformasiya-tehlukesizliyi--adnsu--g1--v1,1,False,2023,567.6,dim_score_700,False,ADNSU,İnformasiya təhlükəsizliyi,I qrup,dövlət sifarişli,True,https://sec.az/kecid-ballari,
AZ,i-nformasiya-tehlukesizliyi--adnsu--g1--v1,1,False,2024,606.5,dim_score_700,False,ADNSU,İnformasiya təhlükəsizliyi,I qrup,dövlət sifarişli,True,https://sec.az/kecid-ballari,
AZ,i-nformasiya-tehlukesizliyi--adnsu--g1--v1,1,False,2025,587.5,dim_score_700,False,ADNSU,İnformasiya təhlükəsizliyi,I qrup,dövlət sifarişli,True,https://sec.az/kecid-ballari,
AZ,i-nformasiya-tehlukesizliyi--adnsu--g1--v2,2,False,2023,493.4,dim_score_700,False,ADNSU,İnformasiya təhlükəsizliyi,I qrup,dövlət sifarişli,True,https://sec.az/kecid-ballari,
AZ,i-nformasiya-tehlukesizliyi--adnsu--g1--v2,2,False,2024,539.7,dim_score_700,False,ADNSU,İnformasiya təhlükəsizliyi,I qrup,dövlət sifarişli,True,https://sec.az/kecid-ballari,
AZ,i-nformasiya-tehlukesizliyi--adnsu--g1--v2,2,False,2025,523.1,dim_score_700,False,ADNSU,İnformasiya təhlükəsizliyi,I qrup,dövlət sifarişli,True,https://sec.az/kecid-ballari,
AZ,biotexnologiya--bdu--g4--v1,1,False,2024,532.7,dim_score_700,False,BDU,Biotexnologiya,IV qrup,dövlət sifarişli,True,https://sec.az/kecid-ballari,
AZ,biotexnologiya--bdu--g4--v1,1,False,2025,586.8,dim_score_700,False,BDU,Biotexnologiya,IV qrup,dövlət sifarişli,True,https://sec.az/kecid-ballari,
AZ,biotexnologiya--bdu--g4--v2,2,False,2023,481.8,dim_score_700,False,BDU,Biotexnologiya,IV qrup,dövlət sifarişli,True,https://sec.az/kecid-ballari,
AZ,biotexnologiya--bdu--g4--v2,2,False,2024,504.9,dim_score_700,False,BDU,Biotexnologiya,IV qrup,dövlət sifarişli,True,https://sec.az/kecid-ballari,
AZ,biotexnologiya--bdu--g4--v2,2,False,2025,562.3,dim_score_700,False,BDU,Biotexnologiya,IV qrup,dövlət sifarişli,True,https://sec.az/kecid-ballari,
AZ,komputer-elmleri--unec--g1,,True,2023,524.6,dim_score_700,False,UNEC,Kompüter elmləri,I qrup,dövlət sifarişli,True,https://sec.az/kecid-ballari,
AZ,komputer-elmleri--unec--g1,,True,2024,587.4,dim_score_700,False,UNEC,Kompüter elmləri,I qrup,dövlət sifarişli,True,https://sec.az/kecid-ballari,
AZ,komputer-elmleri--unec--g1,,True,2025,583.1,dim_score_700,False,UNEC,Kompüter elmləri,I qrup,dövlət sifarişli,True,https://sec.az/kecid-ballari,
AZ,i-ctimai-sehiyye--ndu--g4,,True,2023,508.4,dim_score_700,False,NDU,İctimai səhiyyə,IV qrup,dövlət sifarişli,True,https://sec.az/kecid-ballari,
AZ,i-ctimai-sehiyye--ndu--g4,,True,2024,545.4,dim_score_700,False,NDU,İctimai səhiyyə,IV qrup,dövlət sifarişli,True,https://sec.az/kecid-ballari,
AZ,i-ctimai-sehiyye--ndu--g4,,True,2025,582.0,dim_score_700,False,NDU,İctimai səhiyyə,IV qrup,dövlət sifarişli,True,https://sec.az/kecid-ballari,
AZ,biznesin-idare-edilmesi--unec--g2--v1,1,False,2023,581.1,dim_score_700,False,UNEC,Biznesin idarə edilməsi,II qrup,dövlət sifarişli,True,https://sec.az/kecid-ballari,
AZ,biznesin-idare-edilmesi--unec--g2--v1,1,False,2024,610.2,dim_score_700,False,UNEC,Biznesin idarə edilməsi,II qrup,dövlət sifarişli,True,https://sec.az/kecid-ballari,
AZ,biznesin-idare-edilmesi--unec--g2--v1,1,False,2025,581.5,dim_score_700,False,UNEC,Biznesin idarə edilməsi,II qrup,dövlət sifarişli,True,https://sec.az/kecid-ballari,
AZ,biznesin-idare-edilmesi--unec--g2--v2,2,False,2023,447.2,dim_score_700,False,UNEC,Biznesin idarə edilməsi,II qrup,dövlət sifarişli,True,https://sec.az/kecid-ballari,
AZ,biznesin-idare-edilmesi--unec--g2--v2,2,False,2024,475.0,dim_score_700,False,UNEC,Biznesin idarə edilməsi,II qrup,dövlət sifarişli,True,https://sec.az/kecid-ballari,
AZ,biznesin-idare-edilmesi--unec--g2--v2,2,False,2025,577.5,dim_score_700,False,UNEC,Biznesin idarə edilməsi,II qrup,dövlət sifarişli,True,https://sec.az/kecid-ballari,
AZ,biznesin-idare-edilmesi--unec--g2--v3,3,False,2023,446.7,dim_score_700,False,UNEC,Biznesin idarə edilməsi,II qrup,dövlət sifarişli,True,https://sec.az/kecid-ballari,
AZ,biznesin-idare-edilmesi--unec--g2--v3,3,False,2024,473.4,dim_score_700,False,UNEC,Biznesin idarə edilməsi,II qrup,dövlət sifarişli,True,https://sec.az/kecid-ballari,
AZ,biznesin-idare-edilmesi--unec--g2--v3,3,False,2025,501.4,dim_score_700,False,UNEC,Biznesin idarə edilməsi,II qrup,dövlət sifarişli,True,https://sec.az/kecid-ballari,
AZ,psixologiya--bdu--g4--v1,1,False,2023,511.1,dim_score_700,False,BDU,Psixologiya,IV qrup,dövlət sifarişli,True,https://sec.az/kecid-ballari,
AZ,psixologiya--bdu--g4--v1,1,False,2024,551.9,dim_score_700,False,BDU,Psixologiya,IV qrup,dövlət sifarişli,True,https://sec.az/kecid-ballari,
AZ,psixologiya--bdu--g4--v1,1,False,2025,581.5,dim_score_700,False,BDU,Psixologiya,IV qrup,dövlət sifarişli,True,https://sec.az/kecid-ballari,
AZ,psixologiya--bdu--g4--v2,2,False,2023,466.0,dim_score_700,False,BDU,Psixologiya,IV qrup,dövlət sifarişli,True,https://sec.az/kecid-ballari,
AZ,psixologiya--bdu--g4--v2,2,False,2024,497.9,dim_score_700,False,BDU,Psixologiya,IV qrup,dövlət sifarişli,True,https://sec.az/kecid-ballari,
AZ,psixologiya--bdu--g4--v2,2,False,2025,540.7,dim_score_700,False,BDU,Psixologiya,IV qrup,dövlət sifarişli,True,https://sec.az/kecid-ballari,
AZ,psixologiya--bdu--g4--v3,3,False,2023,408.9,dim_score_700,False,BDU,Psixologiya,IV qrup,dövlət sifarişli,True,https://sec.az/kecid-ballari,
AZ,psixologiya--bdu--g4--v3,3,False,2024,469.4,dim_score_700,False,BDU,Psixologiya,IV qrup,dövlət sifarişli,True,https://sec.az/kecid-ballari,
AZ,psixologiya--bdu--g4--v3,3,False,2025,533.9,dim_score_700,False,BDU,Psixologiya,IV qrup,dövlət sifarişli,True,https://sec.az/kecid-ballari,
AZ,xarici-dil-muellimliyi-alman-dili-uzre--adu--g3,,True,2023,511.9,dim_score_700,False,ADU,Xarici dil müəllimliyi (alman dili üzrə),III qrup,dövlət sifarişli,True,https://sec.az/kecid-ballari,
AZ,xarici-dil-muellimliyi-alman-dili-uzre--adu--g3,,True,2025,580.9,dim_score_700,False,ADU,Xarici dil müəllimliyi (alman dili üzrə),III qrup,dövlət sifarişli,True,https://sec.az/kecid-ballari,
AZ,eczaciliq--atu--g4,,True,2023,503.1,dim_score_700,False,ATU,Əczaçılıq,IV qrup,dövlət sifarişli,True,https://sec.az/kecid-ballari,
AZ,eczaciliq--atu--g4,,True,2024,540.5,dim_score_700,False,ATU,Əczaçılıq,IV qrup,dövlət sifarişli,True,https://sec.az/kecid-ballari,
AZ,eczaciliq--atu--g4,,True,2025,580.6,dim_score_700,False,ATU,Əczaçılıq,IV qrup,dövlət sifarişli,True,https://sec.az/kecid-ballari,
AZ,politologiya--di-a--g3,,True,2023,525.3,dim_score_700,False,DİA,Politologiya,III qrup,dövlət sifarişli,True,https://sec.az/kecid-ballari,
AZ,politologiya--di-a--g3,,True,2025,580.2,dim_score_700,False,DİA,Politologiya,III qrup,dövlət sifarişli,True,https://sec.az/kecid-ballari,
AZ,filologiya-azerbaycan-dili-ve-edebiyyati-uzre--bdu--g3--v1,1,False,2024,591.2,dim_score_700,False,BDU,Filologiya (Azərbaycan dili və ədəbiyyatı üzrə),III qrup,dövlət sifarişli,True,https://sec.az/kecid-ballari,
AZ,filologiya-azerbaycan-dili-ve-edebiyyati-uzre--bdu--g3--v1,1,False,2025,579.4,dim_score_700,False,BDU,Filologiya (Azərbaycan dili və ədəbiyyatı üzrə),III qrup,dövlət sifarişli,True,https://sec.az/kecid-ballari,
AZ,filologiya-azerbaycan-dili-ve-edebiyyati-uzre--bdu--g3--v2,2,False,2023,455.2,dim_score_700,False,BDU,Filologiya (Azərbaycan dili və ədəbiyyatı üzrə),III qrup,dövlət sifarişli,True,https://sec.az/kecid-ballari,
AZ,filologiya-azerbaycan-dili-ve-edebiyyati-uzre--bdu--g3--v2,2,False,2024,487.1,dim_score_700,False,BDU,Filologiya (Azərbaycan dili və ədəbiyyatı üzrə),III qrup,dövlət sifarişli,True,https://sec.az/kecid-ballari,
AZ,filologiya-azerbaycan-dili-ve-edebiyyati-uzre--bdu--g3--v2,2,False,2025,498.2,dim_score_700,False,BDU,Filologiya (Azərbaycan dili və ədəbiyyatı üzrə),III qrup,dövlət sifarişli,True,https://sec.az/kecid-ballari,
AZ,xarici-dil-muellimliyi-ingilis-dili-uzre-quba-filiali--adpu--g3,,True,2025,578.5,dim_score_700,False,ADPU,"Xarici dil müəllimliyi (ingilis dili üzrə, Quba filialı)",III qrup,dövlət sifarişli,True,https://sec.az/kecid-ballari,
AZ,xarici-dil-muellimliyi-ingilis-dili-uzre-tedris-ingilis-dilinde--khazar--g3,,True,2023,496.9,dim_score_700,False,Khazar,"Xarici dil müəllimliyi (ingilis dili üzrə, tədris ingilis dilində)",III qrup,dövlət sifarişli,True,https://sec.az/kecid-ballari,
AZ,xarici-dil-muellimliyi-ingilis-dili-uzre-tedris-ingilis-dilinde--khazar--g3,,True,2025,578.0,dim_score_700,False,Khazar,"Xarici dil müəllimliyi (ingilis dili üzrə, tədris ingilis dilində)",III qrup,dövlət sifarişli,True,https://sec.az/kecid-ballari,
AZ,azerbaycan-dili-ve-edebiyyati-muellimliyi--bdu--g3,,True,2023,510.6,dim_score_700,False,BDU,Azərbaycan dili və ədəbiyyatı müəllimliyi,III qrup,dövlət sifarişli,True,https://sec.az/kecid-ballari,
AZ,azerbaycan-dili-ve-edebiyyati-muellimliyi--bdu--g3,,True,2024,539.1,dim_score_700,False,BDU,Azərbaycan dili və ədəbiyyatı müəllimliyi,III qrup,dövlət sifarişli,True,https://sec.az/kecid-ballari,
AZ,azerbaycan-dili-ve-edebiyyati-muellimliyi--bdu--g3,,True,2025,572.5,dim_score_700,False,BDU,Azərbaycan dili və ədəbiyyatı müəllimliyi,III qrup,dövlət sifarişli,True,https://sec.az/kecid-ballari,
AZ,komputer-muhendisliyi--tau--g1,,True,2024,641.6,dim_score_700,False,TAU,Kompüter mühəndisliyi,I qrup,dövlət sifarişli,True,https://sec.az/kecid-ballari,
AZ,komputer-muhendisliyi--tau--g1,,True,2025,570.6,dim_score_700,False,TAU,Kompüter mühəndisliyi,I qrup,dövlət sifarişli,True,https://sec.az/kecid-ballari,
AZ,komputer-elmleri--adnsu--g1--v1,1,False,2023,347.8,dim_score_700,False,ADNSU,Kompüter elmləri,I qrup,dövlət sifarişli,True,https://sec.az/kecid-ballari,
AZ,komputer-elmleri--adnsu--g1--v1,1,False,2024,561.2,dim_score_700,False,ADNSU,Kompüter elmləri,I qrup,dövlət sifarişli,True,https://sec.az/kecid-ballari,
AZ,komputer-elmleri--adnsu--g1--v1,1,False,2025,567.1,dim_score_700,False,ADNSU,Kompüter elmləri,I qrup,dövlət sifarişli,True,https://sec.az/kecid-ballari,
AZ,komputer-elmleri--adnsu--g1--v2,2,False,2023,391.5,dim_score_700,False,ADNSU,Kompüter elmləri,I qrup,dövlət sifarişli,True,https://sec.az/kecid-ballari,
AZ,komputer-elmleri--adnsu--g1--v2,2,False,2024,452.8,dim_score_700,False,ADNSU,Kompüter elmləri,I qrup,dövlət sifarişli,True,https://sec.az/kecid-ballari,
AZ,komputer-elmleri--adnsu--g1--v2,2,False,2025,476.8,dim_score_700,False,ADNSU,Kompüter elmləri,I qrup,dövlət sifarişli,True,https://sec.az/kecid-ballari,
AZ,eczaciliq--ndu--g4,,True,2023,477.5,dim_score_700,False,NDU,Əczaçılıq,IV qrup,dövlət sifarişli,True,https://sec.az/kecid-ballari,
AZ,eczaciliq--ndu--g4,,True,2024,507.3,dim_score_700,False,NDU,Əczaçılıq,IV qrup,dövlət sifarişli,True,https://sec.az/kecid-ballari,
AZ,eczaciliq--ndu--g4,,True,2025,566.7,dim_score_700,False,NDU,Əczaçılıq,IV qrup,dövlət sifarişli,True,https://sec.az/kecid-ballari,
AZ,i-nformasiya-tehlukesizliyi--bmu--g1--v1,1,False,2024,595.8,dim_score_700,False,BMU,İnformasiya təhlükəsizliyi,I qrup,dövlət sifarişli,True,https://sec.az/kecid-ballari,
AZ,i-nformasiya-tehlukesizliyi--bmu--g1--v1,1,False,2025,564.7,dim_score_700,False,BMU,İnformasiya təhlükəsizliyi,I qrup,dövlət sifarişli,True,https://sec.az/kecid-ballari,
AZ,i-nformasiya-tehlukesizliyi--bmu--g1--v2,2,False,2023,480.1,dim_score_700,False,BMU,İnformasiya təhlükəsizliyi,I qrup,dövlət sifarişli,True,https://sec.az/kecid-ballari,
AZ,i-nformasiya-tehlukesizliyi--bmu--g1--v2,2,False,2024,497.9,dim_score_700,False,BMU,İnformasiya təhlükəsizliyi,I qrup,dövlət sifarişli,True,https://sec.az/kecid-ballari,
AZ,i-nformasiya-tehlukesizliyi--bmu--g1--v2,2,False,2025,488.1,dim_score_700,False,BMU,İnformasiya təhlükəsizliyi,I qrup,dövlət sifarişli,True,https://sec.az/kecid-ballari,
AZ,data-analitikasi--adnsu--g1,,True,2025,562.8,dim_score_700,False,ADNSU,Data analitikası,I qrup,dövlət sifarişli,True,https://sec.az/kecid-ballari,
AZ,i-nformasiya-texnologiyalari--adnsu--g1--v1,1,False,2023,534.7,dim_score_700,False,ADNSU,İnformasiya texnologiyaları,I qrup,dövlət sifarişli,True,https://sec.az/kecid-ballari,
AZ,i-nformasiya-texnologiyalari--adnsu--g1--v1,1,False,2024,588.6,dim_score_700,False,ADNSU,İnformasiya texnologiyaları,I qrup,dövlət sifarişli,True,https://sec.az/kecid-ballari,
AZ,i-nformasiya-texnologiyalari--adnsu--g1--v1,1,False,2025,562.1,dim_score_700,False,ADNSU,İnformasiya texnologiyaları,I qrup,dövlət sifarişli,True,https://sec.az/kecid-ballari,
AZ,i-nformasiya-texnologiyalari--adnsu--g1--v2,2,False,2023,472.9,dim_score_700,False,ADNSU,İnformasiya texnologiyaları,I qrup,dövlət sifarişli,True,https://sec.az/kecid-ballari,
AZ,i-nformasiya-texnologiyalari--adnsu--g1--v2,2,False,2024,513.0,dim_score_700,False,ADNSU,İnformasiya texnologiyaları,I qrup,dövlət sifarişli,True,https://sec.az/kecid-ballari,
AZ,i-nformasiya-texnologiyalari--adnsu--g1--v2,2,False,2025,501.9,dim_score_700,False,ADNSU,İnformasiya texnologiyaları,I qrup,dövlət sifarişli,True,https://sec.az/kecid-ballari,
AZ,tarix--bdu--g3--v1,1,False,2023,506.6,dim_score_700,False,BDU,Tarix,III qrup,dövlət sifarişli,True,https://sec.az/kecid-ballari,
AZ,tarix--bdu--g3--v1,1,False,2024,539.6,dim_score_700,False,BDU,Tarix,III qrup,dövlət sifarişli,True,https://sec.az/kecid-ballari,
AZ,tarix--bdu--g3--v1,1,False,2025,562.1,dim_score_700,False,BDU,Tarix,III qrup,dövlət sifarişli,True,https://sec.az/kecid-ballari,
AZ,tarix--bdu--g3--v2,2,False,2023,449.3,dim_score_700,False,BDU,Tarix,III qrup,dövlət sifarişli,True,https://sec.az/kecid-ballari,
AZ,tarix--bdu--g3--v2,2,False,2025,530.4,dim_score_700,False,BDU,Tarix,III qrup,dövlət sifarişli,True,https://sec.az/kecid-ballari,
AZ,tarix--bdu--g3--v3,3,False,2023,448.3,dim_score_700,False,BDU,Tarix,III qrup,dövlət sifarişli,True,https://sec.az/kecid-ballari,
AZ,tarix--bdu--g3--v3,3,False,2024,500.6,dim_score_700,False,BDU,Tarix,III qrup,dövlət sifarişli,True,https://sec.az/kecid-ballari,
AZ,tarix--bdu--g3--v3,3,False,2025,520.9,dim_score_700,False,BDU,Tarix,III qrup,dövlət sifarişli,True,https://sec.az/kecid-ballari,
AZ,xarici-dil-muellimliyi-ingilis-dili-uzre--sdu--g3,,True,2025,561.9,dim_score_700,False,SDU,Xarici dil müəllimliyi (ingilis dili üzrə),III qrup,dövlət sifarişli,True,https://sec.az/kecid-ballari,
AZ,beynelxalq-ticaret-ve-logistika--unec--g2--v1,1,False,2023,569.2,dim_score_700,False,UNEC,Beynəlxalq ticarət və logistika,II qrup,dövlət sifarişli,True,https://sec.az/kecid-ballari,
AZ,beynelxalq-ticaret-ve-logistika--unec--g2--v1,1,False,2024,573.8,dim_score_700,False,UNEC,Beynəlxalq ticarət və logistika,II qrup,dövlət sifarişli,True,https://sec.az/kecid-ballari,
AZ,beynelxalq-ticaret-ve-logistika--unec--g2--v1,1,False,2025,560.8,dim_score_700,False,UNEC,Beynəlxalq ticarət və logistika,II qrup,dövlət sifarişli,True,https://sec.az/kecid-ballari,
AZ,beynelxalq-ticaret-ve-logistika--unec--g2--v2,2,False,2023,376.0,dim_score_700,False,UNEC,Beynəlxalq ticarət və logistika,II qrup,dövlət sifarişli,True,https://sec.az/kecid-ballari,
AZ,beynelxalq-ticaret-ve-logistika--unec--g2--v2,2,False,2024,405.5,dim_score_700,False,UNEC,Beynəlxalq ticarət və logistika,II qrup,dövlət sifarişli,True,https://sec.az/kecid-ballari,
AZ,beynelxalq-ticaret-ve-logistika--unec--g2--v2,2,False,2025,425.8,dim_score_700,False,UNEC,Beynəlxalq ticarət və logistika,II qrup,dövlət sifarişli,True,https://sec.az/kecid-ballari,
AZ,beynelxalq-ticaret-ve-logistika--unec--g2--v3,3,False,2023,361.4,dim_score_700,False,UNEC,Beynəlxalq ticarət və logistika,II qrup,dövlət sifarişli,True,https://sec.az/kecid-ballari,
AZ,beynelxalq-ticaret-ve-logistika--unec--g2--v3,3,False,2024,395.8,dim_score_700,False,UNEC,Beynəlxalq ticarət və logistika,II qrup,dövlət sifarişli,True,https://sec.az/kecid-ballari,
AZ,beynelxalq-ticaret-ve-logistika--unec--g2--v3,3,False,2025,418.1,dim_score_700,False,UNEC,Beynəlxalq ticarət və logistika,II qrup,dövlət sifarişli,True,https://sec.az/kecid-ballari,
AZ,beynelxalq-ticaret-ve-logistika--unec--g2--v4,4,False,2023,365.0,dim_score_700,False,UNEC,Beynəlxalq ticarət və logistika,II qrup,dövlət sifarişli,True,https://sec.az/kecid-ballari,
AZ,beynelxalq-ticaret-ve-logistika--unec--g2--v4,4,False,2025,365.0,dim_score_700,False,UNEC,Beynəlxalq ticarət və logistika,II qrup,dövlət sifarişli,True,https://sec.az/kecid-ballari,
AZ,i-nformasiya-tehlukesizliyi--aztu--g1--v1,1,False,2024,561.9,dim_score_700,False,AzTU,İnformasiya təhlükəsizliyi,I qrup,dövlət sifarişli,True,https://sec.az/kecid-ballari,
AZ,i-nformasiya-tehlukesizliyi--aztu--g1--v1,1,False,2025,560.4,dim_score_700,False,AzTU,İnformasiya təhlükəsizliyi,I qrup,dövlət sifarişli,True,https://sec.az/kecid-ballari,
AZ,i-nformasiya-tehlukesizliyi--aztu--g1--v2,2,False,2024,442.4,dim_score_700,False,AzTU,İnformasiya təhlükəsizliyi,I qrup,dövlət sifarişli,True,https://sec.az/kecid-ballari,
AZ,i-nformasiya-tehlukesizliyi--aztu--g1--v2,2,False,2025,515.4,dim_score_700,False,AzTU,İnformasiya təhlükəsizliyi,I qrup,dövlət sifarişli,True,https://sec.az/kecid-ballari,
AZ,i-nformasiya-tehlukesizliyi--aztu--g1--v3,3,False,2023,420.2,dim_score_700,False,AzTU,İnformasiya təhlükəsizliyi,I qrup,dövlət sifarişli,True,https://sec.az/kecid-ballari,
AZ,i-nformasiya-tehlukesizliyi--aztu--g1--v3,3,False,2024,477.9,dim_score_700,False,AzTU,İnformasiya təhlükəsizliyi,I qrup,dövlət sifarişli,True,https://sec.az/kecid-ballari,
AZ,i-nformasiya-tehlukesizliyi--aztu--g1--v3,3,False,2025,475.2,dim_score_700,False,AzTU,İnformasiya təhlükəsizliyi,I qrup,dövlət sifarişli,True,https://sec.az/kecid-ballari,
AZ,xarici-dil-muellimliyi-ingilis-dili-uzre--ldu--g3,,True,2023,509.0,dim_score_700,False,LDU,Xarici dil müəllimliyi (ingilis dili üzrə),III qrup,dövlət sifarişli,True,https://sec.az/kecid-ballari,
AZ,xarici-dil-muellimliyi-ingilis-dili-uzre--ldu--g3,,True,2025,559.6,dim_score_700,False,LDU,Xarici dil müəllimliyi (ingilis dili üzrə),III qrup,dövlət sifarişli,True,https://sec.az/kecid-ballari,
AZ,azerbaycan-dili-ve-edebiyyati-muellimliyi-agcabedi-filiali--adpu--g3,,True,2025,559.4,dim_score_700,False,ADPU,Azərbaycan dili və ədəbiyyatı müəllimliyi (Ağcabədi filialı),III qrup,dövlət sifarişli,True,https://sec.az/kecid-ballari,
AZ,komputer-elmleri--di-a--g1,,True,2023,552.1,dim_score_700,False,DİA,Kompüter elmləri,I qrup,dövlət sifarişli,True,https://sec.az/kecid-ballari,
AZ,komputer-elmleri--di-a--g1,,True,2024,590.0,dim_score_700,False,DİA,Kompüter elmləri,I qrup,dövlət sifarişli,True,https://sec.az/kecid-ballari,
AZ,komputer-elmleri--di-a--g1,,True,2025,558.9,dim_score_700,False,DİA,Kompüter elmləri,I qrup,dövlət sifarişli,True,https://sec.az/kecid-ballari,
AZ,muhasibat--unec--g2--v1,1,False,2023,583.5,dim_score_700,False,UNEC,Mühasibat,II qrup,dövlət sifarişli,True,https://sec.az/kecid-ballari,
AZ,muhasibat--unec--g2--v1,1,False,2024,597.0,dim_score_700,False,UNEC,Mühasibat,II qrup,dövlət sifarişli,True,https://sec.az/kecid-ballari,
AZ,muhasibat--unec--g2--v1,1,False,2025,558.4,dim_score_700,False,UNEC,Mühasibat,II qrup,dövlət sifarişli,True,https://sec.az/kecid-ballari,
AZ,muhasibat--unec--g2--v2,2,False,2023,402.2,dim_score_700,False,UNEC,Mühasibat,II qrup,dövlət sifarişli,True,https://sec.az/kecid-ballari,
AZ,muhasibat--unec--g2--v2,2,False,2024,421.2,dim_score_700,False,UNEC,Mühasibat,II qrup,dövlət sifarişli,True,https://sec.az/kecid-ballari,
AZ,muhasibat--unec--g2--v2,2,False,2025,429.5,dim_score_700,False,UNEC,Mühasibat,II qrup,dövlət sifarişli,True,https://sec.az/kecid-ballari,
AZ,muhasibat--unec--g2--v3,3,False,2023,290.7,dim_score_700,False,UNEC,Mühasibat,II qrup,dövlət sifarişli,True,https://sec.az/kecid-ballari,
AZ,muhasibat--unec--g2--v3,3,False,2024,374.5,dim_score_700,False,UNEC,Mühasibat,II qrup,dövlət sifarişli,True,https://sec.az/kecid-ballari,
AZ,muhasibat--unec--g2--v3,3,False,2025,412.8,dim_score_700,False,UNEC,Mühasibat,II qrup,dövlət sifarişli,True,https://sec.az/kecid-ballari,
AZ,muhasibat--unec--g2--v4,4,False,2023,365.1,dim_score_700,False,UNEC,Mühasibat,II qrup,dövlət sifarişli,True,https://sec.az/kecid-ballari,
AZ,muhasibat--unec--g2--v4,4,False,2024,378.9,dim_score_700,False,UNEC,Mühasibat,II qrup,dövlət sifarişli,True,https://sec.az/kecid-ballari,
AZ,muhasibat--unec--g2--v4,4,False,2025,393.3,dim_score_700,False,UNEC,Mühasibat,II qrup,dövlət sifarişli,True,https://sec.az/kecid-ballari,
AZ,xarici-dil-muellimliyi-ingilis-dili-uzre--gdu--g3,,True,2023,498.1,dim_score_700,False,GDU,Xarici dil müəllimliyi (ingilis dili üzrə),III qrup,dövlət sifarişli,True,https://sec.az/kecid-ballari,
AZ,xarici-dil-muellimliyi-ingilis-dili-uzre--gdu--g3,,True,2025,558.2,dim_score_700,False,GDU,Xarici dil müəllimliyi (ingilis dili üzrə),III qrup,dövlət sifarişli,True,https://sec.az/kecid-ballari,
AZ,biotexnologiya-tedris-ingilis-dilinde--khazar--g4,,True,2025,557.8,dim_score_700,False,Khazar,Biotexnologiya (tədris ingilis dilində),IV qrup,dövlət sifarişli,True,https://sec.az/kecid-ballari,
AZ,data-analitikasi--bmu--g1,,True,2025,556.4,dim_score_700,False,BMU,Data analitikası,I qrup,dövlət sifarişli,True,https://sec.az/kecid-ballari,
AZ,xarici-dil-muellimliyi-ingilis-dili-uzre--mdu--g3,,True,2023,559.7,dim_score_700,False,MDU,Xarici dil müəllimliyi (ingilis dili üzrə),III qrup,dövlət sifarişli,True,https://sec.az/kecid-ballari,
AZ,xarici-dil-muellimliyi-ingilis-dili-uzre--mdu--g3,,True,2025,556.3,dim_score_700,False,MDU,Xarici dil müəllimliyi (ingilis dili üzrə),III qrup,dövlət sifarişli,True,https://sec.az/kecid-ballari,
AZ,xarici-dil-muellimliyi-ingilis-dili-uzre-seki-filiali--adpu--g3,,True,2023,526.0,dim_score_700,False,ADPU,"Xarici dil müəllimliyi (ingilis dili üzrə, Şəki filialı)",III qrup,dövlət sifarişli,True,https://sec.az/kecid-ballari,
AZ,xarici-dil-muellimliyi-ingilis-dili-uzre-seki-filiali--adpu--g3,,True,2025,555.3,dim_score_700,False,ADPU,"Xarici dil müəllimliyi (ingilis dili üzrə, Şəki filialı)",III qrup,dövlət sifarişli,True,https://sec.az/kecid-ballari,
AZ,xarici-dil-muellimliyi-ingilis-dili-uzre--ndu--g3,,True,2023,497.3,dim_score_700,False,NDU,Xarici dil müəllimliyi (ingilis dili üzrə),III qrup,dövlət sifarişli,True,https://sec.az/kecid-ballari,
AZ,xarici-dil-muellimliyi-ingilis-dili-uzre--ndu--g3,,True,2025,555.0,dim_score_700,False,NDU,Xarici dil müəllimliyi (ingilis dili üzrə),III qrup,dövlət sifarişli,True,https://sec.az/kecid-ballari,
AZ,tarix-tedris-ingilis-dilinde--qku--g3,,True,2025,554.2,dim_score_700,False,QKU,Tarix (tədris ingilis dilində),III qrup,dövlət sifarişli,True,https://sec.az/kecid-ballari,
AZ,xarici-dil-muellimliyi-ingilis-dili-uzre--adpu--g3,,True,2023,498.8,dim_score_700,False,ADPU,Xarici dil müəllimliyi (ingilis dili üzrə),III qrup,dövlət sifarişli,True,https://sec.az/kecid-ballari,
AZ,xarici-dil-muellimliyi-ingilis-dili-uzre--adpu--g3,,True,2025,553.0,dim_score_700,False,ADPU,Xarici dil müəllimliyi (ingilis dili üzrə),III qrup,dövlət sifarişli,True,https://sec.az/kecid-ballari,
AZ,xarici-dil-muellimliyi-ingilis-dili-uzre--adu--g3,,True,2023,496.7,dim_score_700,False,ADU,Xarici dil müəllimliyi (ingilis dili üzrə),III qrup,dövlət sifarişli,True,https://sec.az/kecid-ballari,
AZ,xarici-dil-muellimliyi-ingilis-dili-uzre--adu--g3,,True,2025,551.4,dim_score_700,False,ADU,Xarici dil müəllimliyi (ingilis dili üzrə),III qrup,dövlət sifarişli,True,https://sec.az/kecid-ballari,
AZ,azerbaycan-dili-ve-edebiyyati-muellimliyi-samaxi-filiali--adpu--g3,,True,2025,551.0,dim_score_700,False,ADPU,Azərbaycan dili və ədəbiyyatı müəllimliyi (Şamaxı filialı),III qrup,dövlət sifarişli,True,https://sec.az/kecid-ballari,
AZ,dil-ve-edebiyyat-muellimliyi-ingilis-dili-ve-edebiyyati-uzre--adu--g3,,True,2023,519.5,dim_score_700,False,ADU,Dil və ədəbiyyat müəllimliyi (ingilis dili və ədəbiyyatı üzrə),III qrup,dövlət sifarişli,True,https://sec.az/kecid-ballari,
AZ,dil-ve-edebiyyat-muellimliyi-ingilis-dili-ve-edebiyyati-uzre--adu--g3,,True,2025,550.5,dim_score_700,False,ADU,Dil və ədəbiyyat müəllimliyi (ingilis dili və ədəbiyyatı üzrə),III qrup,dövlət sifarişli,True,https://sec.az/kecid-ballari,
AZ,i-nformasiya-texnologiyalari--aztu--g1--v1,1,False,2024,551.1,dim_score_700,False,AzTU,İnformasiya texnologiyaları,I qrup,dövlət sifarişli,True,https://sec.az/kecid-ballari,
AZ,i-nformasiya-texnologiyalari--aztu--g1--v1,1,False,2025,548.7,dim_score_700,False,AzTU,İnformasiya texnologiyaları,I qrup,dövlət sifarişli,True,https://sec.az/kecid-ballari,
AZ,i-nformasiya-texnologiyalari--aztu--g1--v2,2,False,2023,373.1,dim_score_700,False,AzTU,İnformasiya texnologiyaları,I qrup,dövlət sifarişli,True,https://sec.az/kecid-ballari,
AZ,i-nformasiya-texnologiyalari--aztu--g1--v2,2,False,2024,435.8,dim_score_700,False,AzTU,İnformasiya texnologiyaları,I qrup,dövlət sifarişli,True,https://sec.az/kecid-ballari,
AZ,i-nformasiya-texnologiyalari--aztu--g1--v2,2,False,2025,433.2,dim_score_700,False,AzTU,İnformasiya texnologiyaları,I qrup,dövlət sifarişli,True,https://sec.az/kecid-ballari,
AZ,kimya--bdu--g4--v1,1,False,2023,491.8,dim_score_700,False,BDU,Kimya,IV qrup,dövlət sifarişli,True,https://sec.az/kecid-ballari,
AZ,kimya--bdu--g4--v1,1,False,2024,522.1,dim_score_700,False,BDU,Kimya,IV qrup,dövlət sifarişli,True,https://sec.az/kecid-ballari,
AZ,kimya--bdu--g4--v1,1,False,2025,548.1,dim_score_700,False,BDU,Kimya,IV qrup,dövlət sifarişli,True,https://sec.az/kecid-ballari,
AZ,kimya--bdu--g4--v2,2,False,2023,418.9,dim_score_700,False,BDU,Kimya,IV qrup,dövlət sifarişli,True,https://sec.az/kecid-ballari,
AZ,kimya--bdu--g4--v2,2,False,2024,452.7,dim_score_700,False,BDU,Kimya,IV qrup,dövlət sifarişli,True,https://sec.az/kecid-ballari,
AZ,kimya--bdu--g4--v2,2,False,2025,482.6,dim_score_700,False,BDU,Kimya,IV qrup,dövlət sifarişli,True,https://sec.az/kecid-ballari,
AZ,tibb-bacisi-qardasi-isi--atu--g4,,True,2023,498.8,dim_score_700,False,ATU,Tibb bacısı (qardaşı) işi,IV qrup,dövlət sifarişli,True,https://sec.az/kecid-ballari,
AZ,tibb-bacisi-qardasi-isi--atu--g4,,True,2024,501.8,dim_score_700,False,ATU,Tibb bacısı (qardaşı) işi,IV qrup,dövlət sifarişli,True,https://sec.az/kecid-ballari,
AZ,tibb-bacisi-qardasi-isi--atu--g4,,True,2025,547.8,dim_score_700,False,ATU,Tibb bacısı (qardaşı) işi,IV qrup,dövlət sifarişli,True,https://sec.az/kecid-ballari,
AZ,biznesin-idare-edilmesi--bmu--g2,,True,2023,479.1,dim_score_700,False,BMU,Biznesin idarə edilməsi,II qrup,dövlət sifarişli,True,https://sec.az/kecid-ballari,
AZ,biznesin-idare-edilmesi--bmu--g2,,True,2024,481.1,dim_score_700,False,BMU,Biznesin idarə edilməsi,II qrup,dövlət sifarişli,True,https://sec.az/kecid-ballari,
AZ,biznesin-idare-edilmesi--bmu--g2,,True,2025,547.6,dim_score_700,False,BMU,Biznesin idarə edilməsi,II qrup,dövlət sifarişli,True,https://sec.az/kecid-ballari,
AZ,komputer-muhendisliyi--adnsu--g1--v1,1,False,2023,443.2,dim_score_700,False,ADNSU,Kompüter mühəndisliyi,I qrup,dövlət sifarişli,True,https://sec.az/kecid-ballari,
AZ,komputer-muhendisliyi--adnsu--g1--v1,1,False,2024,549.4,dim_score_700,False,ADNSU,Kompüter mühəndisliyi,I qrup,dövlət sifarişli,True,https://sec.az/kecid-ballari,
AZ,komputer-muhendisliyi--adnsu--g1--v1,1,False,2025,544.4,dim_score_700,False,ADNSU,Kompüter mühəndisliyi,I qrup,dövlət sifarişli,True,https://sec.az/kecid-ballari,
AZ,komputer-muhendisliyi--adnsu--g1--v2,2,False,2023,389.1,dim_score_700,False,ADNSU,Kompüter mühəndisliyi,I qrup,dövlət sifarişli,True,https://sec.az/kecid-ballari,
AZ,komputer-muhendisliyi--adnsu--g1--v2,2,False,2024,451.4,dim_score_700,False,ADNSU,Kompüter mühəndisliyi,I qrup,dövlət sifarişli,True,https://sec.az/kecid-ballari,
AZ,komputer-muhendisliyi--adnsu--g1--v2,2,False,2025,453.6,dim_score_700,False,ADNSU,Kompüter mühəndisliyi,I qrup,dövlət sifarişli,True,https://sec.az/kecid-ballari,
AZ,azerbaycan-dili-ve-edebiyyati-muellimliyi--adu--g3,,True,2023,491.3,dim_score_700,False,ADU,Azərbaycan dili və ədəbiyyatı müəllimliyi,III qrup,dövlət sifarişli,True,https://sec.az/kecid-ballari,
AZ,azerbaycan-dili-ve-edebiyyati-muellimliyi--adu--g3,,True,2025,542.8,dim_score_700,False,ADU,Azərbaycan dili və ədəbiyyatı müəllimliyi,III qrup,dövlət sifarişli,True,https://sec.az/kecid-ballari,
AZ,i-nformasiya-tehlukesizliyi--bdu--g1,,True,2023,500.7,dim_score_700,False,BDU,İnformasiya təhlükəsizliyi,I qrup,dövlət sifarişli,True,https://sec.az/kecid-ballari,
AZ,i-nformasiya-tehlukesizliyi--bdu--g1,,True,2024,552.5,dim_score_700,False,BDU,İnformasiya təhlükəsizliyi,I qrup,dövlət sifarişli,True,https://sec.az/kecid-ballari,
AZ,i-nformasiya-tehlukesizliyi--bdu--g1,,True,2025,542.3,dim_score_700,False,BDU,İnformasiya təhlükəsizliyi,I qrup,dövlət sifarişli,True,https://sec.az/kecid-ballari,
AZ,biologiya--bdu--g4--v1,1,False,2023,460.5,dim_score_700,False,BDU,Biologiya,IV qrup,dövlət sifarişli,True,https://sec.az/kecid-ballari,
AZ,biologiya--bdu--g4--v1,1,False,2024,492.6,dim_score_700,False,BDU,Biologiya,IV qrup,dövlət sifarişli,True,https://sec.az/kecid-ballari,
AZ,biologiya--bdu--g4--v1,1,False,2025,542.2,dim_score_700,False,BDU,Biologiya,IV qrup,dövlət sifarişli,True,https://sec.az/kecid-ballari,
AZ,biologiya--bdu--g4--v2,2,False,2023,438.7,dim_score_700,False,BDU,Biologiya,IV qrup,dövlət sifarişli,True,https://sec.az/kecid-ballari,
AZ,biologiya--bdu--g4--v2,2,False,2024,468.1,dim_score_700,False,BDU,Biologiya,IV qrup,dövlət sifarişli,True,https://sec.az/kecid-ballari,
AZ,biologiya--bdu--g4--v2,2,False,2025,493.5,dim_score_700,False,BDU,Biologiya,IV qrup,dövlət sifarişli,True,https://sec.az/kecid-ballari,
AZ,komputer-muhendisliyi--aztu--g1--v1,1,False,2024,606.1,dim_score_700,False,AzTU,Kompüter mühəndisliyi,I qrup,dövlət sifarişli,True,https://sec.az/kecid-ballari,
AZ,komputer-muhendisliyi--aztu--g1--v1,1,False,2025,538.0,dim_score_700,False,AzTU,Kompüter mühəndisliyi,I qrup,dövlət sifarişli,True,https://sec.az/kecid-ballari,
AZ,komputer-muhendisliyi--aztu--g1--v2,2,False,2023,517.6,dim_score_700,False,AzTU,Kompüter mühəndisliyi,I qrup,dövlət sifarişli,True,https://sec.az/kecid-ballari,
AZ,komputer-muhendisliyi--aztu--g1--v2,2,False,2024,542.6,dim_score_700,False,AzTU,Kompüter mühəndisliyi,I qrup,dövlət sifarişli,True,https://sec.az/kecid-ballari,
AZ,komputer-muhendisliyi--aztu--g1--v2,2,False,2025,503.5,dim_score_700,False,AzTU,Kompüter mühəndisliyi,I qrup,dövlət sifarişli,True,https://sec.az/kecid-ballari,
AZ,komputer-muhendisliyi--aztu--g1--v3,3,False,2023,341.0,dim_score_700,False,AzTU,Kompüter mühəndisliyi,I qrup,dövlət sifarişli,True,https://sec.az/kecid-ballari,
AZ,komputer-muhendisliyi--aztu--g1--v3,3,False,2024,392.9,dim_score_700,False,AzTU,Kompüter mühəndisliyi,I qrup,dövlət sifarişli,True,https://sec.az/kecid-ballari,
AZ,komputer-muhendisliyi--aztu--g1--v3,3,False,2025,389.2,dim_score_700,False,AzTU,Kompüter mühəndisliyi,I qrup,dövlət sifarişli,True,https://sec.az/kecid-ballari,
AZ,komputer-elmleri--bdu--g1--v1,1,False,2023,426.5,dim_score_700,False,BDU,Kompüter elmləri,I qrup,dövlət sifarişli,True,https://sec.az/kecid-ballari,
AZ,komputer-elmleri--bdu--g1--v1,1,False,2024,525.1,dim_score_700,False,BDU,Kompüter elmləri,I qrup,dövlət sifarişli,True,https://sec.az/kecid-ballari,
AZ,komputer-elmleri--bdu--g1--v1,1,False,2025,537.3,dim_score_700,False,BDU,Kompüter elmləri,I qrup,dövlət sifarişli,True,https://sec.az/kecid-ballari,
AZ,komputer-elmleri--bdu--g1--v2,2,False,2023,340.1,dim_score_700,False,BDU,Kompüter elmləri,I qrup,dövlət sifarişli,True,https://sec.az/kecid-ballari,
AZ,komputer-elmleri--bdu--g1--v2,2,False,2024,414.8,dim_score_700,False,BDU,Kompüter elmləri,I qrup,dövlət sifarişli,True,https://sec.az/kecid-ballari,
AZ,komputer-elmleri--bdu--g1--v2,2,False,2025,427.9,dim_score_700,False,BDU,Kompüter elmləri,I qrup,dövlət sifarişli,True,https://sec.az/kecid-ballari,
AZ,sosial-is--bdu--g3--v1,1,False,2023,482.1,dim_score_700,False,BDU,Sosial iş,III qrup,dövlət sifarişli,True,https://sec.az/kecid-ballari,
AZ,sosial-is--bdu--g3--v1,1,False,2024,527.7,dim_score_700,False,BDU,Sosial iş,III qrup,dövlət sifarişli,True,https://sec.az/kecid-ballari,
AZ,sosial-is--bdu--g3--v1,1,False,2025,536.1,dim_score_700,False,BDU,Sosial iş,III qrup,dövlət sifarişli,True,https://sec.az/kecid-ballari,
AZ,sosial-is--bdu--g3--v2,2,False,2023,442.2,dim_score_700,False,BDU,Sosial iş,III qrup,dövlət sifarişli,True,https://sec.az/kecid-ballari,
AZ,sosial-is--bdu--g3--v2,2,False,2024,481.7,dim_score_700,False,BDU,Sosial iş,III qrup,dövlət sifarişli,True,https://sec.az/kecid-ballari,
AZ,sosial-is--bdu--g3--v2,2,False,2025,505.4,dim_score_700,False,BDU,Sosial iş,III qrup,dövlət sifarişli,True,https://sec.az/kecid-ballari,
AZ,politologiya--bdu--g3,,True,2023,474.9,dim_score_700,False,BDU,Politologiya,III qrup,dövlət sifarişli,True,https://sec.az/kecid-ballari,
AZ,politologiya--bdu--g3,,True,2024,516.8,dim_score_700,False,BDU,Politologiya,III qrup,dövlət sifarişli,True,https://sec.az/kecid-ballari,
AZ,politologiya--bdu--g3,,True,2025,535.3,dim_score_700,False,BDU,Politologiya,III qrup,dövlət sifarişli,True,https://sec.az/kecid-ballari,
AZ,politologiya-tedris-ingilis-dilinde--khazar--g3,,True,2023,474.0,dim_score_700,False,Khazar,Politologiya (tədris ingilis dilində),III qrup,dövlət sifarişli,True,https://sec.az/kecid-ballari,
AZ,politologiya-tedris-ingilis-dilinde--khazar--g3,,True,2025,534.2,dim_score_700,False,Khazar,Politologiya (tədris ingilis dilində),III qrup,dövlət sifarişli,True,https://sec.az/kecid-ballari,
AZ,azerbaycan-dili-ve-edebiyyati-muellimliyi-celilabad-filiali--adpu--g3,,True,2023,509.2,dim_score_700,False,ADPU,Azərbaycan dili və ədəbiyyatı müəllimliyi (Cəlilabad filialı),III qrup,dövlət sifarişli,True,https://sec.az/kecid-ballari,
AZ,azerbaycan-dili-ve-edebiyyati-muellimliyi-celilabad-filiali--adpu--g3,,True,2025,530.9,dim_score_700,False,ADPU,Azərbaycan dili və ədəbiyyatı müəllimliyi (Cəlilabad filialı),III qrup,dövlət sifarişli,True,https://sec.az/kecid-ballari,
AZ,azerbaycan-dili-ve-edebiyyati-muellimliyi-seki-filiali--adpu--g3,,True,2023,481.6,dim_score_700,False,ADPU,Azərbaycan dili və ədəbiyyatı müəllimliyi (Şəki filialı),III qrup,dövlət sifarişli,True,https://sec.az/kecid-ballari,
AZ,azerbaycan-dili-ve-edebiyyati-muellimliyi-seki-filiali--adpu--g3,,True,2025,529.7,dim_score_700,False,ADPU,Azərbaycan dili və ədəbiyyatı müəllimliyi (Şəki filialı),III qrup,dövlət sifarişli,True,https://sec.az/kecid-ballari,
AZ,kimya-muellimliyi--gdu--g4,,True,2023,362.6,dim_score_700,False,GDU,Kimya müəllimliyi,IV qrup,dövlət sifarişli,True,https://sec.az/kecid-ballari,
AZ,kimya-muellimliyi--gdu--g4,,True,2024,394.0,dim_score_700,False,GDU,Kimya müəllimliyi,IV qrup,dövlət sifarişli,True,https://sec.az/kecid-ballari,
AZ,kimya-muellimliyi--gdu--g4,,True,2025,528.5,dim_score_700,False,GDU,Kimya müəllimliyi,IV qrup,dövlət sifarişli,True,https://sec.az/kecid-ballari,
AZ,psixologiya-tedris-ingilis-dilinde--khazar--g4,,True,2023,476.4,dim_score_700,False,Khazar,Psixologiya (tədris ingilis dilində),IV qrup,dövlət sifarişli,True,https://sec.az/kecid-ballari,
AZ,psixologiya-tedris-ingilis-dilinde--khazar--g4,,True,2024,496.3,dim_score_700,False,Khazar,Psixologiya (tədris ingilis dilində),IV qrup,dövlət sifarişli,True,https://sec.az/kecid-ballari,
AZ,psixologiya-tedris-ingilis-dilinde--khazar--g4,,True,2025,528.5,dim_score_700,False,Khazar,Psixologiya (tədris ingilis dilində),IV qrup,dövlət sifarişli,True,https://sec.az/kecid-ballari,
AZ,azerbaycan-dili-ve-edebiyyati-muellimliyi--khazar--g3,,True,2023,468.9,dim_score_700,False,Khazar,Azərbaycan dili və ədəbiyyatı müəllimliyi,III qrup,dövlət sifarişli,True,https://sec.az/kecid-ballari,
AZ,azerbaycan-dili-ve-edebiyyati-muellimliyi--khazar--g3,,True,2025,527.3,dim_score_700,False,Khazar,Azərbaycan dili və ədəbiyyatı müəllimliyi,III qrup,dövlət sifarişli,True,https://sec.az/kecid-ballari,
AZ,tarix-muellimliyi--bdu--g3--v1,1,False,2025,527.1,dim_score_700,False,BDU,Tarix müəllimliyi,III qrup,dövlət sifarişli,True,https://sec.az/kecid-ballari,
AZ,tarix-muellimliyi--bdu--g3--v2,2,False,2023,460.2,dim_score_700,False,BDU,Tarix müəllimliyi,III qrup,dövlət sifarişli,True,https://sec.az/kecid-ballari,
AZ,tarix-muellimliyi--bdu--g3--v2,2,False,2024,497.2,dim_score_700,False,BDU,Tarix müəllimliyi,III qrup,dövlət sifarişli,True,https://sec.az/kecid-ballari,
AZ,tarix-muellimliyi--bdu--g3--v2,2,False,2025,515.6,dim_score_700,False,BDU,Tarix müəllimliyi,III qrup,dövlət sifarişli,True,https://sec.az/kecid-ballari,
AZ,komputer-elmleri--aztu--g1--v1,1,False,2024,507.2,dim_score_700,False,AzTU,Kompüter elmləri,I qrup,dövlət sifarişli,True,https://sec.az/kecid-ballari,
AZ,komputer-elmleri--aztu--g1--v1,1,False,2025,526.7,dim_score_700,False,AzTU,Kompüter elmləri,I qrup,dövlət sifarişli,True,https://sec.az/kecid-ballari,
AZ,komputer-elmleri--aztu--g1--v2,2,False,2023,349.9,dim_score_700,False,AzTU,Kompüter elmləri,I qrup,dövlət sifarişli,True,https://sec.az/kecid-ballari,
AZ,komputer-elmleri--aztu--g1--v2,2,False,2024,399.3,dim_score_700,False,AzTU,Kompüter elmləri,I qrup,dövlət sifarişli,True,https://sec.az/kecid-ballari,
AZ,komputer-elmleri--aztu--g1--v2,2,False,2025,408.0,dim_score_700,False,AzTU,Kompüter elmləri,I qrup,dövlət sifarişli,True,https://sec.az/kecid-ballari,
AZ,azerbaycan-dili-ve-edebiyyati-muellimliyi-quba-filiali--adpu--g3,,True,2023,476.4,dim_score_700,False,ADPU,Azərbaycan dili və ədəbiyyatı müəllimliyi (Quba filialı),III qrup,dövlət sifarişli,True,https://sec.az/kecid-ballari,
AZ,azerbaycan-dili-ve-edebiyyati-muellimliyi-quba-filiali--adpu--g3,,True,2025,526.0,dim_score_700,False,ADPU,Azərbaycan dili və ədəbiyyatı müəllimliyi (Quba filialı),III qrup,dövlət sifarişli,True,https://sec.az/kecid-ballari,
AZ,azerbaycan-dili-ve-edebiyyati-muellimliyi--sdu--g3,,True,2025,524.9,dim_score_700,False,SDU,Azərbaycan dili və ədəbiyyatı müəllimliyi,III qrup,dövlət sifarişli,True,https://sec.az/kecid-ballari,
AZ,biotexnologiya--bmu--g4,,True,2024,504.8,dim_score_700,False,BMU,Biotexnologiya,IV qrup,dövlət sifarişli,True,https://sec.az/kecid-ballari,
AZ,biotexnologiya--bmu--g4,,True,2025,524.3,dim_score_700,False,BMU,Biotexnologiya,IV qrup,dövlət sifarişli,True,https://sec.az/kecid-ballari,
AZ,maliyye--maa--g2--v1,1,False,2025,524.2,dim_score_700,False,MAA,Maliyyə,II qrup,dövlət sifarişli,True,https://sec.az/kecid-ballari,
AZ,maliyye--maa--g2--v2,2,False,2023,432.8,dim_score_700,False,MAA,Maliyyə,II qrup,dövlət sifarişli,True,https://sec.az/kecid-ballari,
AZ,maliyye--maa--g2--v2,2,False,2024,461.1,dim_score_700,False,MAA,Maliyyə,II qrup,dövlət sifarişli,True,https://sec.az/kecid-ballari,
AZ,maliyye--maa--g2--v2,2,False,2025,500.6,dim_score_700,False,MAA,Maliyyə,II qrup,dövlət sifarişli,True,https://sec.az/kecid-ballari,
AZ,tarix--ndu--g3,,True,2023,455.1,dim_score_700,False,NDU,Tarix,III qrup,dövlət sifarişli,True,https://sec.az/kecid-ballari,
AZ,tarix--ndu--g3,,True,2025,523.6,dim_score_700,False,NDU,Tarix,III qrup,dövlət sifarişli,True,https://sec.az/kecid-ballari,
AZ,azerbaycan-dili-ve-edebiyyati-muellimliyi--adpu--g3,,True,2023,467.0,dim_score_700,False,ADPU,Azərbaycan dili və ədəbiyyatı müəllimliyi,III qrup,dövlət sifarişli,True,https://sec.az/kecid-ballari,
AZ,azerbaycan-dili-ve-edebiyyati-muellimliyi--adpu--g3,,True,2025,522.7,dim_score_700,False,ADPU,Azərbaycan dili və ədəbiyyatı müəllimliyi,III qrup,dövlət sifarişli,True,https://sec.az/kecid-ballari,
AZ,i-qtisadiyyat--ndu--g2--v1,1,False,2023,522.4,dim_score_700,False,NDU,İqtisadiyyat,II qrup,dövlət sifarişli,True,https://sec.az/kecid-ballari,
AZ,i-qtisadiyyat--ndu--g2--v1,1,False,2025,522.4,dim_score_700,False,NDU,İqtisadiyyat,II qrup,dövlət sifarişli,True,https://sec.az/kecid-ballari,
AZ,i-qtisadiyyat--ndu--g2--v2,2,False,2023,406.9,dim_score_700,False,NDU,İqtisadiyyat,II qrup,dövlət sifarişli,True,https://sec.az/kecid-ballari,
AZ,i-qtisadiyyat--ndu--g2--v2,2,False,2024,440.7,dim_score_700,False,NDU,İqtisadiyyat,II qrup,dövlət sifarişli,True,https://sec.az/kecid-ballari,
AZ,i-qtisadiyyat--ndu--g2--v2,2,False,2025,468.0,dim_score_700,False,NDU,İqtisadiyyat,II qrup,dövlət sifarişli,True,https://sec.az/kecid-ballari,
AZ,i-qtisadiyyat--ndu--g2--v3,3,False,2023,405.6,dim_score_700,False,NDU,İqtisadiyyat,II qrup,dövlət sifarişli,True,https://sec.az/kecid-ballari,
AZ,i-qtisadiyyat--ndu--g2--v3,3,False,2024,408.8,dim_score_700,False,NDU,İqtisadiyyat,II qrup,dövlət sifarişli,True,https://sec.az/kecid-ballari,
AZ,i-qtisadiyyat--ndu--g2--v3,3,False,2025,442.9,dim_score_700,False,NDU,İqtisadiyyat,II qrup,dövlət sifarişli,True,https://sec.az/kecid-ballari,
AZ,i-nformasiya-texnologiyalari--bmu--g1--v1,1,False,2023,570.5,dim_score_700,False,BMU,İnformasiya texnologiyaları,I qrup,dövlət sifarişli,True,https://sec.az/kecid-ballari,
AZ,i-nformasiya-texnologiyalari--bmu--g1--v1,1,False,2024,568.5,dim_score_700,False,BMU,İnformasiya texnologiyaları,I qrup,dövlət sifarişli,True,https://sec.az/kecid-ballari,
AZ,i-nformasiya-texnologiyalari--bmu--g1--v1,1,False,2025,521.7,dim_score_700,False,BMU,İnformasiya texnologiyaları,I qrup,dövlət sifarişli,True,https://sec.az/kecid-ballari,
AZ,i-nformasiya-texnologiyalari--bmu--g1--v2,2,False,2023,424.7,dim_score_700,False,BMU,İnformasiya texnologiyaları,I qrup,dövlət sifarişli,True,https://sec.az/kecid-ballari,
AZ,i-nformasiya-texnologiyalari--bmu--g1--v2,2,False,2024,435.1,dim_score_700,False,BMU,İnformasiya texnologiyaları,I qrup,dövlət sifarişli,True,https://sec.az/kecid-ballari,
AZ,i-nformasiya-texnologiyalari--bmu--g1--v2,2,False,2025,415.2,dim_score_700,False,BMU,İnformasiya texnologiyaları,I qrup,dövlət sifarişli,True,https://sec.az/kecid-ballari,
AZ,azerbaycan-dili-ve-edebiyyati-muellimliyi--mdu--g3,,True,2023,482.4,dim_score_700,False,MDU,Azərbaycan dili və ədəbiyyatı müəllimliyi,III qrup,dövlət sifarişli,True,https://sec.az/kecid-ballari,
AZ,azerbaycan-dili-ve-edebiyyati-muellimliyi--mdu--g3,,True,2025,521.7,dim_score_700,False,MDU,Azərbaycan dili və ədəbiyyatı müəllimliyi,III qrup,dövlət sifarişli,True,https://sec.az/kecid-ballari,
AZ,tarix-qazax-filiali--bdu--g3,,True,2023,521.2,dim_score_700,False,BDU,Tarix (Qazax filialı),III qrup,dövlət sifarişli,True,https://sec.az/kecid-ballari,
AZ,tarix-qazax-filiali--bdu--g3,,True,2025,521.2,dim_score_700,False,BDU,Tarix (Qazax filialı),III qrup,dövlət sifarişli,True,https://sec.az/kecid-ballari,
AZ,tarix--gdu--g3,,True,2023,458.9,dim_score_700,False,GDU,Tarix,III qrup,dövlət sifarişli,True,https://sec.az/kecid-ballari,
AZ,tarix--gdu--g3,,True,2025,520.7,dim_score_700,False,GDU,Tarix,III qrup,dövlət sifarişli,True,https://sec.az/kecid-ballari,
AZ,tercume-koreya-dili-uzre--adu--g3,,True,2023,467.2,dim_score_700,False,ADU,Tərcümə (Koreya dili üzrə),III qrup,dövlət sifarişli,True,https://sec.az/kecid-ballari,
AZ,tercume-koreya-dili-uzre--adu--g3,,True,2025,520.5,dim_score_700,False,ADU,Tərcümə (Koreya dili üzrə),III qrup,dövlət sifarişli,True,https://sec.az/kecid-ballari,
AZ,azerbaycan-dili-ve-edebiyyati-muellimliyi--ndu--g3,,True,2023,468.8,dim_score_700,False,NDU,Azərbaycan dili və ədəbiyyatı müəllimliyi,III qrup,dövlət sifarişli,True,https://sec.az/kecid-ballari,
AZ,azerbaycan-dili-ve-edebiyyati-muellimliyi--ndu--g3,,True,2025,520.3,dim_score_700,False,NDU,Azərbaycan dili və ədəbiyyatı müəllimliyi,III qrup,dövlət sifarişli,True,https://sec.az/kecid-ballari,
AZ,azerbaycan-dili-ve-edebiyyati-muellimliyi--gdu--g3,,True,2023,470.2,dim_score_700,False,GDU,Azərbaycan dili və ədəbiyyatı müəllimliyi,III qrup,dövlət sifarişli,True,https://sec.az/kecid-ballari,
AZ,azerbaycan-dili-ve-edebiyyati-muellimliyi--gdu--g3,,True,2025,520.2,dim_score_700,False,GDU,Azərbaycan dili və ədəbiyyatı müəllimliyi,III qrup,dövlət sifarişli,True,https://sec.az/kecid-ballari,
AZ,filologiya-fransiz-dili-ve-edebiyyati-uzre--adu--g3,,True,2023,510.6,dim_score_700,False,ADU,Filologiya (fransız dili və ədəbiyyatı üzrə),III qrup,dövlət sifarişli,True,https://sec.az/kecid-ballari,
AZ,filologiya-fransiz-dili-ve-edebiyyati-uzre--adu--g3,,True,2025,519.9,dim_score_700,False,ADU,Filologiya (fransız dili və ədəbiyyatı üzrə),III qrup,dövlət sifarişli,True,https://sec.az/kecid-ballari,
AZ,maliyye--sdu--g2,,True,2025,519.8,dim_score_700,False,SDU,Maliyyə,II qrup,dövlət sifarişli,True,https://sec.az/kecid-ballari,
AZ,maliyye--bmu--g2--v1,1,False,2023,442.8,dim_score_700,False,BMU,Maliyyə,II qrup,dövlət sifarişli,True,https://sec.az/kecid-ballari,
AZ,maliyye--bmu--g2--v1,1,False,2024,459.3,dim_score_700,False,BMU,Maliyyə,II qrup,dövlət sifarişli,True,https://sec.az/kecid-ballari,
AZ,maliyye--bmu--g2--v1,1,False,2025,519.7,dim_score_700,False,BMU,Maliyyə,II qrup,dövlət sifarişli,True,https://sec.az/kecid-ballari,
AZ,maliyye--bmu--g2--v2,2,False,2023,427.8,dim_score_700,False,BMU,Maliyyə,II qrup,dövlət sifarişli,True,https://sec.az/kecid-ballari,
AZ,maliyye--bmu--g2--v2,2,False,2024,475.4,dim_score_700,False,BMU,Maliyyə,II qrup,dövlət sifarişli,True,https://sec.az/kecid-ballari,
AZ,maliyye--bmu--g2--v2,2,False,2025,475.4,dim_score_700,False,BMU,Maliyyə,II qrup,dövlət sifarişli,True,https://sec.az/kecid-ballari,
AZ,azerbaycan-dili-ve-edebiyyati-muellimliyi--ldu--g3,,True,2023,468.8,dim_score_700,False,LDU,Azərbaycan dili və ədəbiyyatı müəllimliyi,III qrup,dövlət sifarişli,True,https://sec.az/kecid-ballari,
AZ,azerbaycan-dili-ve-edebiyyati-muellimliyi--ldu--g3,,True,2025,519.7,dim_score_700,False,LDU,Azərbaycan dili və ədəbiyyatı müəllimliyi,III qrup,dövlət sifarişli,True,https://sec.az/kecid-ballari,
AZ,azerbaycan-dili-ve-edebiyyati-muellimliyi--bsu--g3,,True,2023,467.3,dim_score_700,False,BSU,Azərbaycan dili və ədəbiyyatı müəllimliyi,III qrup,dövlət sifarişli,True,https://sec.az/kecid-ballari,
AZ,azerbaycan-dili-ve-edebiyyati-muellimliyi--bsu--g3,,True,2025,518.0,dim_score_700,False,BSU,Azərbaycan dili və ədəbiyyatı müəllimliyi,III qrup,dövlət sifarişli,True,https://sec.az/kecid-ballari,
AZ,tarix-muellimliyi--ldu--g3,,True,2023,448.8,dim_score_700,False,LDU,Tarix müəllimliyi,III qrup,dövlət sifarişli,True,https://sec.az/kecid-ballari,
AZ,tarix-muellimliyi--ldu--g3,,True,2025,517.9,dim_score_700,False,LDU,Tarix müəllimliyi,III qrup,dövlət sifarişli,True,https://sec.az/kecid-ballari,
AZ,i-qtisadiyyat--di-a--g2,,True,2023,523.4,dim_score_700,False,DİA,İqtisadiyyat,II qrup,dövlət sifarişli,True,https://sec.az/kecid-ballari,
AZ,i-qtisadiyyat--di-a--g2,,True,2024,522.2,dim_score_700,False,DİA,İqtisadiyyat,II qrup,dövlət sifarişli,True,https://sec.az/kecid-ballari,
AZ,i-qtisadiyyat--di-a--g2,,True,2025,517.9,dim_score_700,False,DİA,İqtisadiyyat,II qrup,dövlət sifarişli,True,https://sec.az/kecid-ballari,
AZ,kimya-muhendisliyi--bdu--g1--v1,1,False,2024,513.6,dim_score_700,False,BDU,Kimya mühəndisliyi,I qrup,dövlət sifarişli,True,https://sec.az/kecid-ballari,
AZ,kimya-muhendisliyi--bdu--g1--v1,1,False,2025,517.8,dim_score_700,False,BDU,Kimya mühəndisliyi,I qrup,dövlət sifarişli,True,https://sec.az/kecid-ballari,
AZ,kimya-muhendisliyi--bdu--g1--v2,2,False,2023,396.6,dim_score_700,False,BDU,Kimya mühəndisliyi,I qrup,dövlət sifarişli,True,https://sec.az/kecid-ballari,
AZ,kimya-muhendisliyi--bdu--g1--v2,2,False,2024,437.1,dim_score_700,False,BDU,Kimya mühəndisliyi,I qrup,dövlət sifarişli,True,https://sec.az/kecid-ballari,
AZ,kimya-muhendisliyi--bdu--g1--v2,2,False,2025,406.3,dim_score_700,False,BDU,Kimya mühəndisliyi,I qrup,dövlət sifarişli,True,https://sec.az/kecid-ballari,
AZ,tarix-muellimliyi--mdu--g3,,True,2023,454.1,dim_score_700,False,MDU,Tarix müəllimliyi,III qrup,dövlət sifarişli,True,https://sec.az/kecid-ballari,
AZ,tarix-muellimliyi--mdu--g3,,True,2025,517.7,dim_score_700,False,MDU,Tarix müəllimliyi,III qrup,dövlət sifarişli,True,https://sec.az/kecid-ballari,
AZ,tarix-muellimliyi--sdu--g3,,True,2023,449.8,dim_score_700,False,SDU,Tarix müəllimliyi,III qrup,dövlət sifarişli,True,https://sec.az/kecid-ballari,
AZ,tarix-muellimliyi--sdu--g3,,True,2025,516.9,dim_score_700,False,SDU,Tarix müəllimliyi,III qrup,dövlət sifarişli,True,https://sec.az/kecid-ballari,
AZ,komputer-elmleri--bmu--g1--v1,1,False,2023,378.6,dim_score_700,False,BMU,Kompüter elmləri,I qrup,dövlət sifarişli,True,https://sec.az/kecid-ballari,
AZ,komputer-elmleri--bmu--g1--v1,1,False,2024,507.4,dim_score_700,False,BMU,Kompüter elmləri,I qrup,dövlət sifarişli,True,https://sec.az/kecid-ballari,
AZ,komputer-elmleri--bmu--g1--v1,1,False,2025,516.1,dim_score_700,False,BMU,Kompüter elmləri,I qrup,dövlət sifarişli,True,https://sec.az/kecid-ballari,
AZ,komputer-elmleri--bmu--g1--v2,2,False,2023,297.7,dim_score_700,False,BMU,Kompüter elmləri,I qrup,dövlət sifarişli,True,https://sec.az/kecid-ballari,
AZ,komputer-elmleri--bmu--g1--v2,2,False,2024,386.1,dim_score_700,False,BMU,Kompüter elmləri,I qrup,dövlət sifarişli,True,https://sec.az/kecid-ballari,
AZ,komputer-elmleri--bmu--g1--v2,2,False,2025,394.6,dim_score_700,False,BMU,Kompüter elmləri,I qrup,dövlət sifarişli,True,https://sec.az/kecid-ballari,
AZ,komputer-muhendisliyi--bmu--g1--v1,1,False,2023,388.8,dim_score_700,False,BMU,Kompüter mühəndisliyi,I qrup,dövlət sifarişli,True,https://sec.az/kecid-ballari,
AZ,komputer-muhendisliyi--bmu--g1--v1,1,False,2024,506.0,dim_score_700,False,BMU,Kompüter mühəndisliyi,I qrup,dövlət sifarişli,True,https://sec.az/kecid-ballari,
AZ,komputer-muhendisliyi--bmu--g1--v1,1,False,2025,515.0,dim_score_700,False,BMU,Kompüter mühəndisliyi,I qrup,dövlət sifarişli,True,https://sec.az/kecid-ballari,
AZ,komputer-muhendisliyi--bmu--g1--v2,2,False,2023,369.9,dim_score_700,False,BMU,Kompüter mühəndisliyi,I qrup,dövlət sifarişli,True,https://sec.az/kecid-ballari,
AZ,komputer-muhendisliyi--bmu--g1--v2,2,False,2024,403.9,dim_score_700,False,BMU,Kompüter mühəndisliyi,I qrup,dövlət sifarişli,True,https://sec.az/kecid-ballari,
AZ,komputer-muhendisliyi--bmu--g1--v2,2,False,2025,406.6,dim_score_700,False,BMU,Kompüter mühəndisliyi,I qrup,dövlət sifarişli,True,https://sec.az/kecid-ballari,
AZ,riyaziyyat--bdu--g1--v1,1,False,2023,440.9,dim_score_700,False,BDU,Riyaziyyat,I qrup,dövlət sifarişli,True,https://sec.az/kecid-ballari,
AZ,riyaziyyat--bdu--g1--v1,1,False,2024,513.9,dim_score_700,False,BDU,Riyaziyyat,I qrup,dövlət sifarişli,True,https://sec.az/kecid-ballari,
AZ,riyaziyyat--bdu--g1--v1,1,False,2025,515.0,dim_score_700,False,BDU,Riyaziyyat,I qrup,dövlət sifarişli,True,https://sec.az/kecid-ballari,
AZ,riyaziyyat--bdu--g1--v2,2,False,2023,358.3,dim_score_700,False,BDU,Riyaziyyat,I qrup,dövlət sifarişli,True,https://sec.az/kecid-ballari,
AZ,riyaziyyat--bdu--g1--v2,2,False,2024,422.8,dim_score_700,False,BDU,Riyaziyyat,I qrup,dövlət sifarişli,True,https://sec.az/kecid-ballari,
AZ,riyaziyyat--bdu--g1--v2,2,False,2025,402.8,dim_score_700,False,BDU,Riyaziyyat,I qrup,dövlət sifarişli,True,https://sec.az/kecid-ballari,
AZ,tarix-muellimliyi--ndu--g3,,True,2023,447.3,dim_score_700,False,NDU,Tarix müəllimliyi,III qrup,dövlət sifarişli,True,https://sec.az/kecid-ballari,
AZ,tarix-muellimliyi--ndu--g3,,True,2025,513.7,dim_score_700,False,NDU,Tarix müəllimliyi,III qrup,dövlət sifarişli,True,https://sec.az/kecid-ballari,
AZ,tarix-muellimliyi-seki-filiali--adpu--g3,,True,2023,478.2,dim_score_700,False,ADPU,Tarix müəllimliyi (Şəki filialı),III qrup,dövlət sifarişli,True,https://sec.az/kecid-ballari,
AZ,tarix-muellimliyi-seki-filiali--adpu--g3,,True,2025,513.6,dim_score_700,False,ADPU,Tarix müəllimliyi (Şəki filialı),III qrup,dövlət sifarişli,True,https://sec.az/kecid-ballari,
AZ,xarici-dil-muellimliyi-ingilis-dili-uzre--bsu--g3,,True,2023,512.8,dim_score_700,False,BSU,Xarici dil müəllimliyi (ingilis dili üzrə),III qrup,dövlət sifarişli,True,https://sec.az/kecid-ballari,
AZ,xarici-dil-muellimliyi-ingilis-dili-uzre--bsu--g3,,True,2025,512.8,dim_score_700,False,BSU,Xarici dil müəllimliyi (ingilis dili üzrə),III qrup,dövlət sifarişli,True,https://sec.az/kecid-ballari,
AZ,filologiya-ingilis-dili-ve-edebiyyati-uzre--bdu--g3,,True,2023,466.1,dim_score_700,False,BDU,Filologiya (ingilis dili və ədəbiyyatı üzrə),III qrup,dövlət sifarişli,True,https://sec.az/kecid-ballari,
AZ,filologiya-ingilis-dili-ve-edebiyyati-uzre--bdu--g3,,True,2024,490.5,dim_score_700,False,BDU,Filologiya (ingilis dili və ədəbiyyatı üzrə),III qrup,dövlət sifarişli,True,https://sec.az/kecid-ballari,
AZ,filologiya-ingilis-dili-ve-edebiyyati-uzre--bdu--g3,,True,2025,512.7,dim_score_700,False,BDU,Filologiya (ingilis dili və ədəbiyyatı üzrə),III qrup,dövlət sifarişli,True,https://sec.az/kecid-ballari,
AZ,tarix-muellimliyi-quba-filiali--adpu--g3,,True,2023,499.6,dim_score_700,False,ADPU,Tarix müəllimliyi (Quba filialı),III qrup,dövlət sifarişli,True,https://sec.az/kecid-ballari,
AZ,tarix-muellimliyi-quba-filiali--adpu--g3,,True,2025,512.0,dim_score_700,False,ADPU,Tarix müəllimliyi (Quba filialı),III qrup,dövlət sifarişli,True,https://sec.az/kecid-ballari,
AZ,filologiya-alman-dili-ve-edebiyyati-uzre--adu--g3,,True,2025,511.8,dim_score_700,False,ADU,Filologiya (alman dili və ədəbiyyatı üzrə),III qrup,dövlət sifarişli,True,https://sec.az/kecid-ballari,
AZ,i-nformasiya-tehlukesizliyi--khazar--g1,,True,2024,511.7,dim_score_700,False,Khazar,İnformasiya təhlükəsizliyi,I qrup,dövlət sifarişli,True,https://sec.az/kecid-ballari,
AZ,i-nformasiya-tehlukesizliyi--khazar--g1,,True,2025,511.7,dim_score_700,False,Khazar,İnformasiya təhlükəsizliyi,I qrup,dövlət sifarişli,True,https://sec.az/kecid-ballari,
AZ,beynelxalq-munasibetler--di-a--g3,,True,2023,464.1,dim_score_700,False,DİA,Beynəlxalq münasibətlər,III qrup,dövlət sifarişli,True,https://sec.az/kecid-ballari,
AZ,beynelxalq-munasibetler--di-a--g3,,True,2025,511.4,dim_score_700,False,DİA,Beynəlxalq münasibətlər,III qrup,dövlət sifarişli,True,https://sec.az/kecid-ballari,
AZ,tarix-muellimliyi-samaxi-filiali--adpu--g3,,True,2025,511.0,dim_score_700,False,ADPU,Tarix müəllimliyi (Şamaxı filialı),III qrup,dövlət sifarişli,True,https://sec.az/kecid-ballari,
AZ,riyaziyyat-muellimliyi--sdu--g1--v1,1,False,2024,502.4,dim_score_700,False,SDU,Riyaziyyat müəllimliyi,I qrup,dövlət sifarişli,True,https://sec.az/kecid-ballari,
AZ,riyaziyyat-muellimliyi--sdu--g1--v1,1,False,2025,508.8,dim_score_700,False,SDU,Riyaziyyat müəllimliyi,I qrup,dövlət sifarişli,True,https://sec.az/kecid-ballari,
AZ,riyaziyyat-muellimliyi--sdu--g1--v2,2,False,2023,426.2,dim_score_700,False,SDU,Riyaziyyat müəllimliyi,I qrup,dövlət sifarişli,True,https://sec.az/kecid-ballari,
AZ,riyaziyyat-muellimliyi--sdu--g1--v2,2,False,2024,505.6,dim_score_700,False,SDU,Riyaziyyat müəllimliyi,I qrup,dövlət sifarişli,True,https://sec.az/kecid-ballari,
AZ,riyaziyyat-muellimliyi--sdu--g1--v2,2,False,2025,484.1,dim_score_700,False,SDU,Riyaziyyat müəllimliyi,I qrup,dövlət sifarişli,True,https://sec.az/kecid-ballari,
AZ,senaye-muhendisliyi--tau--g1,,True,2024,544.4,dim_score_700,False,TAU,Sənaye mühəndisliyi,I qrup,dövlət sifarişli,True,https://sec.az/kecid-ballari,
AZ,senaye-muhendisliyi--tau--g1,,True,2025,508.8,dim_score_700,False,TAU,Sənaye mühəndisliyi,I qrup,dövlət sifarişli,True,https://sec.az/kecid-ballari,
AZ,tarix-muellimliyi--gdu--g3,,True,2023,447.5,dim_score_700,False,GDU,Tarix müəllimliyi,III qrup,dövlət sifarişli,True,https://sec.az/kecid-ballari,
AZ,tarix-muellimliyi--gdu--g3,,True,2025,508.1,dim_score_700,False,GDU,Tarix müəllimliyi,III qrup,dövlət sifarişli,True,https://sec.az/kecid-ballari,
AZ,tarix-muellimliyi--khazar--g3,,True,2023,456.8,dim_score_700,False,Khazar,Tarix müəllimliyi,III qrup,dövlət sifarişli,True,https://sec.az/kecid-ballari,
AZ,tarix-muellimliyi--khazar--g3,,True,2025,507.8,dim_score_700,False,Khazar,Tarix müəllimliyi,III qrup,dövlət sifarişli,True,https://sec.az/kecid-ballari,
AZ,tarix-muellimliyi--adpu--g3,,True,2023,447.1,dim_score_700,False,ADPU,Tarix müəllimliyi,III qrup,dövlət sifarişli,True,https://sec.az/kecid-ballari,
AZ,tarix-muellimliyi--adpu--g3,,True,2025,506.9,dim_score_700,False,ADPU,Tarix müəllimliyi,III qrup,dövlət sifarişli,True,https://sec.az/kecid-ballari,
AZ,biznesin-idare-edilmesi--bdu--g2,,True,2024,506.6,dim_score_700,False,BDU,Biznesin idarə edilməsi,II qrup,dövlət sifarişli,True,https://sec.az/kecid-ballari,
AZ,biznesin-idare-edilmesi--bdu--g2,,True,2025,506.6,dim_score_700,False,BDU,Biznesin idarə edilməsi,II qrup,dövlət sifarişli,True,https://sec.az/kecid-ballari,
AZ,maliyye--adau--g2,,True,2023,432.1,dim_score_700,False,ADAU,Maliyyə,II qrup,dövlət sifarişli,True,https://sec.az/kecid-ballari,
AZ,maliyye--adau--g2,,True,2024,457.3,dim_score_700,False,ADAU,Maliyyə,II qrup,dövlət sifarişli,True,https://sec.az/kecid-ballari,
AZ,maliyye--adau--g2,,True,2025,506.4,dim_score_700,False,ADAU,Maliyyə,II qrup,dövlət sifarişli,True,https://sec.az/kecid-ballari,
AZ,filologiya-ispan-dili-ve-edebiyyati-uzre--adu--g3,,True,2025,506.2,dim_score_700,False,ADU,Filologiya (ispan dili və ədəbiyyatı üzrə),III qrup,dövlət sifarişli,True,https://sec.az/kecid-ballari,
AZ,i-btidai-sinif-muellimliyi--mdu--g3,,True,2023,432.1,dim_score_700,False,MDU,İbtidai sinif müəllimliyi,III qrup,dövlət sifarişli,True,https://sec.az/kecid-ballari,
AZ,i-btidai-sinif-muellimliyi--mdu--g3,,True,2025,505.8,dim_score_700,False,MDU,İbtidai sinif müəllimliyi,III qrup,dövlət sifarişli,True,https://sec.az/kecid-ballari,
AZ,maliyye--ldu--g2,,True,2023,449.3,dim_score_700,False,LDU,Maliyyə,II qrup,dövlət sifarişli,True,https://sec.az/kecid-ballari,
AZ,maliyye--ldu--g2,,True,2024,466.5,dim_score_700,False,LDU,Maliyyə,II qrup,dövlət sifarişli,True,https://sec.az/kecid-ballari,
AZ,maliyye--ldu--g2,,True,2025,504.6,dim_score_700,False,LDU,Maliyyə,II qrup,dövlət sifarişli,True,https://sec.az/kecid-ballari,
AZ,riyaziyyat-muellimliyi--ndu--g1,,True,2023,435.1,dim_score_700,False,NDU,Riyaziyyat müəllimliyi,I qrup,dövlət sifarişli,True,https://sec.az/kecid-ballari,
AZ,riyaziyyat-muellimliyi--ndu--g1,,True,2024,515.2,dim_score_700,False,NDU,Riyaziyyat müəllimliyi,I qrup,dövlət sifarişli,True,https://sec.az/kecid-ballari,
AZ,riyaziyyat-muellimliyi--ndu--g1,,True,2025,504.6,dim_score_700,False,NDU,Riyaziyyat müəllimliyi,I qrup,dövlət sifarişli,True,https://sec.az/kecid-ballari,
AZ,filologiya-alman-dili-ve-edebiyyati-uzre--bdu--g3,,True,2023,470.4,dim_score_700,False,BDU,Filologiya (alman dili və ədəbiyyatı üzrə),III qrup,dövlət sifarişli,True,https://sec.az/kecid-ballari,
AZ,filologiya-alman-dili-ve-edebiyyati-uzre--bdu--g3,,True,2024,507.6,dim_score_700,False,BDU,Filologiya (alman dili və ədəbiyyatı üzrə),III qrup,dövlət sifarişli,True,https://sec.az/kecid-ballari,
AZ,filologiya-alman-dili-ve-edebiyyati-uzre--bdu--g3,,True,2025,504.6,dim_score_700,False,BDU,Filologiya (alman dili və ədəbiyyatı üzrə),III qrup,dövlət sifarişli,True,https://sec.az/kecid-ballari,
AZ,filologiya-azerbaycan-dili-ve-edebiyyati-uzre--gdu--g3,,True,2025,504.3,dim_score_700,False,GDU,Filologiya (Azərbaycan dili və ədəbiyyatı üzrə),III qrup,dövlət sifarişli,True,https://sec.az/kecid-ballari,
AZ,riyaziyyat-muellimliyi--adpu--g1--v1,1,False,2024,504.2,dim_score_700,False,ADPU,Riyaziyyat müəllimliyi,I qrup,dövlət sifarişli,True,https://sec.az/kecid-ballari,
AZ,riyaziyyat-muellimliyi--adpu--g1--v1,1,False,2025,504.2,dim_score_700,False,ADPU,Riyaziyyat müəllimliyi,I qrup,dövlət sifarişli,True,https://sec.az/kecid-ballari,
AZ,riyaziyyat-muellimliyi--adpu--g1--v2,2,False,2023,486.6,dim_score_700,False,ADPU,Riyaziyyat müəllimliyi,I qrup,dövlət sifarişli,True,https://sec.az/kecid-ballari,
AZ,riyaziyyat-muellimliyi--adpu--g1--v2,2,False,2024,515.9,dim_score_700,False,ADPU,Riyaziyyat müəllimliyi,I qrup,dövlət sifarişli,True,https://sec.az/kecid-ballari,
AZ,riyaziyyat-muellimliyi--adpu--g1--v2,2,False,2025,497.4,dim_score_700,False,ADPU,Riyaziyyat müəllimliyi,I qrup,dövlət sifarişli,True,https://sec.az/kecid-ballari,
AZ,riyaziyyat-muellimliyi--adpu--g1--v3,3,False,2023,447.5,dim_score_700,False,ADPU,Riyaziyyat müəllimliyi,I qrup,dövlət sifarişli,True,https://sec.az/kecid-ballari,
AZ,riyaziyyat-muellimliyi--adpu--g1--v3,3,False,2024,499.7,dim_score_700,False,ADPU,Riyaziyyat müəllimliyi,I qrup,dövlət sifarişli,True,https://sec.az/kecid-ballari,
AZ,riyaziyyat-muellimliyi--adpu--g1--v3,3,False,2025,484.1,dim_score_700,False,ADPU,Riyaziyyat müəllimliyi,I qrup,dövlət sifarişli,True,https://sec.az/kecid-ballari,
AZ,i-btidai-sinif-muellimliyi-tedris-ingilis-dilinde--khazar--g3,,True,2023,423.0,dim_score_700,False,Khazar,İbtidai sinif müəllimliyi (tədris ingilis dilində),III qrup,dövlət sifarişli,True,https://sec.az/kecid-ballari,
AZ,i-btidai-sinif-muellimliyi-tedris-ingilis-dilinde--khazar--g3,,True,2025,503.8,dim_score_700,False,Khazar,İbtidai sinif müəllimliyi (tədris ingilis dilində),III qrup,dövlət sifarişli,True,https://sec.az/kecid-ballari,
AZ,psixologiya--ndu--g4,,True,2023,409.9,dim_score_700,False,NDU,Psixologiya,IV qrup,dövlət sifarişli,True,https://sec.az/kecid-ballari,
AZ,psixologiya--ndu--g4,,True,2024,459.4,dim_score_700,False,NDU,Psixologiya,IV qrup,dövlət sifarişli,True,https://sec.az/kecid-ballari,
AZ,psixologiya--ndu--g4,,True,2025,503.4,dim_score_700,False,NDU,Psixologiya,IV qrup,dövlət sifarişli,True,https://sec.az/kecid-ballari,
AZ,psixologiya--sdu--g4,,True,2023,417.6,dim_score_700,False,SDU,Psixologiya,IV qrup,dövlət sifarişli,True,https://sec.az/kecid-ballari,
AZ,psixologiya--sdu--g4,,True,2024,462.5,dim_score_700,False,SDU,Psixologiya,IV qrup,dövlət sifarişli,True,https://sec.az/kecid-ballari,
AZ,psixologiya--sdu--g4,,True,2025,503.0,dim_score_700,False,SDU,Psixologiya,IV qrup,dövlət sifarişli,True,https://sec.az/kecid-ballari,
AZ,biznesin-idare-edilmesi--adnsu--g2,,True,2023,447.3,dim_score_700,False,ADNSU,Biznesin idarə edilməsi,II qrup,dövlət sifarişli,True,https://sec.az/kecid-ballari,
AZ,biznesin-idare-edilmesi--adnsu--g2,,True,2024,475.0,dim_score_700,False,ADNSU,Biznesin idarə edilməsi,II qrup,dövlət sifarişli,True,https://sec.az/kecid-ballari,
AZ,biznesin-idare-edilmesi--adnsu--g2,,True,2025,502.6,dim_score_700,False,ADNSU,Biznesin idarə edilməsi,II qrup,dövlət sifarişli,True,https://sec.az/kecid-ballari,
AZ,filologiya-azerbaycan-dili-ve-edebiyyati-uzre--khazar--g3,,True,2025,502.3,dim_score_700,False,Khazar,Filologiya (Azərbaycan dili və ədəbiyyatı üzrə),III qrup,dövlət sifarişli,True,https://sec.az/kecid-ballari,
AZ,filologiya-ingilis-dili-ve-edebiyyati-uzre--bsu--g3,,True,2023,455.1,dim_score_700,False,BSU,Filologiya (ingilis dili və ədəbiyyatı üzrə),III qrup,dövlət sifarişli,True,https://sec.az/kecid-ballari,
AZ,filologiya-ingilis-dili-ve-edebiyyati-uzre--bsu--g3,,True,2025,501.7,dim_score_700,False,BSU,Filologiya (ingilis dili və ədəbiyyatı üzrə),III qrup,dövlət sifarişli,True,https://sec.az/kecid-ballari,
AZ,maliyye--ndu--g2,,True,2023,447.8,dim_score_700,False,NDU,Maliyyə,II qrup,dövlət sifarişli,True,https://sec.az/kecid-ballari,
AZ,maliyye--ndu--g2,,True,2024,463.5,dim_score_700,False,NDU,Maliyyə,II qrup,dövlət sifarişli,True,https://sec.az/kecid-ballari,
AZ,maliyye--ndu--g2,,True,2025,501.4,dim_score_700,False,NDU,Maliyyə,II qrup,dövlət sifarişli,True,https://sec.az/kecid-ballari,
AZ,kimya-muhendisliyi--bmu--g1--v1,1,False,2023,456.7,dim_score_700,False,BMU,Kimya mühəndisliyi,I qrup,dövlət sifarişli,True,https://sec.az/kecid-ballari,
AZ,kimya-muhendisliyi--bmu--g1--v1,1,False,2024,534.7,dim_score_700,False,BMU,Kimya mühəndisliyi,I qrup,dövlət sifarişli,True,https://sec.az/kecid-ballari,
AZ,kimya-muhendisliyi--bmu--g1--v1,1,False,2025,500.9,dim_score_700,False,BMU,Kimya mühəndisliyi,I qrup,dövlət sifarişli,True,https://sec.az/kecid-ballari,
AZ,kimya-muhendisliyi--bmu--g1--v2,2,False,2023,364.2,dim_score_700,False,BMU,Kimya mühəndisliyi,I qrup,dövlət sifarişli,True,https://sec.az/kecid-ballari,
AZ,kimya-muhendisliyi--bmu--g1--v2,2,False,2024,440.1,dim_score_700,False,BMU,Kimya mühəndisliyi,I qrup,dövlət sifarişli,True,https://sec.az/kecid-ballari,
AZ,kimya-muhendisliyi--bmu--g1--v2,2,False,2025,401.8,dim_score_700,False,BMU,Kimya mühəndisliyi,I qrup,dövlət sifarişli,True,https://sec.az/kecid-ballari,
AZ,filologiya-ingilis-dili-ve-edebiyyati-uzre-tedris-ingilis-dilinde--khazar--g3,,True,2023,455.6,dim_score_700,False,Khazar,"Filologiya (ingilis dili və ədəbiyyatı üzrə, tədris ingilis dilində)",III qrup,dövlət sifarişli,True,https://sec.az/kecid-ballari,
AZ,filologiya-ingilis-dili-ve-edebiyyati-uzre-tedris-ingilis-dilinde--khazar--g3,,True,2025,500.5,dim_score_700,False,Khazar,"Filologiya (ingilis dili və ədəbiyyatı üzrə, tədris ingilis dilində)",III qrup,dövlət sifarişli,True,https://sec.az/kecid-ballari,
AZ,maliyye--bdu--g2--v1,1,False,2023,437.8,dim_score_700,False,BDU,Maliyyə,II qrup,dövlət sifarişli,True,https://sec.az/kecid-ballari,
AZ,maliyye--bdu--g2--v1,1,False,2024,459.0,dim_score_700,False,BDU,Maliyyə,II qrup,dövlət sifarişli,True,https://sec.az/kecid-ballari,
AZ,maliyye--bdu--g2--v1,1,False,2025,500.4,dim_score_700,False,BDU,Maliyyə,II qrup,dövlət sifarişli,True,https://sec.az/kecid-ballari,
AZ,maliyye--bdu--g2--v2,2,False,2024,459.9,dim_score_700,False,BDU,Maliyyə,II qrup,dövlət sifarişli,True,https://sec.az/kecid-ballari,
AZ,maliyye--bdu--g2--v2,2,False,2025,495.3,dim_score_700,False,BDU,Maliyyə,II qrup,dövlət sifarişli,True,https://sec.az/kecid-ballari,
AZ,beynelxalq-munasibetler--bdu--g3--v1,1,False,2023,446.2,dim_score_700,False,BDU,Beynəlxalq münasibətlər,III qrup,dövlət sifarişli,True,https://sec.az/kecid-ballari,
AZ,beynelxalq-munasibetler--bdu--g3--v1,1,False,2024,481.5,dim_score_700,False,BDU,Beynəlxalq münasibətlər,III qrup,dövlət sifarişli,True,https://sec.az/kecid-ballari,
AZ,beynelxalq-munasibetler--bdu--g3--v1,1,False,2025,499.7,dim_score_700,False,BDU,Beynəlxalq münasibətlər,III qrup,dövlət sifarişli,True,https://sec.az/kecid-ballari,
AZ,beynelxalq-munasibetler--bdu--g3--v2,2,False,2023,431.7,dim_score_700,False,BDU,Beynəlxalq münasibətlər,III qrup,dövlət sifarişli,True,https://sec.az/kecid-ballari,
AZ,beynelxalq-munasibetler--bdu--g3--v2,2,False,2024,468.6,dim_score_700,False,BDU,Beynəlxalq münasibətlər,III qrup,dövlət sifarişli,True,https://sec.az/kecid-ballari,
AZ,beynelxalq-munasibetler--bdu--g3--v2,2,False,2025,481.4,dim_score_700,False,BDU,Beynəlxalq münasibətlər,III qrup,dövlət sifarişli,True,https://sec.az/kecid-ballari,
AZ,psixologiya-tedris-ingilis-dilinde--qku--g4,,True,2024,456.6,dim_score_700,False,QKU,Psixologiya (tədris ingilis dilində),IV qrup,dövlət sifarişli,True,https://sec.az/kecid-ballari,
AZ,psixologiya-tedris-ingilis-dilinde--qku--g4,,True,2025,499.1,dim_score_700,False,QKU,Psixologiya (tədris ingilis dilində),IV qrup,dövlət sifarişli,True,https://sec.az/kecid-ballari,
AZ,psixologiya--bsu--g4,,True,2023,421.0,dim_score_700,False,BSU,Psixologiya,IV qrup,dövlət sifarişli,True,https://sec.az/kecid-ballari,
AZ,psixologiya--bsu--g4,,True,2024,453.2,dim_score_700,False,BSU,Psixologiya,IV qrup,dövlət sifarişli,True,https://sec.az/kecid-ballari,
AZ,psixologiya--bsu--g4,,True,2025,499.0,dim_score_700,False,BSU,Psixologiya,IV qrup,dövlət sifarişli,True,https://sec.az/kecid-ballari,
AZ,filologiya-azerbaycan-dili-ve-edebiyyat-uzre--ndu--g3,,True,2025,497.8,dim_score_700,False,NDU,Filologiya (Azərbaycan dili və ədəbiyyat üzrə),III qrup,dövlət sifarişli,True,https://sec.az/kecid-ballari,
AZ,filologiya-ingilis-dili-ve-edebiyyati-uzre--adu--g3,,True,2023,476.7,dim_score_700,False,ADU,Filologiya (ingilis dili və ədəbiyyatı üzrə),III qrup,dövlət sifarişli,True,https://sec.az/kecid-ballari,
AZ,filologiya-ingilis-dili-ve-edebiyyati-uzre--adu--g3,,True,2025,497.6,dim_score_700,False,ADU,Filologiya (ingilis dili və ədəbiyyatı üzrə),III qrup,dövlət sifarişli,True,https://sec.az/kecid-ballari,
AZ,beynelxalq-ticaret-ve-logistika--dgka--g2--v1,1,False,2023,450.2,dim_score_700,False,DGKA,Beynəlxalq ticarət və logistika,II qrup,dövlət sifarişli,True,https://sec.az/kecid-ballari,
AZ,beynelxalq-ticaret-ve-logistika--dgka--g2--v1,1,False,2024,466.8,dim_score_700,False,DGKA,Beynəlxalq ticarət və logistika,II qrup,dövlət sifarişli,True,https://sec.az/kecid-ballari,
AZ,beynelxalq-ticaret-ve-logistika--dgka--g2--v1,1,False,2025,497.5,dim_score_700,False,DGKA,Beynəlxalq ticarət və logistika,II qrup,dövlət sifarişli,True,https://sec.az/kecid-ballari,
AZ,beynelxalq-ticaret-ve-logistika--dgka--g2--v2,2,False,2023,429.2,dim_score_700,False,DGKA,Beynəlxalq ticarət və logistika,II qrup,dövlət sifarişli,True,https://sec.az/kecid-ballari,
AZ,beynelxalq-ticaret-ve-logistika--dgka--g2--v2,2,False,2024,432.1,dim_score_700,False,DGKA,Beynəlxalq ticarət və logistika,II qrup,dövlət sifarişli,True,https://sec.az/kecid-ballari,
AZ,beynelxalq-ticaret-ve-logistika--dgka--g2--v2,2,False,2025,435.6,dim_score_700,False,DGKA,Beynəlxalq ticarət və logistika,II qrup,dövlət sifarişli,True,https://sec.az/kecid-ballari,
AZ,tehsilde-sosial-psixoloji-xidmet-samaxi-filiali--adpu--g3,,True,2025,496.6,dim_score_700,False,ADPU,Təhsildə sosial-psixoloji xidmət (Şamaxı filialı),III qrup,dövlət sifarişli,True,https://sec.az/kecid-ballari,
AZ,i-qtisadiyyat--aztu--g2--v1,1,False,2024,495.3,dim_score_700,False,AzTU,İqtisadiyyat,II qrup,dövlət sifarişli,True,https://sec.az/kecid-ballari,
AZ,i-qtisadiyyat--aztu--g2--v1,1,False,2025,495.3,dim_score_700,False,AzTU,İqtisadiyyat,II qrup,dövlət sifarişli,True,https://sec.az/kecid-ballari,
AZ,i-qtisadiyyat--aztu--g2--v2,2,False,2023,394.5,dim_score_700,False,AzTU,İqtisadiyyat,II qrup,dövlət sifarişli,True,https://sec.az/kecid-ballari,
AZ,i-qtisadiyyat--aztu--g2--v2,2,False,2024,407.4,dim_score_700,False,AzTU,İqtisadiyyat,II qrup,dövlət sifarişli,True,https://sec.az/kecid-ballari,
AZ,i-qtisadiyyat--aztu--g2--v2,2,False,2025,407.4,dim_score_700,False,AzTU,İqtisadiyyat,II qrup,dövlət sifarişli,True,https://sec.az/kecid-ballari,
AZ,maliyye--khazar--g2,,True,2023,451.4,dim_score_700,False,Khazar,Maliyyə,II qrup,dövlət sifarişli,True,https://sec.az/kecid-ballari,
AZ,maliyye--khazar--g2,,True,2024,457.4,dim_score_700,False,Khazar,Maliyyə,II qrup,dövlət sifarişli,True,https://sec.az/kecid-ballari,
AZ,maliyye--khazar--g2,,True,2025,494.3,dim_score_700,False,Khazar,Maliyyə,II qrup,dövlət sifarişli,True,https://sec.az/kecid-ballari,
AZ,riyaziyyat-muellimliyi--ldu--g1,,True,2023,428.5,dim_score_700,False,LDU,Riyaziyyat müəllimliyi,I qrup,dövlət sifarişli,True,https://sec.az/kecid-ballari,
AZ,riyaziyyat-muellimliyi--ldu--g1,,True,2024,512.1,dim_score_700,False,LDU,Riyaziyyat müəllimliyi,I qrup,dövlət sifarişli,True,https://sec.az/kecid-ballari,
AZ,riyaziyyat-muellimliyi--ldu--g1,,True,2025,493.6,dim_score_700,False,LDU,Riyaziyyat müəllimliyi,I qrup,dövlət sifarişli,True,https://sec.az/kecid-ballari,
AZ,i-nformasiya-texnologiyalari--dgka--g1,,True,2023,503.3,dim_score_700,False,DGKA,İnformasiya texnologiyaları,I qrup,dövlət sifarişli,True,https://sec.az/kecid-ballari,
AZ,i-nformasiya-texnologiyalari--dgka--g1,,True,2024,550.8,dim_score_700,False,DGKA,İnformasiya texnologiyaları,I qrup,dövlət sifarişli,True,https://sec.az/kecid-ballari,
AZ,i-nformasiya-texnologiyalari--dgka--g1,,True,2025,493.6,dim_score_700,False,DGKA,İnformasiya texnologiyaları,I qrup,dövlət sifarişli,True,https://sec.az/kecid-ballari,
AZ,beynelxalq-munasibetler-tedris-ingilis-dilinde--khazar--g3,,True,2023,433.3,dim_score_700,False,Khazar,Beynəlxalq münasibətlər (tədris ingilis dilində),III qrup,dövlət sifarişli,True,https://sec.az/kecid-ballari,
AZ,beynelxalq-munasibetler-tedris-ingilis-dilinde--khazar--g3,,True,2025,493.1,dim_score_700,False,Khazar,Beynəlxalq münasibətlər (tədris ingilis dilində),III qrup,dövlət sifarişli,True,https://sec.az/kecid-ballari,
AZ,i-nformasiya-tehlukesizliyi--dgka--g1,,True,2023,320.2,dim_score_700,False,DGKA,İnformasiya təhlükəsizliyi,I qrup,dövlət sifarişli,True,https://sec.az/kecid-ballari,
AZ,i-nformasiya-tehlukesizliyi--dgka--g1,,True,2024,518.9,dim_score_700,False,DGKA,İnformasiya təhlükəsizliyi,I qrup,dövlət sifarişli,True,https://sec.az/kecid-ballari,
AZ,i-nformasiya-tehlukesizliyi--dgka--g1,,True,2025,492.6,dim_score_700,False,DGKA,İnformasiya təhlükəsizliyi,I qrup,dövlət sifarişli,True,https://sec.az/kecid-ballari,
AZ,tercume-fransiz-dili-uzre--adu--g3,,True,2023,452.8,dim_score_700,False,ADU,Tərcümə (fransız dili üzrə),III qrup,dövlət sifarişli,True,https://sec.az/kecid-ballari,
AZ,tercume-fransiz-dili-uzre--adu--g3,,True,2025,492.5,dim_score_700,False,ADU,Tərcümə (fransız dili üzrə),III qrup,dövlət sifarişli,True,https://sec.az/kecid-ballari,
AZ,tibb-bacisi-qardasi-isi--qarabag-uni--g4,,True,2025,490.6,dim_score_700,False,Qarabağ Uni,Tibb bacısı (qardaşı) işi,IV qrup,dövlət sifarişli,True,https://sec.az/kecid-ballari,
AZ,beynelxalq-munasibetler--ndu--g3,,True,2023,454.3,dim_score_700,False,NDU,Beynəlxalq münasibətlər,III qrup,dövlət sifarişli,True,https://sec.az/kecid-ballari,
AZ,beynelxalq-munasibetler--ndu--g3,,True,2025,490.1,dim_score_700,False,NDU,Beynəlxalq münasibətlər,III qrup,dövlət sifarişli,True,https://sec.az/kecid-ballari,
AZ,i-nformasiya-texnologiyalari--maa--g1--v1,1,False,2023,480.7,dim_score_700,False,MAA,İnformasiya texnologiyaları,I qrup,dövlət sifarişli,True,https://sec.az/kecid-ballari,
AZ,i-nformasiya-texnologiyalari--maa--g1--v1,1,False,2024,501.7,dim_score_700,False,MAA,İnformasiya texnologiyaları,I qrup,dövlət sifarişli,True,https://sec.az/kecid-ballari,
AZ,i-nformasiya-texnologiyalari--maa--g1--v1,1,False,2025,489.9,dim_score_700,False,MAA,İnformasiya texnologiyaları,I qrup,dövlət sifarişli,True,https://sec.az/kecid-ballari,
AZ,i-nformasiya-texnologiyalari--maa--g1--v2,2,False,2023,408.1,dim_score_700,False,MAA,İnformasiya texnologiyaları,I qrup,dövlət sifarişli,True,https://sec.az/kecid-ballari,
AZ,i-nformasiya-texnologiyalari--maa--g1--v2,2,False,2024,423.9,dim_score_700,False,MAA,İnformasiya texnologiyaları,I qrup,dövlət sifarişli,True,https://sec.az/kecid-ballari,
AZ,i-nformasiya-texnologiyalari--maa--g1--v2,2,False,2025,421.9,dim_score_700,False,MAA,İnformasiya texnologiyaları,I qrup,dövlət sifarişli,True,https://sec.az/kecid-ballari,
AZ,tercume-ispan-dili-uzre--adu--g3,,True,2023,463.1,dim_score_700,False,ADU,Tərcümə (ispan dili üzrə),III qrup,dövlət sifarişli,True,https://sec.az/kecid-ballari,
AZ,tercume-ispan-dili-uzre--adu--g3,,True,2025,489.8,dim_score_700,False,ADU,Tərcümə (ispan dili üzrə),III qrup,dövlət sifarişli,True,https://sec.az/kecid-ballari,
AZ,tercume-alman-dili-uzre--adu--g3,,True,2023,463.9,dim_score_700,False,ADU,Tərcümə (alman dili üzrə),III qrup,dövlət sifarişli,True,https://sec.az/kecid-ballari,
AZ,tercume-alman-dili-uzre--adu--g3,,True,2025,489.4,dim_score_700,False,ADU,Tərcümə (alman dili üzrə),III qrup,dövlət sifarişli,True,https://sec.az/kecid-ballari,
AZ,tercume-ingilis-dili-azerbaycan-dili--ndu--g3,,True,2023,480.1,dim_score_700,False,NDU,Tərcümə (ingilis dili-Azərbaycan dili),III qrup,dövlət sifarişli,True,https://sec.az/kecid-ballari,
AZ,tercume-ingilis-dili-azerbaycan-dili--ndu--g3,,True,2025,488.5,dim_score_700,False,NDU,Tərcümə (ingilis dili-Azərbaycan dili),III qrup,dövlət sifarişli,True,https://sec.az/kecid-ballari,
AZ,beynelxalq-munasibetler--adu--g3--v1,1,False,2023,433.4,dim_score_700,False,ADU,Beynəlxalq münasibətlər,III qrup,dövlət sifarişli,True,https://sec.az/kecid-ballari,
AZ,beynelxalq-munasibetler--adu--g3--v1,1,False,2025,488.1,dim_score_700,False,ADU,Beynəlxalq münasibətlər,III qrup,dövlət sifarişli,True,https://sec.az/kecid-ballari,
AZ,beynelxalq-munasibetler--adu--g3--v2,2,False,2023,441.7,dim_score_700,False,ADU,Beynəlxalq münasibətlər,III qrup,dövlət sifarişli,True,https://sec.az/kecid-ballari,
AZ,beynelxalq-munasibetler--adu--g3--v2,2,False,2025,441.7,dim_score_700,False,ADU,Beynəlxalq münasibətlər,III qrup,dövlət sifarişli,True,https://sec.az/kecid-ballari,
AZ,tercume-azerbaycan-dili-ingilis-dili--bsu--g3,,True,2023,450.2,dim_score_700,False,BSU,Tərcümə (Azərbaycan dili-ingilis dili),III qrup,dövlət sifarişli,True,https://sec.az/kecid-ballari,
AZ,tercume-azerbaycan-dili-ingilis-dili--bsu--g3,,True,2025,487.9,dim_score_700,False,BSU,Tərcümə (Azərbaycan dili-ingilis dili),III qrup,dövlət sifarişli,True,https://sec.az/kecid-ballari,
AZ,tercume-ingilis-dili-uzre--adu--g3,,True,2023,475.0,dim_score_700,False,ADU,Tərcümə (ingilis dili üzrə),III qrup,dövlət sifarişli,True,https://sec.az/kecid-ballari,
AZ,tercume-ingilis-dili-uzre--adu--g3,,True,2025,487.7,dim_score_700,False,ADU,Tərcümə (ingilis dili üzrə),III qrup,dövlət sifarişli,True,https://sec.az/kecid-ballari,
AZ,sosial-is--unec--g3--v1,1,False,2023,430.9,dim_score_700,False,UNEC,Sosial iş,III qrup,dövlət sifarişli,True,https://sec.az/kecid-ballari,
AZ,sosial-is--unec--g3--v1,1,False,2025,487.4,dim_score_700,False,UNEC,Sosial iş,III qrup,dövlət sifarişli,True,https://sec.az/kecid-ballari,
AZ,sosial-is--unec--g3--v2,2,False,2023,392.6,dim_score_700,False,UNEC,Sosial iş,III qrup,dövlət sifarişli,True,https://sec.az/kecid-ballari,
AZ,sosial-is--unec--g3--v2,2,False,2025,458.1,dim_score_700,False,UNEC,Sosial iş,III qrup,dövlət sifarişli,True,https://sec.az/kecid-ballari,
AZ,tercume-ingilis-ereb-fars-ve-cin-dilleri-tedris-ingilis-dilinde--khazar--g3,,True,2023,446.7,dim_score_700,False,Khazar,"Tərcümə (ingilis, ərəb, fars və çin dilləri, tədris ingilis dilində)",III qrup,dövlət sifarişli,True,https://sec.az/kecid-ballari,
AZ,tercume-ingilis-ereb-fars-ve-cin-dilleri-tedris-ingilis-dilinde--khazar--g3,,True,2025,487.4,dim_score_700,False,Khazar,"Tərcümə (ingilis, ərəb, fars və çin dilləri, tədris ingilis dilində)",III qrup,dövlət sifarişli,True,https://sec.az/kecid-ballari,
AZ,riyaziyyat-muellimliyi--mdu--g1,,True,2023,459.8,dim_score_700,False,MDU,Riyaziyyat müəllimliyi,I qrup,dövlət sifarişli,True,https://sec.az/kecid-ballari,
AZ,riyaziyyat-muellimliyi--mdu--g1,,True,2024,511.3,dim_score_700,False,MDU,Riyaziyyat müəllimliyi,I qrup,dövlət sifarişli,True,https://sec.az/kecid-ballari,
AZ,riyaziyyat-muellimliyi--mdu--g1,,True,2025,486.9,dim_score_700,False,MDU,Riyaziyyat müəllimliyi,I qrup,dövlət sifarişli,True,https://sec.az/kecid-ballari,
AZ,biznesin-idare-edilmesi--khazar--g2,,True,2023,446.6,dim_score_700,False,Khazar,Biznesin idarə edilməsi,II qrup,dövlət sifarişli,True,https://sec.az/kecid-ballari,
AZ,biznesin-idare-edilmesi--khazar--g2,,True,2024,486.9,dim_score_700,False,Khazar,Biznesin idarə edilməsi,II qrup,dövlət sifarişli,True,https://sec.az/kecid-ballari,
AZ,biznesin-idare-edilmesi--khazar--g2,,True,2025,486.9,dim_score_700,False,Khazar,Biznesin idarə edilməsi,II qrup,dövlət sifarişli,True,https://sec.az/kecid-ballari,
AZ,riyaziyyat-muellimliyi--gdu--g1,,True,2023,429.5,dim_score_700,False,GDU,Riyaziyyat müəllimliyi,I qrup,dövlət sifarişli,True,https://sec.az/kecid-ballari,
AZ,riyaziyyat-muellimliyi--gdu--g1,,True,2024,503.6,dim_score_700,False,GDU,Riyaziyyat müəllimliyi,I qrup,dövlət sifarişli,True,https://sec.az/kecid-ballari,
AZ,riyaziyyat-muellimliyi--gdu--g1,,True,2025,486.0,dim_score_700,False,GDU,Riyaziyyat müəllimliyi,I qrup,dövlət sifarişli,True,https://sec.az/kecid-ballari,
AZ,psixologiya--qarabag-uni--g4,,True,2024,425.3,dim_score_700,False,Qarabağ Uni,Psixologiya,IV qrup,dövlət sifarişli,True,https://sec.az/kecid-ballari,
AZ,psixologiya--qarabag-uni--g4,,True,2025,485.9,dim_score_700,False,Qarabağ Uni,Psixologiya,IV qrup,dövlət sifarişli,True,https://sec.az/kecid-ballari,
AZ,kimya--ndu--g4,,True,2023,216.4,dim_score_700,False,NDU,Kimya,IV qrup,dövlət sifarişli,True,https://sec.az/kecid-ballari,
AZ,kimya--ndu--g4,,True,2024,414.5,dim_score_700,False,NDU,Kimya,IV qrup,dövlət sifarişli,True,https://sec.az/kecid-ballari,
AZ,kimya--ndu--g4,,True,2025,485.2,dim_score_700,False,NDU,Kimya,IV qrup,dövlət sifarişli,True,https://sec.az/kecid-ballari,
AZ,memarliq--azmi-u--g1--v1,1,False,2023,469.0,dim_score_700,False,AzMİU,Memarlıq,I qrup,dövlət sifarişli,True,https://sec.az/kecid-ballari,
AZ,memarliq--azmi-u--g1--v1,1,False,2024,483.3,dim_score_700,False,AzMİU,Memarlıq,I qrup,dövlət sifarişli,True,https://sec.az/kecid-ballari,
AZ,memarliq--azmi-u--g1--v1,1,False,2025,484.7,dim_score_700,False,AzMİU,Memarlıq,I qrup,dövlət sifarişli,True,https://sec.az/kecid-ballari,
AZ,memarliq--azmi-u--g1--v2,2,False,2023,288.1,dim_score_700,False,AzMİU,Memarlıq,I qrup,dövlət sifarişli,True,https://sec.az/kecid-ballari,
AZ,memarliq--azmi-u--g1--v2,2,False,2024,310.0,dim_score_700,False,AzMİU,Memarlıq,I qrup,dövlət sifarişli,True,https://sec.az/kecid-ballari,
AZ,memarliq--azmi-u--g1--v2,2,False,2025,328.9,dim_score_700,False,AzMİU,Memarlıq,I qrup,dövlət sifarişli,True,https://sec.az/kecid-ballari,
AZ,sosial-is--qku--g3,,True,2023,390.3,dim_score_700,False,QKU,Sosial iş,III qrup,dövlət sifarişli,True,https://sec.az/kecid-ballari,
AZ,sosial-is--qku--g3,,True,2025,483.2,dim_score_700,False,QKU,Sosial iş,III qrup,dövlət sifarişli,True,https://sec.az/kecid-ballari,
AZ,tibb-bacisi-qardasi-isi--ndu--g4,,True,2024,503.3,dim_score_700,False,NDU,Tibb bacısı (qardaşı) işi,IV qrup,dövlət sifarişli,True,https://sec.az/kecid-ballari,
AZ,tibb-bacisi-qardasi-isi--ndu--g4,,True,2025,482.4,dim_score_700,False,NDU,Tibb bacısı (qardaşı) işi,IV qrup,dövlət sifarişli,True,https://sec.az/kecid-ballari,
AZ,sosial-is--ldu--g3--v1,1,False,2025,482.3,dim_score_700,False,LDU,Sosial iş,III qrup,dövlət sifarişli,True,https://sec.az/kecid-ballari,
AZ,sosial-is--ldu--g3--v2,2,False,2023,403.6,dim_score_700,False,LDU,Sosial iş,III qrup,dövlət sifarişli,True,https://sec.az/kecid-ballari,
AZ,sosial-is--ldu--g3--v2,2,False,2025,456.5,dim_score_700,False,LDU,Sosial iş,III qrup,dövlət sifarişli,True,https://sec.az/kecid-ballari,
AZ,tehsilde-sosial-psixoloji-xidmet--bdu--g3,,True,2023,419.1,dim_score_700,False,BDU,Təhsildə sosial-psixoloji xidmət,III qrup,dövlət sifarişli,True,https://sec.az/kecid-ballari,
AZ,tehsilde-sosial-psixoloji-xidmet--bdu--g3,,True,2024,460.1,dim_score_700,False,BDU,Təhsildə sosial-psixoloji xidmət,III qrup,dövlət sifarişli,True,https://sec.az/kecid-ballari,
AZ,tehsilde-sosial-psixoloji-xidmet--bdu--g3,,True,2025,481.7,dim_score_700,False,BDU,Təhsildə sosial-psixoloji xidmət,III qrup,dövlət sifarişli,True,https://sec.az/kecid-ballari,
AZ,kimya-muhendisliyi--sdu--g1,,True,2023,312.9,dim_score_700,False,SDU,Kimya mühəndisliyi,I qrup,dövlət sifarişli,True,https://sec.az/kecid-ballari,
AZ,kimya-muhendisliyi--sdu--g1,,True,2024,465.4,dim_score_700,False,SDU,Kimya mühəndisliyi,I qrup,dövlət sifarişli,True,https://sec.az/kecid-ballari,
AZ,kimya-muhendisliyi--sdu--g1,,True,2025,481.6,dim_score_700,False,SDU,Kimya mühəndisliyi,I qrup,dövlət sifarişli,True,https://sec.az/kecid-ballari,
AZ,i-btidai-sinif-muellimliyi-celilabad-filiali--adpu--g3,,True,2023,418.1,dim_score_700,False,ADPU,İbtidai sinif müəllimliyi (Cəlilabad filialı),III qrup,dövlət sifarişli,True,https://sec.az/kecid-ballari,
AZ,i-btidai-sinif-muellimliyi-celilabad-filiali--adpu--g3,,True,2025,481.2,dim_score_700,False,ADPU,İbtidai sinif müəllimliyi (Cəlilabad filialı),III qrup,dövlət sifarişli,True,https://sec.az/kecid-ballari,
AZ,beynelxalq-munasibetler--unec--g3,,True,2023,434.4,dim_score_700,False,UNEC,Beynəlxalq münasibətlər,III qrup,dövlət sifarişli,True,https://sec.az/kecid-ballari,
AZ,beynelxalq-munasibetler--unec--g3,,True,2025,480.6,dim_score_700,False,UNEC,Beynəlxalq münasibətlər,III qrup,dövlət sifarişli,True,https://sec.az/kecid-ballari,
AZ,i-btidai-sinif-muellimliyi--adpu--g3--v1,1,False,2023,443.3,dim_score_700,False,ADPU,İbtidai sinif müəllimliyi,III qrup,dövlət sifarişli,True,https://sec.az/kecid-ballari,
AZ,i-btidai-sinif-muellimliyi--adpu--g3--v1,1,False,2025,480.4,dim_score_700,False,ADPU,İbtidai sinif müəllimliyi,III qrup,dövlət sifarişli,True,https://sec.az/kecid-ballari,
AZ,i-btidai-sinif-muellimliyi--adpu--g3--v2,2,False,2023,416.1,dim_score_700,False,ADPU,İbtidai sinif müəllimliyi,III qrup,dövlət sifarişli,True,https://sec.az/kecid-ballari,
AZ,i-btidai-sinif-muellimliyi--adpu--g3--v2,2,False,2025,475.5,dim_score_700,False,ADPU,İbtidai sinif müəllimliyi,III qrup,dövlət sifarişli,True,https://sec.az/kecid-ballari,
AZ,beynelxalq-munasibetler-tedris-turk-dilinde--unec--g3,,True,2023,437.3,dim_score_700,False,UNEC,Beynəlxalq münasibətlər (tədris türk dilində),III qrup,dövlət sifarişli,True,https://sec.az/kecid-ballari,
AZ,beynelxalq-munasibetler-tedris-turk-dilinde--unec--g3,,True,2025,480.3,dim_score_700,False,UNEC,Beynəlxalq münasibətlər (tədris türk dilində),III qrup,dövlət sifarişli,True,https://sec.az/kecid-ballari,
AZ,jurnalistika--bdu--g3--v1,1,False,2023,383.3,dim_score_700,False,BDU,Jurnalistika,III qrup,dövlət sifarişli,True,https://sec.az/kecid-ballari,
AZ,jurnalistika--bdu--g3--v1,1,False,2024,445.4,dim_score_700,False,BDU,Jurnalistika,III qrup,dövlət sifarişli,True,https://sec.az/kecid-ballari,
AZ,jurnalistika--bdu--g3--v1,1,False,2025,479.9,dim_score_700,False,BDU,Jurnalistika,III qrup,dövlət sifarişli,True,https://sec.az/kecid-ballari,
AZ,jurnalistika--bdu--g3--v2,2,False,2023,326.0,dim_score_700,False,BDU,Jurnalistika,III qrup,dövlət sifarişli,True,https://sec.az/kecid-ballari,
AZ,jurnalistika--bdu--g3--v2,2,False,2024,386.9,dim_score_700,False,BDU,Jurnalistika,III qrup,dövlət sifarişli,True,https://sec.az/kecid-ballari,
AZ,jurnalistika--bdu--g3--v2,2,False,2025,423.6,dim_score_700,False,BDU,Jurnalistika,III qrup,dövlət sifarişli,True,https://sec.az/kecid-ballari,
AZ,dil-ve-edebiyyat-muellimliyi-alman-dili-ve-edebiyyati-uzre--adu--g3,,True,2023,431.8,dim_score_700,False,ADU,Dil və ədəbiyyat müəllimliyi (alman dili və ədəbiyyatı üzrə),III qrup,dövlət sifarişli,True,https://sec.az/kecid-ballari,
AZ,dil-ve-edebiyyat-muellimliyi-alman-dili-ve-edebiyyati-uzre--adu--g3,,True,2025,479.9,dim_score_700,False,ADU,Dil və ədəbiyyat müəllimliyi (alman dili və ədəbiyyatı üzrə),III qrup,dövlət sifarişli,True,https://sec.az/kecid-ballari,
AZ,i-qtisadiyyat--mdu--g2,,True,2023,413.3,dim_score_700,False,MDU,İqtisadiyyat,II qrup,dövlət sifarişli,True,https://sec.az/kecid-ballari,
AZ,i-qtisadiyyat--mdu--g2,,True,2024,429.2,dim_score_700,False,MDU,İqtisadiyyat,II qrup,dövlət sifarişli,True,https://sec.az/kecid-ballari,
AZ,i-qtisadiyyat--mdu--g2,,True,2025,479.8,dim_score_700,False,MDU,İqtisadiyyat,II qrup,dövlət sifarişli,True,https://sec.az/kecid-ballari,
AZ,kimya--gdu--g4,,True,2023,227.4,dim_score_700,False,GDU,Kimya,IV qrup,dövlət sifarişli,True,https://sec.az/kecid-ballari,
AZ,kimya--gdu--g4,,True,2025,478.8,dim_score_700,False,GDU,Kimya,IV qrup,dövlət sifarişli,True,https://sec.az/kecid-ballari,
AZ,i-btidai-sinif-muellimliyi--sdu--g3,,True,2023,420.2,dim_score_700,False,SDU,İbtidai sinif müəllimliyi,III qrup,dövlət sifarişli,True,https://sec.az/kecid-ballari,
AZ,i-btidai-sinif-muellimliyi--sdu--g3,,True,2025,477.6,dim_score_700,False,SDU,İbtidai sinif müəllimliyi,III qrup,dövlət sifarişli,True,https://sec.az/kecid-ballari,
AZ,kimya-tedris-ingilis-dilinde--bmu--g4,,True,2024,442.8,dim_score_700,False,BMU,Kimya (tədris ingilis dilində),IV qrup,dövlət sifarişli,True,https://sec.az/kecid-ballari,
AZ,kimya-tedris-ingilis-dilinde--bmu--g4,,True,2025,477.2,dim_score_700,False,BMU,Kimya (tədris ingilis dilində),IV qrup,dövlət sifarişli,True,https://sec.az/kecid-ballari,
AZ,xarici-dil-muellimliyi-ingilis-dili-uzre--qarabag-uni--g3,,True,2025,477.0,dim_score_700,False,Qarabağ Uni,Xarici dil müəllimliyi (ingilis dili üzrə),III qrup,dövlət sifarişli,True,https://sec.az/kecid-ballari,
AZ,i-btidai-sinif-muellimliyi--khazar--g3,,True,2023,416.1,dim_score_700,False,Khazar,İbtidai sinif müəllimliyi,III qrup,dövlət sifarişli,True,https://sec.az/kecid-ballari,
AZ,i-btidai-sinif-muellimliyi--khazar--g3,,True,2025,476.2,dim_score_700,False,Khazar,İbtidai sinif müəllimliyi,III qrup,dövlət sifarişli,True,https://sec.az/kecid-ballari,
AZ,maliyye--mdu--g2,,True,2024,475.6,dim_score_700,False,MDU,Maliyyə,II qrup,dövlət sifarişli,True,https://sec.az/kecid-ballari,
AZ,maliyye--mdu--g2,,True,2025,475.6,dim_score_700,False,MDU,Maliyyə,II qrup,dövlət sifarişli,True,https://sec.az/kecid-ballari,
AZ,i-btidai-sinif-muellimliyi--bsu--g3,,True,2023,417.0,dim_score_700,False,BSU,İbtidai sinif müəllimliyi,III qrup,dövlət sifarişli,True,https://sec.az/kecid-ballari,
AZ,i-btidai-sinif-muellimliyi--bsu--g3,,True,2025,475.5,dim_score_700,False,BSU,İbtidai sinif müəllimliyi,III qrup,dövlət sifarişli,True,https://sec.az/kecid-ballari,
AZ,i-btidai-sinif-muellimliyi-seki-filiali--adpu--g3,,True,2023,436.1,dim_score_700,False,ADPU,İbtidai sinif müəllimliyi (Şəki filialı),III qrup,dövlət sifarişli,True,https://sec.az/kecid-ballari,
AZ,i-btidai-sinif-muellimliyi-seki-filiali--adpu--g3,,True,2025,475.3,dim_score_700,False,ADPU,İbtidai sinif müəllimliyi (Şəki filialı),III qrup,dövlət sifarişli,True,https://sec.az/kecid-ballari,
AZ,tehsilde-sosial-psixoloji-xidmet--adu--g3,,True,2023,417.2,dim_score_700,False,ADU,Təhsildə sosial-psixoloji xidmət,III qrup,dövlət sifarişli,True,https://sec.az/kecid-ballari,
AZ,tehsilde-sosial-psixoloji-xidmet--adu--g3,,True,2025,474.5,dim_score_700,False,ADU,Təhsildə sosial-psixoloji xidmət,III qrup,dövlət sifarişli,True,https://sec.az/kecid-ballari,
AZ,senaye-muhendisliyi--adnsu--g1--v1,1,False,2023,467.8,dim_score_700,False,ADNSU,Sənaye mühəndisliyi,I qrup,dövlət sifarişli,True,https://sec.az/kecid-ballari,
AZ,senaye-muhendisliyi--adnsu--g1--v1,1,False,2024,526.2,dim_score_700,False,ADNSU,Sənaye mühəndisliyi,I qrup,dövlət sifarişli,True,https://sec.az/kecid-ballari,
AZ,senaye-muhendisliyi--adnsu--g1--v1,1,False,2025,474.4,dim_score_700,False,ADNSU,Sənaye mühəndisliyi,I qrup,dövlət sifarişli,True,https://sec.az/kecid-ballari,
AZ,senaye-muhendisliyi--adnsu--g1--v2,2,False,2023,296.6,dim_score_700,False,ADNSU,Sənaye mühəndisliyi,I qrup,dövlət sifarişli,True,https://sec.az/kecid-ballari,
AZ,senaye-muhendisliyi--adnsu--g1--v2,2,False,2024,307.6,dim_score_700,False,ADNSU,Sənaye mühəndisliyi,I qrup,dövlət sifarişli,True,https://sec.az/kecid-ballari,
AZ,senaye-muhendisliyi--adnsu--g1--v2,2,False,2025,291.6,dim_score_700,False,ADNSU,Sənaye mühəndisliyi,I qrup,dövlət sifarişli,True,https://sec.az/kecid-ballari,
AZ,sosial-is--asma--g3,,True,2023,395.0,dim_score_700,False,ASMA,Sosial iş,III qrup,dövlət sifarişli,True,https://sec.az/kecid-ballari,
AZ,sosial-is--asma--g3,,True,2025,474.2,dim_score_700,False,ASMA,Sosial iş,III qrup,dövlət sifarişli,True,https://sec.az/kecid-ballari,
AZ,biologiya-muellimliyi--gdu--g4,,True,2025,473.7,dim_score_700,False,GDU,Biologiya müəllimliyi,IV qrup,dövlət sifarişli,True,https://sec.az/kecid-ballari,
AZ,sosial-is-qazax-filiali--bdu--g3--v1,1,False,2024,528.3,dim_score_700,False,BDU,Sosial iş (Qazax filialı),III qrup,dövlət sifarişli,True,https://sec.az/kecid-ballari,
AZ,sosial-is-qazax-filiali--bdu--g3--v1,1,False,2025,472.5,dim_score_700,False,BDU,Sosial iş (Qazax filialı),III qrup,dövlət sifarişli,True,https://sec.az/kecid-ballari,
AZ,sosial-is-qazax-filiali--bdu--g3--v2,2,False,2023,389.6,dim_score_700,False,BDU,Sosial iş (Qazax filialı),III qrup,dövlət sifarişli,True,https://sec.az/kecid-ballari,
AZ,sosial-is-qazax-filiali--bdu--g3--v2,2,False,2024,441.7,dim_score_700,False,BDU,Sosial iş (Qazax filialı),III qrup,dövlət sifarişli,True,https://sec.az/kecid-ballari,
AZ,sosial-is-qazax-filiali--bdu--g3--v2,2,False,2025,441.7,dim_score_700,False,BDU,Sosial iş (Qazax filialı),III qrup,dövlət sifarişli,True,https://sec.az/kecid-ballari,
AZ,sosial-is-quba-filiali--adpu--g3,,True,2023,438.4,dim_score_700,False,ADPU,Sosial iş (Quba filialı),III qrup,dövlət sifarişli,True,https://sec.az/kecid-ballari,
AZ,sosial-is-quba-filiali--adpu--g3,,True,2025,471.6,dim_score_700,False,ADPU,Sosial iş (Quba filialı),III qrup,dövlət sifarişli,True,https://sec.az/kecid-ballari,
AZ,tarix-muellimliyi--qarabag-uni--g3,,True,2025,469.7,dim_score_700,False,Qarabağ Uni,Tarix müəllimliyi,III qrup,dövlət sifarişli,True,https://sec.az/kecid-ballari,
AZ,tercume-ingilis-dili-uzre--qku--g3,,True,2023,469.5,dim_score_700,False,QKU,Tərcümə (ingilis dili üzrə),III qrup,dövlət sifarişli,True,https://sec.az/kecid-ballari,
AZ,tercume-ingilis-dili-uzre--qku--g3,,True,2025,469.5,dim_score_700,False,QKU,Tərcümə (ingilis dili üzrə),III qrup,dövlət sifarişli,True,https://sec.az/kecid-ballari,
AZ,deniz-naviqasiyasi-muhendisliyi--adda--g1--v1,1,False,2023,489.3,dim_score_700,False,ADDA,Dəniz naviqasiyası mühəndisliyi,I qrup,dövlət sifarişli,True,https://sec.az/kecid-ballari,
AZ,deniz-naviqasiyasi-muhendisliyi--adda--g1--v1,1,False,2024,471.3,dim_score_700,False,ADDA,Dəniz naviqasiyası mühəndisliyi,I qrup,dövlət sifarişli,True,https://sec.az/kecid-ballari,
AZ,deniz-naviqasiyasi-muhendisliyi--adda--g1--v1,1,False,2025,468.8,dim_score_700,False,ADDA,Dəniz naviqasiyası mühəndisliyi,I qrup,dövlət sifarişli,True,https://sec.az/kecid-ballari,
AZ,deniz-naviqasiyasi-muhendisliyi--adda--g1--v2,2,False,2023,412.5,dim_score_700,False,ADDA,Dəniz naviqasiyası mühəndisliyi,I qrup,dövlət sifarişli,True,https://sec.az/kecid-ballari,
AZ,deniz-naviqasiyasi-muhendisliyi--adda--g1--v2,2,False,2024,425.8,dim_score_700,False,ADDA,Dəniz naviqasiyası mühəndisliyi,I qrup,dövlət sifarişli,True,https://sec.az/kecid-ballari,
AZ,deniz-naviqasiyasi-muhendisliyi--adda--g1--v2,2,False,2025,385.7,dim_score_700,False,ADDA,Dəniz naviqasiyası mühəndisliyi,I qrup,dövlət sifarişli,True,https://sec.az/kecid-ballari,
AZ,kimya--bmu--g4,,True,2025,468.4,dim_score_700,False,BMU,Kimya,IV qrup,dövlət sifarişli,True,https://sec.az/kecid-ballari,
AZ,i-qtisadiyyat--adau--g2--v1,1,False,2023,387.9,dim_score_700,False,ADAU,İqtisadiyyat,II qrup,dövlət sifarişli,True,https://sec.az/kecid-ballari,
AZ,i-qtisadiyyat--adau--g2--v1,1,False,2024,413.0,dim_score_700,False,ADAU,İqtisadiyyat,II qrup,dövlət sifarişli,True,https://sec.az/kecid-ballari,
AZ,i-qtisadiyyat--adau--g2--v1,1,False,2025,466.3,dim_score_700,False,ADAU,İqtisadiyyat,II qrup,dövlət sifarişli,True,https://sec.az/kecid-ballari,
AZ,i-qtisadiyyat--adau--g2--v2,2,False,2023,381.7,dim_score_700,False,ADAU,İqtisadiyyat,II qrup,dövlət sifarişli,True,https://sec.az/kecid-ballari,
AZ,i-qtisadiyyat--adau--g2--v2,2,False,2024,410.9,dim_score_700,False,ADAU,İqtisadiyyat,II qrup,dövlət sifarişli,True,https://sec.az/kecid-ballari,
AZ,i-qtisadiyyat--adau--g2--v2,2,False,2025,460.1,dim_score_700,False,ADAU,İqtisadiyyat,II qrup,dövlət sifarişli,True,https://sec.az/kecid-ballari,
AZ,sosial-is-tedris-ingilis-dilinde--qku--g3,,True,2025,465.7,dim_score_700,False,QKU,Sosial iş (tədris ingilis dilində),III qrup,dövlət sifarişli,True,https://sec.az/kecid-ballari,
AZ,sosial-is-seki-filiali--adpu--g3,,True,2023,414.3,dim_score_700,False,ADPU,Sosial iş (Şəki filialı),III qrup,dövlət sifarişli,True,https://sec.az/kecid-ballari,
AZ,sosial-is-seki-filiali--adpu--g3,,True,2025,465.2,dim_score_700,False,ADPU,Sosial iş (Şəki filialı),III qrup,dövlət sifarişli,True,https://sec.az/kecid-ballari,
AZ,sosial-is--baau--g3,,True,2023,390.4,dim_score_700,False,BAAU,Sosial iş,III qrup,dövlət sifarişli,True,https://sec.az/kecid-ballari,
AZ,sosial-is--baau--g3,,True,2025,464.7,dim_score_700,False,BAAU,Sosial iş,III qrup,dövlət sifarişli,True,https://sec.az/kecid-ballari,
AZ,dil-ve-edebiyyat-muellimliyi-ingilis-dili-ve-edebiyyati-uzre--mdu--g3,,True,2023,417.0,dim_score_700,False,MDU,Dil və ədəbiyyat müəllimliyi (ingilis dili və ədəbiyyatı üzrə),III qrup,dövlət sifarişli,True,https://sec.az/kecid-ballari,
AZ,dil-ve-edebiyyat-muellimliyi-ingilis-dili-ve-edebiyyati-uzre--mdu--g3,,True,2025,464.2,dim_score_700,False,MDU,Dil və ədəbiyyat müəllimliyi (ingilis dili və ədəbiyyatı üzrə),III qrup,dövlət sifarişli,True,https://sec.az/kecid-ballari,
AZ,sosial-is--adpu--g3,,True,2023,413.3,dim_score_700,False,ADPU,Sosial iş,III qrup,dövlət sifarişli,True,https://sec.az/kecid-ballari,
AZ,sosial-is--adpu--g3,,True,2025,464.1,dim_score_700,False,ADPU,Sosial iş,III qrup,dövlət sifarişli,True,https://sec.az/kecid-ballari,
AZ,psixologiya--qku--g4,,True,2023,408.9,dim_score_700,False,QKU,Psixologiya,IV qrup,dövlət sifarişli,True,https://sec.az/kecid-ballari,
AZ,psixologiya--qku--g4,,True,2024,462.3,dim_score_700,False,QKU,Psixologiya,IV qrup,dövlət sifarişli,True,https://sec.az/kecid-ballari,
AZ,psixologiya--qku--g4,,True,2025,462.3,dim_score_700,False,QKU,Psixologiya,IV qrup,dövlət sifarişli,True,https://sec.az/kecid-ballari,
AZ,dil-ve-edebiyyat-muellimliyi-turk-dili-ve-edebiyyati-uzre--adpu--g3,,True,2023,445.8,dim_score_700,False,ADPU,Dil və ədəbiyyat müəllimliyi (türk dili və ədəbiyyatı üzrə),III qrup,dövlət sifarişli,True,https://sec.az/kecid-ballari,
AZ,dil-ve-edebiyyat-muellimliyi-turk-dili-ve-edebiyyati-uzre--adpu--g3,,True,2025,461.3,dim_score_700,False,ADPU,Dil və ədəbiyyat müəllimliyi (türk dili və ədəbiyyatı üzrə),III qrup,dövlət sifarişli,True,https://sec.az/kecid-ballari,
AZ,dil-ve-edebiyyat-muellimliyi-fransiz-dili-ve-edebiyyati-uzre--adu--g3,,True,2023,416.5,dim_score_700,False,ADU,Dil və ədəbiyyat müəllimliyi (fransız dili və ədəbiyyatı üzrə),III qrup,dövlət sifarişli,True,https://sec.az/kecid-ballari,
AZ,dil-ve-edebiyyat-muellimliyi-fransiz-dili-ve-edebiyyati-uzre--adu--g3,,True,2025,460.8,dim_score_700,False,ADU,Dil və ədəbiyyat müəllimliyi (fransız dili və ədəbiyyatı üzrə),III qrup,dövlət sifarişli,True,https://sec.az/kecid-ballari,
AZ,xususi-pedaqogika--nmi--g3,,True,2025,459.2,dim_score_700,False,NMİ,Xüsusi pedaqogika,III qrup,dövlət sifarişli,True,https://sec.az/kecid-ballari,
AZ,sosial-is--admi-u--g3,,True,2023,389.2,dim_score_700,False,ADMİU,Sosial iş,III qrup,dövlət sifarişli,True,https://sec.az/kecid-ballari,
AZ,sosial-is--admi-u--g3,,True,2025,459.0,dim_score_700,False,ADMİU,Sosial iş,III qrup,dövlət sifarişli,True,https://sec.az/kecid-ballari,
AZ,filologiya-azerbaycan-dili-ve-edebiyyati-uzre--adu--g3,,True,2023,458.8,dim_score_700,False,ADU,Filologiya (Azərbaycan dili və ədəbiyyatı üzrə),III qrup,dövlət sifarişli,True,https://sec.az/kecid-ballari,
AZ,filologiya-azerbaycan-dili-ve-edebiyyati-uzre--adu--g3,,True,2025,458.8,dim_score_700,False,ADU,Filologiya (Azərbaycan dili və ədəbiyyatı üzrə),III qrup,dövlət sifarişli,True,https://sec.az/kecid-ballari,
AZ,tercume-ereb-dili-uzre--adu--g3,,True,2023,458.5,dim_score_700,False,ADU,Tərcümə (ərəb dili üzrə),III qrup,dövlət sifarişli,True,https://sec.az/kecid-ballari,
AZ,tercume-ereb-dili-uzre--adu--g3,,True,2025,458.5,dim_score_700,False,ADU,Tərcümə (ərəb dili üzrə),III qrup,dövlət sifarişli,True,https://sec.az/kecid-ballari,
AZ,xususi-pedaqogika--bdu--g3,,True,2023,384.8,dim_score_700,False,BDU,Xüsusi pedaqogika,III qrup,dövlət sifarişli,True,https://sec.az/kecid-ballari,
AZ,xususi-pedaqogika--bdu--g3,,True,2024,417.9,dim_score_700,False,BDU,Xüsusi pedaqogika,III qrup,dövlət sifarişli,True,https://sec.az/kecid-ballari,
AZ,xususi-pedaqogika--bdu--g3,,True,2025,458.4,dim_score_700,False,BDU,Xüsusi pedaqogika,III qrup,dövlət sifarişli,True,https://sec.az/kecid-ballari,
AZ,i-nformasiya-texnologiyalari--azmi-u--g1--v1,1,False,2023,449.5,dim_score_700,False,AzMİU,İnformasiya texnologiyaları,I qrup,dövlət sifarişli,True,https://sec.az/kecid-ballari,
AZ,i-nformasiya-texnologiyalari--azmi-u--g1--v1,1,False,2024,492.7,dim_score_700,False,AzMİU,İnformasiya texnologiyaları,I qrup,dövlət sifarişli,True,https://sec.az/kecid-ballari,
AZ,i-nformasiya-texnologiyalari--azmi-u--g1--v1,1,False,2025,458.3,dim_score_700,False,AzMİU,İnformasiya texnologiyaları,I qrup,dövlət sifarişli,True,https://sec.az/kecid-ballari,
AZ,i-nformasiya-texnologiyalari--azmi-u--g1--v2,2,False,2023,320.4,dim_score_700,False,AzMİU,İnformasiya texnologiyaları,I qrup,dövlət sifarişli,True,https://sec.az/kecid-ballari,
AZ,i-nformasiya-texnologiyalari--azmi-u--g1--v2,2,False,2024,385.2,dim_score_700,False,AzMİU,İnformasiya texnologiyaları,I qrup,dövlət sifarişli,True,https://sec.az/kecid-ballari,
AZ,i-nformasiya-texnologiyalari--azmi-u--g1--v2,2,False,2025,377.4,dim_score_700,False,AzMİU,İnformasiya texnologiyaları,I qrup,dövlət sifarişli,True,https://sec.az/kecid-ballari,
AZ,tarix-muellimliyi--nmi--g3,,True,2023,458.2,dim_score_700,False,NMİ,Tarix müəllimliyi,III qrup,dövlət sifarişli,True,https://sec.az/kecid-ballari,
AZ,tarix-muellimliyi--nmi--g3,,True,2025,458.2,dim_score_700,False,NMİ,Tarix müəllimliyi,III qrup,dövlət sifarişli,True,https://sec.az/kecid-ballari,
AZ,sosial-is--ndu--g3,,True,2023,391.4,dim_score_700,False,NDU,Sosial iş,III qrup,dövlət sifarişli,True,https://sec.az/kecid-ballari,
AZ,sosial-is--ndu--g3,,True,2025,458.1,dim_score_700,False,NDU,Sosial iş,III qrup,dövlət sifarişli,True,https://sec.az/kecid-ballari,
AZ,sosial-is--gdu--g3,,True,2023,396.1,dim_score_700,False,GDU,Sosial iş,III qrup,dövlət sifarişli,True,https://sec.az/kecid-ballari,
AZ,sosial-is--gdu--g3,,True,2025,457.7,dim_score_700,False,GDU,Sosial iş,III qrup,dövlət sifarişli,True,https://sec.az/kecid-ballari,
AZ,sosial-is--sdu--g3,,True,2023,393.4,dim_score_700,False,SDU,Sosial iş,III qrup,dövlət sifarişli,True,https://sec.az/kecid-ballari,
AZ,sosial-is--sdu--g3,,True,2025,457.6,dim_score_700,False,SDU,Sosial iş,III qrup,dövlət sifarişli,True,https://sec.az/kecid-ballari,
AZ,sosial-is-tedris-ingilis-dilinde--au--g3,,True,2023,392.2,dim_score_700,False,AU,Sosial iş (tədris ingilis dilində),III qrup,dövlət sifarişli,True,https://sec.az/kecid-ballari,
AZ,sosial-is-tedris-ingilis-dilinde--au--g3,,True,2025,457.1,dim_score_700,False,AU,Sosial iş (tədris ingilis dilində),III qrup,dövlət sifarişli,True,https://sec.az/kecid-ballari,
AZ,sosial-is--atmu--g3,,True,2023,389.7,dim_score_700,False,ATMU,Sosial iş,III qrup,dövlət sifarişli,True,https://sec.az/kecid-ballari,
AZ,sosial-is--atmu--g3,,True,2025,456.8,dim_score_700,False,ATMU,Sosial iş,III qrup,dövlət sifarişli,True,https://sec.az/kecid-ballari,
AZ,i-qtisadiyyat--ldu--g2,,True,2023,391.7,dim_score_700,False,LDU,İqtisadiyyat,II qrup,dövlət sifarişli,True,https://sec.az/kecid-ballari,
AZ,i-qtisadiyyat--ldu--g2,,True,2024,421.0,dim_score_700,False,LDU,İqtisadiyyat,II qrup,dövlət sifarişli,True,https://sec.az/kecid-ballari,
AZ,i-qtisadiyyat--ldu--g2,,True,2025,455.0,dim_score_700,False,LDU,İqtisadiyyat,II qrup,dövlət sifarişli,True,https://sec.az/kecid-ballari,
AZ,tehsilde-sosial-psixoloji-xidmet-agcabedi-filiali--adpu--g3,,True,2025,454.9,dim_score_700,False,ADPU,Təhsildə sosial-psixoloji xidmət (Ağcabədi filialı),III qrup,dövlət sifarişli,True,https://sec.az/kecid-ballari,
AZ,i-nformasiya-tehlukesizliyi--azmi-u--g1--v1,1,False,2025,454.4,dim_score_700,False,AzMİU,İnformasiya təhlükəsizliyi,I qrup,dövlət sifarişli,True,https://sec.az/kecid-ballari,
AZ,i-nformasiya-tehlukesizliyi--azmi-u--g1--v2,2,False,2023,381.2,dim_score_700,False,AzMİU,İnformasiya təhlükəsizliyi,I qrup,dövlət sifarişli,True,https://sec.az/kecid-ballari,
AZ,i-nformasiya-tehlukesizliyi--azmi-u--g1--v2,2,False,2024,425.1,dim_score_700,False,AzMİU,İnformasiya təhlükəsizliyi,I qrup,dövlət sifarişli,True,https://sec.az/kecid-ballari,
AZ,i-nformasiya-tehlukesizliyi--azmi-u--g1--v2,2,False,2025,415.5,dim_score_700,False,AzMİU,İnformasiya təhlükəsizliyi,I qrup,dövlət sifarişli,True,https://sec.az/kecid-ballari,
AZ,kimya-muellimliyi--bdu--g4,,True,2023,399.8,dim_score_700,False,BDU,Kimya müəllimliyi,IV qrup,dövlət sifarişli,True,https://sec.az/kecid-ballari,
AZ,kimya-muellimliyi--bdu--g4,,True,2024,416.3,dim_score_700,False,BDU,Kimya müəllimliyi,IV qrup,dövlət sifarişli,True,https://sec.az/kecid-ballari,
AZ,kimya-muellimliyi--bdu--g4,,True,2025,454.4,dim_score_700,False,BDU,Kimya müəllimliyi,IV qrup,dövlət sifarişli,True,https://sec.az/kecid-ballari,
AZ,regionsunasliq-boyuk-britaniya-uzre-tedris-ingilis-dilinde--adu--g3,,True,2025,454.0,dim_score_700,False,ADU,"Regionşünaslıq (Böyük Britaniya üzrə, tədris ingilis dilində)",III qrup,dövlət sifarişli,True,https://sec.az/kecid-ballari,
AZ,fizioterapiya--adbti-a--g4,,True,2024,398.0,dim_score_700,False,ADBTİA,Fizioterapiya,IV qrup,dövlət sifarişli,True,https://sec.az/kecid-ballari,
AZ,fizioterapiya--adbti-a--g4,,True,2025,453.9,dim_score_700,False,ADBTİA,Fizioterapiya,IV qrup,dövlət sifarişli,True,https://sec.az/kecid-ballari,
AZ,tercume-ingilis-dili-uzre--au--g3,,True,2023,453.9,dim_score_700,False,AU,Tərcümə (ingilis dili üzrə),III qrup,dövlət sifarişli,True,https://sec.az/kecid-ballari,
AZ,tercume-ingilis-dili-uzre--au--g3,,True,2025,453.9,dim_score_700,False,AU,Tərcümə (ingilis dili üzrə),III qrup,dövlət sifarişli,True,https://sec.az/kecid-ballari,
AZ,elektrik-ve-elektronika-muhendisliyi--adnsu--g1--v1,1,False,2023,393.9,dim_score_700,False,ADNSU,Elektrik və elektronika mühəndisliyi,I qrup,dövlət sifarişli,True,https://sec.az/kecid-ballari,
AZ,elektrik-ve-elektronika-muhendisliyi--adnsu--g1--v1,1,False,2024,435.1,dim_score_700,False,ADNSU,Elektrik və elektronika mühəndisliyi,I qrup,dövlət sifarişli,True,https://sec.az/kecid-ballari,
AZ,elektrik-ve-elektronika-muhendisliyi--adnsu--g1--v1,1,False,2025,453.0,dim_score_700,False,ADNSU,Elektrik və elektronika mühəndisliyi,I qrup,dövlət sifarişli,True,https://sec.az/kecid-ballari,
AZ,elektrik-ve-elektronika-muhendisliyi--adnsu--g1--v2,2,False,2023,255.5,dim_score_700,False,ADNSU,Elektrik və elektronika mühəndisliyi,I qrup,dövlət sifarişli,True,https://sec.az/kecid-ballari,
AZ,elektrik-ve-elektronika-muhendisliyi--adnsu--g1--v2,2,False,2024,301.0,dim_score_700,False,ADNSU,Elektrik və elektronika mühəndisliyi,I qrup,dövlət sifarişli,True,https://sec.az/kecid-ballari,
AZ,elektrik-ve-elektronika-muhendisliyi--adnsu--g1--v2,2,False,2025,303.1,dim_score_700,False,ADNSU,Elektrik və elektronika mühəndisliyi,I qrup,dövlət sifarişli,True,https://sec.az/kecid-ballari,
AZ,kitabxanaciliq-ve-informasiya-fealiyyeti--ndu--g3,,True,2025,452.4,dim_score_700,False,NDU,Kitabxanaçılıq və informasiya fəaliyyəti,III qrup,dövlət sifarişli,True,https://sec.az/kecid-ballari,
AZ,i-qtisadiyyat--bdu--g2--v1,1,False,2023,404.1,dim_score_700,False,BDU,İqtisadiyyat,II qrup,dövlət sifarişli,True,https://sec.az/kecid-ballari,
AZ,i-qtisadiyyat--bdu--g2--v1,1,False,2024,429.5,dim_score_700,False,BDU,İqtisadiyyat,II qrup,dövlət sifarişli,True,https://sec.az/kecid-ballari,
AZ,i-qtisadiyyat--bdu--g2--v1,1,False,2025,452.0,dim_score_700,False,BDU,İqtisadiyyat,II qrup,dövlət sifarişli,True,https://sec.az/kecid-ballari,
AZ,i-qtisadiyyat--bdu--g2--v2,2,False,2023,381.8,dim_score_700,False,BDU,İqtisadiyyat,II qrup,dövlət sifarişli,True,https://sec.az/kecid-ballari,
AZ,i-qtisadiyyat--bdu--g2--v2,2,False,2024,407.4,dim_score_700,False,BDU,İqtisadiyyat,II qrup,dövlət sifarişli,True,https://sec.az/kecid-ballari,
AZ,i-qtisadiyyat--bdu--g2--v2,2,False,2025,442.6,dim_score_700,False,BDU,İqtisadiyyat,II qrup,dövlət sifarişli,True,https://sec.az/kecid-ballari,
AZ,mektebeqeder-tehsil-celilabad-filiali--adpu--g3,,True,2023,366.5,dim_score_700,False,ADPU,Məktəbəqədər təhsil (Cəlilabad filialı),III qrup,dövlət sifarişli,True,https://sec.az/kecid-ballari,
AZ,mektebeqeder-tehsil-celilabad-filiali--adpu--g3,,True,2025,451.9,dim_score_700,False,ADPU,Məktəbəqədər təhsil (Cəlilabad filialı),III qrup,dövlət sifarişli,True,https://sec.az/kecid-ballari,
AZ,qida-muhendisliyi--tau--g1,,True,2024,452.1,dim_score_700,False,TAU,Qida mühəndisliyi,I qrup,dövlət sifarişli,True,https://sec.az/kecid-ballari,
AZ,qida-muhendisliyi--tau--g1,,True,2025,450.7,dim_score_700,False,TAU,Qida mühəndisliyi,I qrup,dövlət sifarişli,True,https://sec.az/kecid-ballari,
AZ,i-qtisadiyyat--bmu--g2--v1,1,False,2023,385.7,dim_score_700,False,BMU,İqtisadiyyat,II qrup,dövlət sifarişli,True,https://sec.az/kecid-ballari,
AZ,i-qtisadiyyat--bmu--g2--v1,1,False,2024,410.0,dim_score_700,False,BMU,İqtisadiyyat,II qrup,dövlət sifarişli,True,https://sec.az/kecid-ballari,
AZ,i-qtisadiyyat--bmu--g2--v1,1,False,2025,450.5,dim_score_700,False,BMU,İqtisadiyyat,II qrup,dövlət sifarişli,True,https://sec.az/kecid-ballari,
AZ,i-qtisadiyyat--bmu--g2--v2,2,False,2023,409.6,dim_score_700,False,BMU,İqtisadiyyat,II qrup,dövlət sifarişli,True,https://sec.az/kecid-ballari,
AZ,i-qtisadiyyat--bmu--g2--v2,2,False,2024,410.1,dim_score_700,False,BMU,İqtisadiyyat,II qrup,dövlət sifarişli,True,https://sec.az/kecid-ballari,
AZ,i-qtisadiyyat--bmu--g2--v2,2,False,2025,443.8,dim_score_700,False,BMU,İqtisadiyyat,II qrup,dövlət sifarişli,True,https://sec.az/kecid-ballari,
AZ,proseslerin-avtomatlasdirilmasi-muhendisliyi--adnsu--g1--v1,1,False,2023,344.3,dim_score_700,False,ADNSU,Proseslərin avtomatlaşdırılması mühəndisliyi,I qrup,dövlət sifarişli,True,https://sec.az/kecid-ballari,
AZ,proseslerin-avtomatlasdirilmasi-muhendisliyi--adnsu--g1--v1,1,False,2024,446.6,dim_score_700,False,ADNSU,Proseslərin avtomatlaşdırılması mühəndisliyi,I qrup,dövlət sifarişli,True,https://sec.az/kecid-ballari,
AZ,proseslerin-avtomatlasdirilmasi-muhendisliyi--adnsu--g1--v1,1,False,2025,450.2,dim_score_700,False,ADNSU,Proseslərin avtomatlaşdırılması mühəndisliyi,I qrup,dövlət sifarişli,True,https://sec.az/kecid-ballari,
AZ,proseslerin-avtomatlasdirilmasi-muhendisliyi--adnsu--g1--v2,2,False,2023,240.6,dim_score_700,False,ADNSU,Proseslərin avtomatlaşdırılması mühəndisliyi,I qrup,dövlət sifarişli,True,https://sec.az/kecid-ballari,
AZ,proseslerin-avtomatlasdirilmasi-muhendisliyi--adnsu--g1--v2,2,False,2024,336.5,dim_score_700,False,ADNSU,Proseslərin avtomatlaşdırılması mühəndisliyi,I qrup,dövlət sifarişli,True,https://sec.az/kecid-ballari,
AZ,proseslerin-avtomatlasdirilmasi-muhendisliyi--adnsu--g1--v2,2,False,2025,358.2,dim_score_700,False,ADNSU,Proseslərin avtomatlaşdırılması mühəndisliyi,I qrup,dövlət sifarişli,True,https://sec.az/kecid-ballari,
AZ,tehsilde-sosial-psixoloji-xidmet--nmi--g3,,True,2023,388.8,dim_score_700,False,NMİ,Təhsildə sosial-psixoloji xidmət,III qrup,dövlət sifarişli,True,https://sec.az/kecid-ballari,
AZ,tehsilde-sosial-psixoloji-xidmet--nmi--g3,,True,2025,449.1,dim_score_700,False,NMİ,Təhsildə sosial-psixoloji xidmət,III qrup,dövlət sifarişli,True,https://sec.az/kecid-ballari,
AZ,xususi-pedaqogika--adu--g3,,True,2023,381.0,dim_score_700,False,ADU,Xüsusi pedaqogika,III qrup,dövlət sifarişli,True,https://sec.az/kecid-ballari,
AZ,xususi-pedaqogika--adu--g3,,True,2025,448.7,dim_score_700,False,ADU,Xüsusi pedaqogika,III qrup,dövlət sifarişli,True,https://sec.az/kecid-ballari,
AZ,xususi-pedaqogika--adpu--g3--v1,1,False,2023,380.9,dim_score_700,False,ADPU,Xüsusi pedaqogika,III qrup,dövlət sifarişli,True,https://sec.az/kecid-ballari,
AZ,xususi-pedaqogika--adpu--g3--v1,1,False,2025,448.3,dim_score_700,False,ADPU,Xüsusi pedaqogika,III qrup,dövlət sifarişli,True,https://sec.az/kecid-ballari,
AZ,xususi-pedaqogika--adpu--g3--v2,2,False,2025,447.8,dim_score_700,False,ADPU,Xüsusi pedaqogika,III qrup,dövlət sifarişli,True,https://sec.az/kecid-ballari,
AZ,tercume-ermeni-dili-uzre--adu--g3,,True,2023,446.3,dim_score_700,False,ADU,Tərcümə (erməni dili üzrə),III qrup,dövlət sifarişli,True,https://sec.az/kecid-ballari,
AZ,tercume-ermeni-dili-uzre--adu--g3,,True,2025,446.3,dim_score_700,False,ADU,Tərcümə (erməni dili üzrə),III qrup,dövlət sifarişli,True,https://sec.az/kecid-ballari,
AZ,tercume-ingilis-dili-azerbaycan-dili--atmu--g3,,True,2023,446.2,dim_score_700,False,ATMU,Tərcümə (ingilis dili-Azərbaycan dili),III qrup,dövlət sifarişli,True,https://sec.az/kecid-ballari,
AZ,tercume-ingilis-dili-azerbaycan-dili--atmu--g3,,True,2025,446.2,dim_score_700,False,ATMU,Tərcümə (ingilis dili-Azərbaycan dili),III qrup,dövlət sifarişli,True,https://sec.az/kecid-ballari,
AZ,i-qtisadiyyat--adnsu--g2--v1,1,False,2023,415.4,dim_score_700,False,ADNSU,İqtisadiyyat,II qrup,dövlət sifarişli,True,https://sec.az/kecid-ballari,
AZ,i-qtisadiyyat--adnsu--g2--v1,1,False,2024,433.5,dim_score_700,False,ADNSU,İqtisadiyyat,II qrup,dövlət sifarişli,True,https://sec.az/kecid-ballari,
AZ,i-qtisadiyyat--adnsu--g2--v1,1,False,2025,446.1,dim_score_700,False,ADNSU,İqtisadiyyat,II qrup,dövlət sifarişli,True,https://sec.az/kecid-ballari,
AZ,i-qtisadiyyat--adnsu--g2--v2,2,False,2023,382.3,dim_score_700,False,ADNSU,İqtisadiyyat,II qrup,dövlət sifarişli,True,https://sec.az/kecid-ballari,
AZ,i-qtisadiyyat--adnsu--g2--v2,2,False,2024,408.8,dim_score_700,False,ADNSU,İqtisadiyyat,II qrup,dövlət sifarişli,True,https://sec.az/kecid-ballari,
AZ,i-qtisadiyyat--adnsu--g2--v2,2,False,2025,444.2,dim_score_700,False,ADNSU,İqtisadiyyat,II qrup,dövlət sifarişli,True,https://sec.az/kecid-ballari,
AZ,i-qtisadiyyat--dgka--g2,,True,2023,442.9,dim_score_700,False,DGKA,İqtisadiyyat,II qrup,dövlət sifarişli,True,https://sec.az/kecid-ballari,
AZ,i-qtisadiyyat--dgka--g2,,True,2024,443.6,dim_score_700,False,DGKA,İqtisadiyyat,II qrup,dövlət sifarişli,True,https://sec.az/kecid-ballari,
AZ,i-qtisadiyyat--dgka--g2,,True,2025,445.2,dim_score_700,False,DGKA,İqtisadiyyat,II qrup,dövlət sifarişli,True,https://sec.az/kecid-ballari,
AZ,tehsilde-sosial-psixoloji-xidmet--adpu--g3,,True,2023,381.9,dim_score_700,False,ADPU,Təhsildə sosial-psixoloji xidmət,III qrup,dövlət sifarişli,True,https://sec.az/kecid-ballari,
AZ,tehsilde-sosial-psixoloji-xidmet--adpu--g3,,True,2025,444.5,dim_score_700,False,ADPU,Təhsildə sosial-psixoloji xidmət,III qrup,dövlət sifarişli,True,https://sec.az/kecid-ballari,
AZ,i-qtisadiyyat--khazar--g2,,True,2023,382.6,dim_score_700,False,Khazar,İqtisadiyyat,II qrup,dövlət sifarişli,True,https://sec.az/kecid-ballari,
AZ,i-qtisadiyyat--khazar--g2,,True,2024,416.1,dim_score_700,False,Khazar,İqtisadiyyat,II qrup,dövlət sifarişli,True,https://sec.az/kecid-ballari,
AZ,i-qtisadiyyat--khazar--g2,,True,2025,444.3,dim_score_700,False,Khazar,İqtisadiyyat,II qrup,dövlət sifarişli,True,https://sec.az/kecid-ballari,
AZ,tehsilde-sosial-psixoloji-xidmet--bsu--g3,,True,2023,381.4,dim_score_700,False,BSU,Təhsildə sosial-psixoloji xidmət,III qrup,dövlət sifarişli,True,https://sec.az/kecid-ballari,
AZ,tehsilde-sosial-psixoloji-xidmet--bsu--g3,,True,2025,443.8,dim_score_700,False,BSU,Təhsildə sosial-psixoloji xidmət,III qrup,dövlət sifarişli,True,https://sec.az/kecid-ballari,
AZ,i-qtisadiyyat--maa--g2,,True,2023,382.6,dim_score_700,False,MAA,İqtisadiyyat,II qrup,dövlət sifarişli,True,https://sec.az/kecid-ballari,
AZ,i-qtisadiyyat--maa--g2,,True,2024,407.3,dim_score_700,False,MAA,İqtisadiyyat,II qrup,dövlət sifarişli,True,https://sec.az/kecid-ballari,
AZ,i-qtisadiyyat--maa--g2,,True,2025,443.3,dim_score_700,False,MAA,İqtisadiyyat,II qrup,dövlət sifarişli,True,https://sec.az/kecid-ballari,
AZ,i-qtisadiyyat--atu-gence--g2,,True,2025,443.3,dim_score_700,False,ATU (Gəncə),İqtisadiyyat,II qrup,dövlət sifarişli,True,https://sec.az/kecid-ballari,
AZ,kimya-ve-biologiya-muellimliyi-qazax-filiali--bdu--g4,,True,2023,278.2,dim_score_700,False,BDU,Kimya və biologiya müəllimliyi (Qazax filialı),IV qrup,dövlət sifarişli,True,https://sec.az/kecid-ballari,
AZ,kimya-ve-biologiya-muellimliyi-qazax-filiali--bdu--g4,,True,2024,442.5,dim_score_700,False,BDU,Kimya və biologiya müəllimliyi (Qazax filialı),IV qrup,dövlət sifarişli,True,https://sec.az/kecid-ballari,
AZ,kimya-ve-biologiya-muellimliyi-qazax-filiali--bdu--g4,,True,2025,442.5,dim_score_700,False,BDU,Kimya və biologiya müəllimliyi (Qazax filialı),IV qrup,dövlət sifarişli,True,https://sec.az/kecid-ballari,
AZ,mektebeqeder-tehsil--adu--g3,,True,2023,392.8,dim_score_700,False,ADU,Məktəbəqədər təhsil,III qrup,dövlət sifarişli,True,https://sec.az/kecid-ballari,
AZ,mektebeqeder-tehsil--adu--g3,,True,2025,441.3,dim_score_700,False,ADU,Məktəbəqədər təhsil,III qrup,dövlət sifarişli,True,https://sec.az/kecid-ballari,
AZ,mektebeqeder-tehsil--ldu--g3,,True,2023,368.6,dim_score_700,False,LDU,Məktəbəqədər təhsil,III qrup,dövlət sifarişli,True,https://sec.az/kecid-ballari,
AZ,mektebeqeder-tehsil--ldu--g3,,True,2025,440.9,dim_score_700,False,LDU,Məktəbəqədər təhsil,III qrup,dövlət sifarişli,True,https://sec.az/kecid-ballari,
AZ,menecment--khazar--g2,,True,2023,366.8,dim_score_700,False,Khazar,Menecment,II qrup,dövlət sifarişli,True,https://sec.az/kecid-ballari,
AZ,menecment--khazar--g2,,True,2024,438.5,dim_score_700,False,Khazar,Menecment,II qrup,dövlət sifarişli,True,https://sec.az/kecid-ballari,
AZ,menecment--khazar--g2,,True,2025,440.4,dim_score_700,False,Khazar,Menecment,II qrup,dövlət sifarişli,True,https://sec.az/kecid-ballari,
AZ,menecment--ldu--g2,,True,2025,440.2,dim_score_700,False,LDU,Menecment,II qrup,dövlət sifarişli,True,https://sec.az/kecid-ballari,
AZ,tehsilde-sosial-psixoloji-xidmet--ldu--g3,,True,2023,378.5,dim_score_700,False,LDU,Təhsildə sosial-psixoloji xidmət,III qrup,dövlət sifarişli,True,https://sec.az/kecid-ballari,
AZ,tehsilde-sosial-psixoloji-xidmet--ldu--g3,,True,2025,439.9,dim_score_700,False,LDU,Təhsildə sosial-psixoloji xidmət,III qrup,dövlət sifarişli,True,https://sec.az/kecid-ballari,
AZ,kimya-muellimliyi--sdu--g4,,True,2023,355.3,dim_score_700,False,SDU,Kimya müəllimliyi,IV qrup,dövlət sifarişli,True,https://sec.az/kecid-ballari,
AZ,kimya-muellimliyi--sdu--g4,,True,2024,376.4,dim_score_700,False,SDU,Kimya müəllimliyi,IV qrup,dövlət sifarişli,True,https://sec.az/kecid-ballari,
AZ,kimya-muellimliyi--sdu--g4,,True,2025,438.9,dim_score_700,False,SDU,Kimya müəllimliyi,IV qrup,dövlət sifarişli,True,https://sec.az/kecid-ballari,
AZ,mektebeqeder-tehsil-qazax-filiali--bdu--g3,,True,2023,366.2,dim_score_700,False,BDU,Məktəbəqədər təhsil (Qazax filialı),III qrup,dövlət sifarişli,True,https://sec.az/kecid-ballari,
AZ,mektebeqeder-tehsil-qazax-filiali--bdu--g3,,True,2024,433.4,dim_score_700,False,BDU,Məktəbəqədər təhsil (Qazax filialı),III qrup,dövlət sifarişli,True,https://sec.az/kecid-ballari,
AZ,mektebeqeder-tehsil-qazax-filiali--bdu--g3,,True,2025,438.6,dim_score_700,False,BDU,Məktəbəqədər təhsil (Qazax filialı),III qrup,dövlət sifarişli,True,https://sec.az/kecid-ballari,
AZ,jurnalistika--ndu--g3,,True,2023,339.4,dim_score_700,False,NDU,Jurnalistika,III qrup,dövlət sifarişli,True,https://sec.az/kecid-ballari,
AZ,jurnalistika--ndu--g3,,True,2025,437.4,dim_score_700,False,NDU,Jurnalistika,III qrup,dövlət sifarişli,True,https://sec.az/kecid-ballari,
AZ,dovlet-ve-belediyye-idareetmesi--di-a--g2,,True,2023,398.0,dim_score_700,False,DİA,Dövlət və bələdiyyə idarəetməsi,II qrup,dövlət sifarişli,True,https://sec.az/kecid-ballari,
AZ,dovlet-ve-belediyye-idareetmesi--di-a--g2,,True,2024,410.3,dim_score_700,False,DİA,Dövlət və bələdiyyə idarəetməsi,II qrup,dövlət sifarişli,True,https://sec.az/kecid-ballari,
AZ,dovlet-ve-belediyye-idareetmesi--di-a--g2,,True,2025,437.2,dim_score_700,False,DİA,Dövlət və bələdiyyə idarəetməsi,II qrup,dövlət sifarişli,True,https://sec.az/kecid-ballari,
AZ,tehsilde-sosial-psixoloji-xidmet-seki-filiali--adpu--g3,,True,2023,379.8,dim_score_700,False,ADPU,Təhsildə sosial-psixoloji xidmət (Şəki filialı),III qrup,dövlət sifarişli,True,https://sec.az/kecid-ballari,
AZ,tehsilde-sosial-psixoloji-xidmet-seki-filiali--adpu--g3,,True,2025,436.6,dim_score_700,False,ADPU,Təhsildə sosial-psixoloji xidmət (Şəki filialı),III qrup,dövlət sifarişli,True,https://sec.az/kecid-ballari,
AZ,tehsilde-sosial-psixoloji-xidmet-quba-filiali--adpu--g3,,True,2023,378.2,dim_score_700,False,ADPU,Təhsildə sosial-psixoloji xidmət (Quba filialı),III qrup,dövlət sifarişli,True,https://sec.az/kecid-ballari,
AZ,tehsilde-sosial-psixoloji-xidmet-quba-filiali--adpu--g3,,True,2025,435.8,dim_score_700,False,ADPU,Təhsildə sosial-psixoloji xidmət (Quba filialı),III qrup,dövlət sifarişli,True,https://sec.az/kecid-ballari,
AZ,tehsilde-sosial-psixoloji-xidmet--gdu--g3,,True,2023,372.9,dim_score_700,False,GDU,Təhsildə sosial-psixoloji xidmət,III qrup,dövlət sifarişli,True,https://sec.az/kecid-ballari,
AZ,tehsilde-sosial-psixoloji-xidmet--gdu--g3,,True,2025,435.3,dim_score_700,False,GDU,Təhsildə sosial-psixoloji xidmət,III qrup,dövlət sifarişli,True,https://sec.az/kecid-ballari,
AZ,tehsilde-sosial-psixoloji-xidmet--mdu--g3,,True,2025,435.3,dim_score_700,False,MDU,Təhsildə sosial-psixoloji xidmət,III qrup,dövlət sifarişli,True,https://sec.az/kecid-ballari,
AZ,tehsilde-sosial-psixoloji-xidmet--qku--g3,,True,2023,375.5,dim_score_700,False,QKU,Təhsildə sosial-psixoloji xidmət,III qrup,dövlət sifarişli,True,https://sec.az/kecid-ballari,
AZ,tehsilde-sosial-psixoloji-xidmet--qku--g3,,True,2025,434.0,dim_score_700,False,QKU,Təhsildə sosial-psixoloji xidmət,III qrup,dövlət sifarişli,True,https://sec.az/kecid-ballari,
AZ,biologiya-muellimliyi--bdu--g4,,True,2023,371.7,dim_score_700,False,BDU,Biologiya müəllimliyi,IV qrup,dövlət sifarişli,True,https://sec.az/kecid-ballari,
AZ,biologiya-muellimliyi--bdu--g4,,True,2024,389.3,dim_score_700,False,BDU,Biologiya müəllimliyi,IV qrup,dövlət sifarişli,True,https://sec.az/kecid-ballari,
AZ,biologiya-muellimliyi--bdu--g4,,True,2025,433.9,dim_score_700,False,BDU,Biologiya müəllimliyi,IV qrup,dövlət sifarişli,True,https://sec.az/kecid-ballari,
AZ,tehsilde-sosial-psixoloji-xidmet-celilabad-filiali--adpu--g3,,True,2025,433.2,dim_score_700,False,ADPU,Təhsildə sosial-psixoloji xidmət (Cəlilabad filialı),III qrup,dövlət sifarişli,True,https://sec.az/kecid-ballari,
AZ,tehsilde-sosial-psixoloji-xidmet--au--g3,,True,2023,373.8,dim_score_700,False,AU,Təhsildə sosial-psixoloji xidmət,III qrup,dövlət sifarişli,True,https://sec.az/kecid-ballari,
AZ,tehsilde-sosial-psixoloji-xidmet--au--g3,,True,2025,432.6,dim_score_700,False,AU,Təhsildə sosial-psixoloji xidmət,III qrup,dövlət sifarişli,True,https://sec.az/kecid-ballari,
AZ,fizika-muellimliyi--adpu--g1--v1,1,False,2024,432.6,dim_score_700,False,ADPU,Fizika müəllimliyi,I qrup,dövlət sifarişli,True,https://sec.az/kecid-ballari,
AZ,fizika-muellimliyi--adpu--g1--v1,1,False,2025,432.6,dim_score_700,False,ADPU,Fizika müəllimliyi,I qrup,dövlət sifarişli,True,https://sec.az/kecid-ballari,
AZ,fizika-muellimliyi--adpu--g1--v2,2,False,2023,342.5,dim_score_700,False,ADPU,Fizika müəllimliyi,I qrup,dövlət sifarişli,True,https://sec.az/kecid-ballari,
AZ,fizika-muellimliyi--adpu--g1--v2,2,False,2024,369.1,dim_score_700,False,ADPU,Fizika müəllimliyi,I qrup,dövlət sifarişli,True,https://sec.az/kecid-ballari,
AZ,fizika-muellimliyi--adpu--g1--v2,2,False,2025,366.1,dim_score_700,False,ADPU,Fizika müəllimliyi,I qrup,dövlət sifarişli,True,https://sec.az/kecid-ballari,
AZ,fizika-muellimliyi--adpu--g1--v3,3,False,2024,369.0,dim_score_700,False,ADPU,Fizika müəllimliyi,I qrup,dövlət sifarişli,True,https://sec.az/kecid-ballari,
AZ,fizika-muellimliyi--adpu--g1--v3,3,False,2025,365.6,dim_score_700,False,ADPU,Fizika müəllimliyi,I qrup,dövlət sifarişli,True,https://sec.az/kecid-ballari,
AZ,tehsilde-sosial-psixoloji-xidmet--sdu--g3,,True,2023,373.2,dim_score_700,False,SDU,Təhsildə sosial-psixoloji xidmət,III qrup,dövlət sifarişli,True,https://sec.az/kecid-ballari,
AZ,tehsilde-sosial-psixoloji-xidmet--sdu--g3,,True,2025,432.5,dim_score_700,False,SDU,Təhsildə sosial-psixoloji xidmət,III qrup,dövlət sifarişli,True,https://sec.az/kecid-ballari,
AZ,i-qtisadiyyat-zaqatala-filiali--unec--g2,,True,2024,432.4,dim_score_700,False,UNEC,İqtisadiyyat (Zaqatala filialı),II qrup,dövlət sifarişli,True,https://sec.az/kecid-ballari,
AZ,i-qtisadiyyat-zaqatala-filiali--unec--g2,,True,2025,432.4,dim_score_700,False,UNEC,İqtisadiyyat (Zaqatala filialı),II qrup,dövlət sifarişli,True,https://sec.az/kecid-ballari,
AZ,tehsilde-sosial-psixoloji-xidmet--oyu--g3,,True,2023,374.3,dim_score_700,False,OYU,Təhsildə sosial-psixoloji xidmət,III qrup,dövlət sifarişli,True,https://sec.az/kecid-ballari,
AZ,tehsilde-sosial-psixoloji-xidmet--oyu--g3,,True,2025,432.0,dim_score_700,False,OYU,Təhsildə sosial-psixoloji xidmət,III qrup,dövlət sifarişli,True,https://sec.az/kecid-ballari,
AZ,cografiya-muellimliyi--ldu--g2,,True,2023,345.0,dim_score_700,False,LDU,Coğrafiya müəllimliyi,II qrup,dövlət sifarişli,True,https://sec.az/kecid-ballari,
AZ,cografiya-muellimliyi--ldu--g2,,True,2024,335.7,dim_score_700,False,LDU,Coğrafiya müəllimliyi,II qrup,dövlət sifarişli,True,https://sec.az/kecid-ballari,
AZ,cografiya-muellimliyi--ldu--g2,,True,2025,431.7,dim_score_700,False,LDU,Coğrafiya müəllimliyi,II qrup,dövlət sifarişli,True,https://sec.az/kecid-ballari,
AZ,psixologiya--gdu--g4,,True,2023,431.7,dim_score_700,False,GDU,Psixologiya,IV qrup,dövlət sifarişli,True,https://sec.az/kecid-ballari,
AZ,psixologiya--gdu--g4,,True,2025,431.7,dim_score_700,False,GDU,Psixologiya,IV qrup,dövlət sifarişli,True,https://sec.az/kecid-ballari,
AZ,felsefe--au--g3,,True,2025,429.2,dim_score_700,False,AU,Fəlsəfə,III qrup,dövlət sifarişli,True,https://sec.az/kecid-ballari,
AZ,mektebeqeder-tehsil--mdu--g3,,True,2023,353.2,dim_score_700,False,MDU,Məktəbəqədər təhsil,III qrup,dövlət sifarişli,True,https://sec.az/kecid-ballari,
AZ,mektebeqeder-tehsil--mdu--g3,,True,2025,429.0,dim_score_700,False,MDU,Məktəbəqədər təhsil,III qrup,dövlət sifarişli,True,https://sec.az/kecid-ballari,
AZ,muhasibat--ldu--g2,,True,2023,292.1,dim_score_700,False,LDU,Mühasibat,II qrup,dövlət sifarişli,True,https://sec.az/kecid-ballari,
AZ,muhasibat--ldu--g2,,True,2024,348.4,dim_score_700,False,LDU,Mühasibat,II qrup,dövlət sifarişli,True,https://sec.az/kecid-ballari,
AZ,muhasibat--ldu--g2,,True,2025,427.6,dim_score_700,False,LDU,Mühasibat,II qrup,dövlət sifarişli,True,https://sec.az/kecid-ballari,
AZ,i-qtisadiyyat--gdu--g2,,True,2023,427.6,dim_score_700,False,GDU,İqtisadiyyat,II qrup,dövlət sifarişli,True,https://sec.az/kecid-ballari,
AZ,i-qtisadiyyat--gdu--g2,,True,2025,427.6,dim_score_700,False,GDU,İqtisadiyyat,II qrup,dövlət sifarişli,True,https://sec.az/kecid-ballari,
AZ,mektebeqeder-tehsil-seki-filiali--adpu--g3,,True,2023,353.5,dim_score_700,False,ADPU,Məktəbəqədər təhsil (Şəki filialı),III qrup,dövlət sifarişli,True,https://sec.az/kecid-ballari,
AZ,mektebeqeder-tehsil-seki-filiali--adpu--g3,,True,2025,427.4,dim_score_700,False,ADPU,Məktəbəqədər təhsil (Şəki filialı),III qrup,dövlət sifarişli,True,https://sec.az/kecid-ballari,
AZ,komputer-elmleri--khazar--g1,,True,2023,302.4,dim_score_700,False,Khazar,Kompüter elmləri,I qrup,dövlət sifarişli,True,https://sec.az/kecid-ballari,
AZ,komputer-elmleri--khazar--g1,,True,2024,444.1,dim_score_700,False,Khazar,Kompüter elmləri,I qrup,dövlət sifarişli,True,https://sec.az/kecid-ballari,
AZ,komputer-elmleri--khazar--g1,,True,2025,427.2,dim_score_700,False,Khazar,Kompüter elmləri,I qrup,dövlət sifarişli,True,https://sec.az/kecid-ballari,
AZ,i-nformasiya-tehlukesizliyi--atu-gence--g1,,True,2024,431.9,dim_score_700,False,ATU (Gəncə),İnformasiya təhlükəsizliyi,I qrup,dövlət sifarişli,True,https://sec.az/kecid-ballari,
AZ,i-nformasiya-tehlukesizliyi--atu-gence--g1,,True,2025,426.5,dim_score_700,False,ATU (Gəncə),İnformasiya təhlükəsizliyi,I qrup,dövlət sifarişli,True,https://sec.az/kecid-ballari,
AZ,mektebeqeder-tehsil--nmi--g3,,True,2023,364.3,dim_score_700,False,NMİ,Məktəbəqədər təhsil,III qrup,dövlət sifarişli,True,https://sec.az/kecid-ballari,
AZ,mektebeqeder-tehsil--nmi--g3,,True,2025,425.7,dim_score_700,False,NMİ,Məktəbəqədər təhsil,III qrup,dövlət sifarişli,True,https://sec.az/kecid-ballari,
AZ,mektebeqeder-tehsil--oyu--g3,,True,2023,372.2,dim_score_700,False,OYU,Məktəbəqədər təhsil,III qrup,dövlət sifarişli,True,https://sec.az/kecid-ballari,
AZ,mektebeqeder-tehsil--oyu--g3,,True,2025,425.3,dim_score_700,False,OYU,Məktəbəqədər təhsil,III qrup,dövlət sifarişli,True,https://sec.az/kecid-ballari,
AZ,azerbaycan-dili-ve-edebiyyati-muellimliyi--qarabag-uni--g3,,True,2025,424.9,dim_score_700,False,Qarabağ Uni,Azərbaycan dili və ədəbiyyatı müəllimliyi,III qrup,dövlət sifarişli,True,https://sec.az/kecid-ballari,
AZ,jurnalistika--adu--g3,,True,2023,352.7,dim_score_700,False,ADU,Jurnalistika,III qrup,dövlət sifarişli,True,https://sec.az/kecid-ballari,
AZ,jurnalistika--adu--g3,,True,2025,424.9,dim_score_700,False,ADU,Jurnalistika,III qrup,dövlət sifarişli,True,https://sec.az/kecid-ballari,
AZ,sosial-is--mdu--g3,,True,2023,424.4,dim_score_700,False,MDU,Sosial iş,III qrup,dövlət sifarişli,True,https://sec.az/kecid-ballari,
AZ,sosial-is--mdu--g3,,True,2025,424.4,dim_score_700,False,MDU,Sosial iş,III qrup,dövlət sifarişli,True,https://sec.az/kecid-ballari,
AZ,beynelxalq-ticaret-ve-logistika--bmu--g2,,True,2023,366.3,dim_score_700,False,BMU,Beynəlxalq ticarət və logistika,II qrup,dövlət sifarişli,True,https://sec.az/kecid-ballari,
AZ,beynelxalq-ticaret-ve-logistika--bmu--g2,,True,2024,398.5,dim_score_700,False,BMU,Beynəlxalq ticarət və logistika,II qrup,dövlət sifarişli,True,https://sec.az/kecid-ballari,
AZ,beynelxalq-ticaret-ve-logistika--bmu--g2,,True,2025,424.2,dim_score_700,False,BMU,Beynəlxalq ticarət və logistika,II qrup,dövlət sifarişli,True,https://sec.az/kecid-ballari,
AZ,mektebeqeder-tehsil-agcabedi-filiali--adpu--g3,,True,2025,424.2,dim_score_700,False,ADPU,Məktəbəqədər təhsil (Ağcabədi filialı),III qrup,dövlət sifarişli,True,https://sec.az/kecid-ballari,
AZ,mektebeqeder-tehsil--sdu--g3,,True,2025,424.0,dim_score_700,False,SDU,Məktəbəqədər təhsil,III qrup,dövlət sifarişli,True,https://sec.az/kecid-ballari,
AZ,regionsunasliq-cin-uzre--adu--g3,,True,2025,423.9,dim_score_700,False,ADU,Regionşünaslıq (Çin üzrə),III qrup,dövlət sifarişli,True,https://sec.az/kecid-ballari,
AZ,regionsunasliq-amerika-avropa-asiya-ve-serq-olkeleri-tedris-ingilis-dilinde--khazar--g3,,True,2023,369.4,dim_score_700,False,Khazar,"Regionşünaslıq (Amerika, Avropa, Asiya və Şərq ölkələri, tədris ingilis dilində)",III qrup,dövlət sifarişli,True,https://sec.az/kecid-ballari,
AZ,regionsunasliq-amerika-avropa-asiya-ve-serq-olkeleri-tedris-ingilis-dilinde--khazar--g3,,True,2025,423.7,dim_score_700,False,Khazar,"Regionşünaslıq (Amerika, Avropa, Asiya və Şərq ölkələri, tədris ingilis dilində)",III qrup,dövlət sifarişli,True,https://sec.az/kecid-ballari,
AZ,mektebeqeder-tehsil--bsu--g3,,True,2023,349.7,dim_score_700,False,BSU,Məktəbəqədər təhsil,III qrup,dövlət sifarişli,True,https://sec.az/kecid-ballari,
AZ,mektebeqeder-tehsil--bsu--g3,,True,2025,423.6,dim_score_700,False,BSU,Məktəbəqədər təhsil,III qrup,dövlət sifarişli,True,https://sec.az/kecid-ballari,
AZ,mektebeqeder-tehsil--adpu--g3--v1,1,False,2025,423.0,dim_score_700,False,ADPU,Məktəbəqədər təhsil,III qrup,dövlət sifarişli,True,https://sec.az/kecid-ballari,
AZ,mektebeqeder-tehsil--adpu--g3--v2,2,False,2023,350.6,dim_score_700,False,ADPU,Məktəbəqədər təhsil,III qrup,dövlət sifarişli,True,https://sec.az/kecid-ballari,
AZ,mektebeqeder-tehsil--adpu--g3--v2,2,False,2025,421.9,dim_score_700,False,ADPU,Məktəbəqədər təhsil,III qrup,dövlət sifarişli,True,https://sec.az/kecid-ballari,
AZ,mektebeqeder-tehsil--gdu--g3,,True,2023,356.3,dim_score_700,False,GDU,Məktəbəqədər təhsil,III qrup,dövlət sifarişli,True,https://sec.az/kecid-ballari,
AZ,mektebeqeder-tehsil--gdu--g3,,True,2025,423.0,dim_score_700,False,GDU,Məktəbəqədər təhsil,III qrup,dövlət sifarişli,True,https://sec.az/kecid-ballari,
AZ,i-qtisadiyyat--azmi-u--g2,,True,2024,423.0,dim_score_700,False,AzMİU,İqtisadiyyat,II qrup,dövlət sifarişli,True,https://sec.az/kecid-ballari,
AZ,i-qtisadiyyat--azmi-u--g2,,True,2025,423.0,dim_score_700,False,AzMİU,İqtisadiyyat,II qrup,dövlət sifarişli,True,https://sec.az/kecid-ballari,
AZ,i-nformasiya-tehlukesizliyi--ndu--g1,,True,2024,427.0,dim_score_700,False,NDU,İnformasiya təhlükəsizliyi,I qrup,dövlət sifarişli,True,https://sec.az/kecid-ballari,
AZ,i-nformasiya-tehlukesizliyi--ndu--g1,,True,2025,422.6,dim_score_700,False,NDU,İnformasiya təhlükəsizliyi,I qrup,dövlət sifarişli,True,https://sec.az/kecid-ballari,
AZ,felsefe--bdu--g3,,True,2023,374.8,dim_score_700,False,BDU,Fəlsəfə,III qrup,dövlət sifarişli,True,https://sec.az/kecid-ballari,
AZ,felsefe--bdu--g3,,True,2024,387.6,dim_score_700,False,BDU,Fəlsəfə,III qrup,dövlət sifarişli,True,https://sec.az/kecid-ballari,
AZ,felsefe--bdu--g3,,True,2025,422.1,dim_score_700,False,BDU,Fəlsəfə,III qrup,dövlət sifarişli,True,https://sec.az/kecid-ballari,
AZ,menecment--adau--g2,,True,2023,357.0,dim_score_700,False,ADAU,Menecment,II qrup,dövlət sifarişli,True,https://sec.az/kecid-ballari,
AZ,menecment--adau--g2,,True,2024,400.9,dim_score_700,False,ADAU,Menecment,II qrup,dövlət sifarişli,True,https://sec.az/kecid-ballari,
AZ,menecment--adau--g2,,True,2025,420.7,dim_score_700,False,ADAU,Menecment,II qrup,dövlət sifarişli,True,https://sec.az/kecid-ballari,
AZ,i-qtisadiyyat--au--g2,,True,2024,420.2,dim_score_700,False,AU,İqtisadiyyat,II qrup,dövlət sifarişli,True,https://sec.az/kecid-ballari,
AZ,i-qtisadiyyat--au--g2,,True,2025,420.2,dim_score_700,False,AU,İqtisadiyyat,II qrup,dövlət sifarişli,True,https://sec.az/kecid-ballari,
AZ,regionsunasliq-amerika-uzre--adu--g3,,True,2023,375.4,dim_score_700,False,ADU,Regionşünaslıq (Amerika üzrə),III qrup,dövlət sifarişli,True,https://sec.az/kecid-ballari,
AZ,regionsunasliq-amerika-uzre--adu--g3,,True,2025,418.7,dim_score_700,False,ADU,Regionşünaslıq (Amerika üzrə),III qrup,dövlət sifarişli,True,https://sec.az/kecid-ballari,
AZ,beynelxalq-ticaret-ve-logistika--ndu--g2,,True,2023,365.2,dim_score_700,False,NDU,Beynəlxalq ticarət və logistika,II qrup,dövlət sifarişli,True,https://sec.az/kecid-ballari,
AZ,beynelxalq-ticaret-ve-logistika--ndu--g2,,True,2024,397.1,dim_score_700,False,NDU,Beynəlxalq ticarət və logistika,II qrup,dövlət sifarişli,True,https://sec.az/kecid-ballari,
AZ,beynelxalq-ticaret-ve-logistika--ndu--g2,,True,2025,418.1,dim_score_700,False,NDU,Beynəlxalq ticarət və logistika,II qrup,dövlət sifarişli,True,https://sec.az/kecid-ballari,
AZ,beynelxalq-ticaret-ve-logistika--aztu--g2,,True,2023,361.5,dim_score_700,False,AzTU,Beynəlxalq ticarət və logistika,II qrup,dövlət sifarişli,True,https://sec.az/kecid-ballari,
AZ,beynelxalq-ticaret-ve-logistika--aztu--g2,,True,2024,396.0,dim_score_700,False,AzTU,Beynəlxalq ticarət və logistika,II qrup,dövlət sifarişli,True,https://sec.az/kecid-ballari,
AZ,beynelxalq-ticaret-ve-logistika--aztu--g2,,True,2025,418.1,dim_score_700,False,AzTU,Beynəlxalq ticarət və logistika,II qrup,dövlət sifarişli,True,https://sec.az/kecid-ballari,
AZ,beynelxalq-ticaret-ve-logistika--bdu--g2,,True,2023,361.8,dim_score_700,False,BDU,Beynəlxalq ticarət və logistika,II qrup,dövlət sifarişli,True,https://sec.az/kecid-ballari,
AZ,beynelxalq-ticaret-ve-logistika--bdu--g2,,True,2024,396.1,dim_score_700,False,BDU,Beynəlxalq ticarət və logistika,II qrup,dövlət sifarişli,True,https://sec.az/kecid-ballari,
AZ,beynelxalq-ticaret-ve-logistika--bdu--g2,,True,2025,417.9,dim_score_700,False,BDU,Beynəlxalq ticarət və logistika,II qrup,dövlət sifarişli,True,https://sec.az/kecid-ballari,
AZ,elektrik-ve-elektronika-muhendisliyi--unec--g1,,True,2023,354.0,dim_score_700,False,UNEC,Elektrik və elektronika mühəndisliyi,I qrup,dövlət sifarişli,True,https://sec.az/kecid-ballari,
AZ,elektrik-ve-elektronika-muhendisliyi--unec--g1,,True,2024,415.8,dim_score_700,False,UNEC,Elektrik və elektronika mühəndisliyi,I qrup,dövlət sifarişli,True,https://sec.az/kecid-ballari,
AZ,elektrik-ve-elektronika-muhendisliyi--unec--g1,,True,2025,417.8,dim_score_700,False,UNEC,Elektrik və elektronika mühəndisliyi,I qrup,dövlət sifarişli,True,https://sec.az/kecid-ballari,
AZ,beynelxalq-ticaret-ve-logistika--adnsu--g2,,True,2023,361.9,dim_score_700,False,ADNSU,Beynəlxalq ticarət və logistika,II qrup,dövlət sifarişli,True,https://sec.az/kecid-ballari,
AZ,beynelxalq-ticaret-ve-logistika--adnsu--g2,,True,2024,396.0,dim_score_700,False,ADNSU,Beynəlxalq ticarət və logistika,II qrup,dövlət sifarişli,True,https://sec.az/kecid-ballari,
AZ,beynelxalq-ticaret-ve-logistika--adnsu--g2,,True,2025,417.8,dim_score_700,False,ADNSU,Beynəlxalq ticarət və logistika,II qrup,dövlət sifarişli,True,https://sec.az/kecid-ballari,
AZ,kimya-muhendisliyi--khazar--g1,,True,2023,481.2,dim_score_700,False,Khazar,Kimya mühəndisliyi,I qrup,dövlət sifarişli,True,https://sec.az/kecid-ballari,
AZ,kimya-muhendisliyi--khazar--g1,,True,2024,562.9,dim_score_700,False,Khazar,Kimya mühəndisliyi,I qrup,dövlət sifarişli,True,https://sec.az/kecid-ballari,
AZ,kimya-muhendisliyi--khazar--g1,,True,2025,417.1,dim_score_700,False,Khazar,Kimya mühəndisliyi,I qrup,dövlət sifarişli,True,https://sec.az/kecid-ballari,
AZ,kitabxanaciliq-ve-informasiya-fealiyyeti--admi-u--g3,,True,2025,416.1,dim_score_700,False,ADMİU,Kitabxanaçılıq və informasiya fəaliyyəti,III qrup,dövlət sifarişli,True,https://sec.az/kecid-ballari,
AZ,mexatronika-ve-robototexnika-muhendisliyi--adnsu--g1--v1,1,False,2023,412.1,dim_score_700,False,ADNSU,Mexatronika və robototexnika mühəndisliyi,I qrup,dövlət sifarişli,True,https://sec.az/kecid-ballari,
AZ,mexatronika-ve-robototexnika-muhendisliyi--adnsu--g1--v1,1,False,2024,395.2,dim_score_700,False,ADNSU,Mexatronika və robototexnika mühəndisliyi,I qrup,dövlət sifarişli,True,https://sec.az/kecid-ballari,
AZ,mexatronika-ve-robototexnika-muhendisliyi--adnsu--g1--v1,1,False,2025,415.6,dim_score_700,False,ADNSU,Mexatronika və robototexnika mühəndisliyi,I qrup,dövlət sifarişli,True,https://sec.az/kecid-ballari,
AZ,mexatronika-ve-robototexnika-muhendisliyi--adnsu--g1--v2,2,False,2023,320.2,dim_score_700,False,ADNSU,Mexatronika və robototexnika mühəndisliyi,I qrup,dövlət sifarişli,True,https://sec.az/kecid-ballari,
AZ,mexatronika-ve-robototexnika-muhendisliyi--adnsu--g1--v2,2,False,2024,336.4,dim_score_700,False,ADNSU,Mexatronika və robototexnika mühəndisliyi,I qrup,dövlət sifarişli,True,https://sec.az/kecid-ballari,
AZ,mexatronika-ve-robototexnika-muhendisliyi--adnsu--g1--v2,2,False,2025,342.6,dim_score_700,False,ADNSU,Mexatronika və robototexnika mühəndisliyi,I qrup,dövlət sifarişli,True,https://sec.az/kecid-ballari,
AZ,ucus-muhendisliyi--maa--g1,,True,2023,494.0,dim_score_700,False,MAA,Uçuş mühəndisliyi,I qrup,dövlət sifarişli,True,https://sec.az/kecid-ballari,
AZ,ucus-muhendisliyi--maa--g1,,True,2024,391.9,dim_score_700,False,MAA,Uçuş mühəndisliyi,I qrup,dövlət sifarişli,True,https://sec.az/kecid-ballari,
AZ,ucus-muhendisliyi--maa--g1,,True,2025,415.5,dim_score_700,False,MAA,Uçuş mühəndisliyi,I qrup,dövlət sifarişli,True,https://sec.az/kecid-ballari,
AZ,komputer-muhendisliyi--maa--g1,,True,2023,419.0,dim_score_700,False,MAA,Kompüter mühəndisliyi,I qrup,dövlət sifarişli,True,https://sec.az/kecid-ballari,
AZ,komputer-muhendisliyi--maa--g1,,True,2024,399.2,dim_score_700,False,MAA,Kompüter mühəndisliyi,I qrup,dövlət sifarişli,True,https://sec.az/kecid-ballari,
AZ,komputer-muhendisliyi--maa--g1,,True,2025,414.0,dim_score_700,False,MAA,Kompüter mühəndisliyi,I qrup,dövlət sifarişli,True,https://sec.az/kecid-ballari,
AZ,kitabxanaciliq-ve-informasiya-fealiyyeti--bdu--g3--v1,1,False,2023,360.5,dim_score_700,False,BDU,Kitabxanaçılıq və informasiya fəaliyyəti,III qrup,dövlət sifarişli,True,https://sec.az/kecid-ballari,
AZ,kitabxanaciliq-ve-informasiya-fealiyyeti--bdu--g3--v1,1,False,2024,382.3,dim_score_700,False,BDU,Kitabxanaçılıq və informasiya fəaliyyəti,III qrup,dövlət sifarişli,True,https://sec.az/kecid-ballari,
AZ,kitabxanaciliq-ve-informasiya-fealiyyeti--bdu--g3--v1,1,False,2025,412.3,dim_score_700,False,BDU,Kitabxanaçılıq və informasiya fəaliyyəti,III qrup,dövlət sifarişli,True,https://sec.az/kecid-ballari,
AZ,kitabxanaciliq-ve-informasiya-fealiyyeti--bdu--g3--v2,2,False,2023,360.5,dim_score_700,False,BDU,Kitabxanaçılıq və informasiya fəaliyyəti,III qrup,dövlət sifarişli,True,https://sec.az/kecid-ballari,
AZ,kitabxanaciliq-ve-informasiya-fealiyyeti--bdu--g3--v2,2,False,2024,382.2,dim_score_700,False,BDU,Kitabxanaçılıq və informasiya fəaliyyəti,III qrup,dövlət sifarişli,True,https://sec.az/kecid-ballari,
AZ,kitabxanaciliq-ve-informasiya-fealiyyeti--bdu--g3--v2,2,False,2025,412.0,dim_score_700,False,BDU,Kitabxanaçılıq və informasiya fəaliyyəti,III qrup,dövlət sifarişli,True,https://sec.az/kecid-ballari,
AZ,aerokosmik-muhendislik--maa--g1--v1,1,False,2023,385.6,dim_score_700,False,MAA,Aerokosmik mühəndislik,I qrup,dövlət sifarişli,True,https://sec.az/kecid-ballari,
AZ,aerokosmik-muhendislik--maa--g1--v1,1,False,2024,401.4,dim_score_700,False,MAA,Aerokosmik mühəndislik,I qrup,dövlət sifarişli,True,https://sec.az/kecid-ballari,
AZ,aerokosmik-muhendislik--maa--g1--v1,1,False,2025,412.2,dim_score_700,False,MAA,Aerokosmik mühəndislik,I qrup,dövlət sifarişli,True,https://sec.az/kecid-ballari,
AZ,aerokosmik-muhendislik--maa--g1--v2,2,False,2023,313.3,dim_score_700,False,MAA,Aerokosmik mühəndislik,I qrup,dövlət sifarişli,True,https://sec.az/kecid-ballari,
AZ,aerokosmik-muhendislik--maa--g1--v2,2,False,2024,348.6,dim_score_700,False,MAA,Aerokosmik mühəndislik,I qrup,dövlət sifarişli,True,https://sec.az/kecid-ballari,
AZ,aerokosmik-muhendislik--maa--g1--v2,2,False,2025,355.5,dim_score_700,False,MAA,Aerokosmik mühəndislik,I qrup,dövlət sifarişli,True,https://sec.az/kecid-ballari,
AZ,logistika-ve-neqliyyat-texnologiyalari-muhendisliyi--maa--g1--v1,1,False,2023,387.2,dim_score_700,False,MAA,Logistika və nəqliyyat texnologiyaları mühəndisliyi,I qrup,dövlət sifarişli,True,https://sec.az/kecid-ballari,
AZ,logistika-ve-neqliyyat-texnologiyalari-muhendisliyi--maa--g1--v1,1,False,2024,441.9,dim_score_700,False,MAA,Logistika və nəqliyyat texnologiyaları mühəndisliyi,I qrup,dövlət sifarişli,True,https://sec.az/kecid-ballari,
AZ,logistika-ve-neqliyyat-texnologiyalari-muhendisliyi--maa--g1--v1,1,False,2025,412.2,dim_score_700,False,MAA,Logistika və nəqliyyat texnologiyaları mühəndisliyi,I qrup,dövlət sifarişli,True,https://sec.az/kecid-ballari,
AZ,logistika-ve-neqliyyat-texnologiyalari-muhendisliyi--maa--g1--v2,2,False,2023,379.9,dim_score_700,False,MAA,Logistika və nəqliyyat texnologiyaları mühəndisliyi,I qrup,dövlət sifarişli,True,https://sec.az/kecid-ballari,
AZ,logistika-ve-neqliyyat-texnologiyalari-muhendisliyi--maa--g1--v2,2,False,2024,387.6,dim_score_700,False,MAA,Logistika və nəqliyyat texnologiyaları mühəndisliyi,I qrup,dövlət sifarişli,True,https://sec.az/kecid-ballari,
AZ,logistika-ve-neqliyyat-texnologiyalari-muhendisliyi--maa--g1--v2,2,False,2025,351.3,dim_score_700,False,MAA,Logistika və nəqliyyat texnologiyaları mühəndisliyi,I qrup,dövlət sifarişli,True,https://sec.az/kecid-ballari,
AZ,regionsunasliq-yaponiya-uzre--bdu--g3,,True,2023,383.5,dim_score_700,False,BDU,Regionşünaslıq (Yaponiya üzrə),III qrup,dövlət sifarişli,True,https://sec.az/kecid-ballari,
AZ,regionsunasliq-yaponiya-uzre--bdu--g3,,True,2024,442.7,dim_score_700,False,BDU,Regionşünaslıq (Yaponiya üzrə),III qrup,dövlət sifarişli,True,https://sec.az/kecid-ballari,
AZ,regionsunasliq-yaponiya-uzre--bdu--g3,,True,2025,412.2,dim_score_700,False,BDU,Regionşünaslıq (Yaponiya üzrə),III qrup,dövlət sifarişli,True,https://sec.az/kecid-ballari,
AZ,menecment--di-a--g2,,True,2023,383.1,dim_score_700,False,DİA,Menecment,II qrup,dövlət sifarişli,True,https://sec.az/kecid-ballari,
AZ,menecment--di-a--g2,,True,2024,403.0,dim_score_700,False,DİA,Menecment,II qrup,dövlət sifarişli,True,https://sec.az/kecid-ballari,
AZ,menecment--di-a--g2,,True,2025,412.0,dim_score_700,False,DİA,Menecment,II qrup,dövlət sifarişli,True,https://sec.az/kecid-ballari,
AZ,i-nsaat-muhendisliyi--azmi-u--g1--v1,1,False,2023,384.8,dim_score_700,False,AzMİU,İnşaat mühəndisliyi,I qrup,dövlət sifarişli,True,https://sec.az/kecid-ballari,
AZ,i-nsaat-muhendisliyi--azmi-u--g1--v1,1,False,2024,323.3,dim_score_700,False,AzMİU,İnşaat mühəndisliyi,I qrup,dövlət sifarişli,True,https://sec.az/kecid-ballari,
AZ,i-nsaat-muhendisliyi--azmi-u--g1--v1,1,False,2025,411.8,dim_score_700,False,AzMİU,İnşaat mühəndisliyi,I qrup,dövlət sifarişli,True,https://sec.az/kecid-ballari,
AZ,i-nsaat-muhendisliyi--azmi-u--g1--v2,2,False,2023,324.9,dim_score_700,False,AzMİU,İnşaat mühəndisliyi,I qrup,dövlət sifarişli,True,https://sec.az/kecid-ballari,
AZ,i-nsaat-muhendisliyi--azmi-u--g1--v2,2,False,2024,413.9,dim_score_700,False,AzMİU,İnşaat mühəndisliyi,I qrup,dövlət sifarişli,True,https://sec.az/kecid-ballari,
AZ,i-nsaat-muhendisliyi--azmi-u--g1--v2,2,False,2025,367.7,dim_score_700,False,AzMİU,İnşaat mühəndisliyi,I qrup,dövlət sifarişli,True,https://sec.az/kecid-ballari,
AZ,i-nsaat-muhendisliyi--azmi-u--g1--v3,3,False,2025,348.4,dim_score_700,False,AzMİU,İnşaat mühəndisliyi,I qrup,dövlət sifarişli,True,https://sec.az/kecid-ballari,
AZ,i-nsaat-muhendisliyi--azmi-u--g1--v4,4,False,2023,273.3,dim_score_700,False,AzMİU,İnşaat mühəndisliyi,I qrup,dövlət sifarişli,True,https://sec.az/kecid-ballari,
AZ,i-nsaat-muhendisliyi--azmi-u--g1--v4,4,False,2024,309.1,dim_score_700,False,AzMİU,İnşaat mühəndisliyi,I qrup,dövlət sifarişli,True,https://sec.az/kecid-ballari,
AZ,i-nsaat-muhendisliyi--azmi-u--g1--v4,4,False,2025,299.8,dim_score_700,False,AzMİU,İnşaat mühəndisliyi,I qrup,dövlət sifarişli,True,https://sec.az/kecid-ballari,
AZ,i-nformatika--adpu--g1--v1,1,False,2024,312.7,dim_score_700,False,ADPU,İnformatika,I qrup,dövlət sifarişli,True,https://sec.az/kecid-ballari,
AZ,i-nformatika--adpu--g1--v1,1,False,2025,411.1,dim_score_700,False,ADPU,İnformatika,I qrup,dövlət sifarişli,True,https://sec.az/kecid-ballari,
AZ,i-nformatika--adpu--g1--v2,2,False,2024,288.2,dim_score_700,False,ADPU,İnformatika,I qrup,dövlət sifarişli,True,https://sec.az/kecid-ballari,
AZ,i-nformatika--adpu--g1--v2,2,False,2025,313.5,dim_score_700,False,ADPU,İnformatika,I qrup,dövlət sifarişli,True,https://sec.az/kecid-ballari,
AZ,i-nformatika--adpu--g1--v3,3,False,2023,258.2,dim_score_700,False,ADPU,İnformatika,I qrup,dövlət sifarişli,True,https://sec.az/kecid-ballari,
AZ,i-nformatika--adpu--g1--v3,3,False,2024,288.4,dim_score_700,False,ADPU,İnformatika,I qrup,dövlət sifarişli,True,https://sec.az/kecid-ballari,
AZ,i-nformatika--adpu--g1--v3,3,False,2025,307.6,dim_score_700,False,ADPU,İnformatika,I qrup,dövlət sifarişli,True,https://sec.az/kecid-ballari,
AZ,i-qtisadiyyat--sdu--g2,,True,2024,410.3,dim_score_700,False,SDU,İqtisadiyyat,II qrup,dövlət sifarişli,True,https://sec.az/kecid-ballari,
AZ,i-qtisadiyyat--sdu--g2,,True,2025,410.3,dim_score_700,False,SDU,İqtisadiyyat,II qrup,dövlət sifarişli,True,https://sec.az/kecid-ballari,
AZ,regionsunasliq-qafqaz-olkeleri-uzre-tedris-ingilis-dilinde--bdu--g3,,True,2025,410.1,dim_score_700,False,BDU,"Regionşünaslıq (Qafqaz ölkələri üzrə, tədris ingilis dilində)",III qrup,dövlət sifarişli,True,https://sec.az/kecid-ballari,
AZ,menecment--maa--g2,,True,2023,362.4,dim_score_700,False,MAA,Menecment,II qrup,dövlət sifarişli,True,https://sec.az/kecid-ballari,
AZ,menecment--maa--g2,,True,2024,389.7,dim_score_700,False,MAA,Menecment,II qrup,dövlət sifarişli,True,https://sec.az/kecid-ballari,
AZ,menecment--maa--g2,,True,2025,409.9,dim_score_700,False,MAA,Menecment,II qrup,dövlət sifarişli,True,https://sec.az/kecid-ballari,
AZ,menecment--bdu--g2,,True,2023,360.5,dim_score_700,False,BDU,Menecment,II qrup,dövlət sifarişli,True,https://sec.az/kecid-ballari,
AZ,menecment--bdu--g2,,True,2024,390.9,dim_score_700,False,BDU,Menecment,II qrup,dövlət sifarişli,True,https://sec.az/kecid-ballari,
AZ,menecment--bdu--g2,,True,2025,409.5,dim_score_700,False,BDU,Menecment,II qrup,dövlət sifarişli,True,https://sec.az/kecid-ballari,
AZ,muzey-arxiv-isi-ve-abidelerin-qorunmasi--bdu--g3,,True,2023,333.7,dim_score_700,False,BDU,"Muzey, arxiv işi və abidələrin qorunması",III qrup,dövlət sifarişli,True,https://sec.az/kecid-ballari,
AZ,muzey-arxiv-isi-ve-abidelerin-qorunmasi--bdu--g3,,True,2024,376.8,dim_score_700,False,BDU,"Muzey, arxiv işi və abidələrin qorunması",III qrup,dövlət sifarişli,True,https://sec.az/kecid-ballari,
AZ,muzey-arxiv-isi-ve-abidelerin-qorunmasi--bdu--g3,,True,2025,409.4,dim_score_700,False,BDU,"Muzey, arxiv işi və abidələrin qorunması",III qrup,dövlət sifarişli,True,https://sec.az/kecid-ballari,
AZ,regionsunasliq-merkezi-ve-serqi-avropa-uzre--adu--g3,,True,2023,409.3,dim_score_700,False,ADU,Regionşünaslıq (Mərkəzi və Şərqi Avropa üzrə),III qrup,dövlət sifarişli,True,https://sec.az/kecid-ballari,
AZ,regionsunasliq-merkezi-ve-serqi-avropa-uzre--adu--g3,,True,2025,409.3,dim_score_700,False,ADU,Regionşünaslıq (Mərkəzi və Şərqi Avropa üzrə),III qrup,dövlət sifarişli,True,https://sec.az/kecid-ballari,
AZ,muzey-arxiv-isi-ve-abidelerin-qorunmasi--ndu--g3,,True,2023,342.2,dim_score_700,False,NDU,"Muzey, arxiv işi və abidələrin qorunması",III qrup,dövlət sifarişli,True,https://sec.az/kecid-ballari,
AZ,muzey-arxiv-isi-ve-abidelerin-qorunmasi--ndu--g3,,True,2025,409.2,dim_score_700,False,NDU,"Muzey, arxiv işi və abidələrin qorunması",III qrup,dövlət sifarişli,True,https://sec.az/kecid-ballari,
AZ,regionsunasliq-amerika-uzre-tedris-ingilis-dilinde--adu--g3,,True,2023,369.6,dim_score_700,False,ADU,"Regionşünaslıq (Amerika üzrə, tədris ingilis dilində)",III qrup,dövlət sifarişli,True,https://sec.az/kecid-ballari,
AZ,regionsunasliq-amerika-uzre-tedris-ingilis-dilinde--adu--g3,,True,2025,409.0,dim_score_700,False,ADU,"Regionşünaslıq (Amerika üzrə, tədris ingilis dilində)",III qrup,dövlət sifarişli,True,https://sec.az/kecid-ballari,
AZ,menecment--adnsu--g2--v1,1,False,2023,357.0,dim_score_700,False,ADNSU,Menecment,II qrup,dövlət sifarişli,True,https://sec.az/kecid-ballari,
AZ,menecment--adnsu--g2--v1,1,False,2024,394.7,dim_score_700,False,ADNSU,Menecment,II qrup,dövlət sifarişli,True,https://sec.az/kecid-ballari,
AZ,menecment--adnsu--g2--v1,1,False,2025,408.9,dim_score_700,False,ADNSU,Menecment,II qrup,dövlət sifarişli,True,https://sec.az/kecid-ballari,
AZ,menecment--adnsu--g2--v2,2,False,2023,360.7,dim_score_700,False,ADNSU,Menecment,II qrup,dövlət sifarişli,True,https://sec.az/kecid-ballari,
AZ,menecment--adnsu--g2--v2,2,False,2024,392.9,dim_score_700,False,ADNSU,Menecment,II qrup,dövlət sifarişli,True,https://sec.az/kecid-ballari,
AZ,menecment--adnsu--g2--v2,2,False,2025,407.0,dim_score_700,False,ADNSU,Menecment,II qrup,dövlət sifarişli,True,https://sec.az/kecid-ballari,
AZ,menecment--mdu--g2,,True,2025,408.8,dim_score_700,False,MDU,Menecment,II qrup,dövlət sifarişli,True,https://sec.az/kecid-ballari,
AZ,regionsunasliq-koreya-uzre--bdu--g3,,True,2023,369.8,dim_score_700,False,BDU,Regionşünaslıq (Koreya üzrə),III qrup,dövlət sifarişli,True,https://sec.az/kecid-ballari,
AZ,regionsunasliq-koreya-uzre--bdu--g3,,True,2024,383.2,dim_score_700,False,BDU,Regionşünaslıq (Koreya üzrə),III qrup,dövlət sifarişli,True,https://sec.az/kecid-ballari,
AZ,regionsunasliq-koreya-uzre--bdu--g3,,True,2025,408.8,dim_score_700,False,BDU,Regionşünaslıq (Koreya üzrə),III qrup,dövlət sifarişli,True,https://sec.az/kecid-ballari,
AZ,regionsunasliq-amerika-uzre--bdu--g3,,True,2023,368.9,dim_score_700,False,BDU,Regionşünaslıq (Amerika üzrə),III qrup,dövlət sifarişli,True,https://sec.az/kecid-ballari,
AZ,regionsunasliq-amerika-uzre--bdu--g3,,True,2024,381.5,dim_score_700,False,BDU,Regionşünaslıq (Amerika üzrə),III qrup,dövlət sifarişli,True,https://sec.az/kecid-ballari,
AZ,regionsunasliq-amerika-uzre--bdu--g3,,True,2025,408.5,dim_score_700,False,BDU,Regionşünaslıq (Amerika üzrə),III qrup,dövlət sifarişli,True,https://sec.az/kecid-ballari,
AZ,menecment--azmi-u--g2,,True,2023,389.3,dim_score_700,False,AzMİU,Menecment,II qrup,dövlət sifarişli,True,https://sec.az/kecid-ballari,
AZ,menecment--azmi-u--g2,,True,2024,400.0,dim_score_700,False,AzMİU,Menecment,II qrup,dövlət sifarişli,True,https://sec.az/kecid-ballari,
AZ,menecment--azmi-u--g2,,True,2025,408.3,dim_score_700,False,AzMİU,Menecment,II qrup,dövlət sifarişli,True,https://sec.az/kecid-ballari,
AZ,regionsunasliq-amerika-uzre-tedris-ingilis-dilinde--bdu--g3,,True,2023,368.5,dim_score_700,False,BDU,"Regionşünaslıq (Amerika üzrə, tədris ingilis dilində)",III qrup,dövlət sifarişli,True,https://sec.az/kecid-ballari,
AZ,regionsunasliq-amerika-uzre-tedris-ingilis-dilinde--bdu--g3,,True,2024,382.8,dim_score_700,False,BDU,"Regionşünaslıq (Amerika üzrə, tədris ingilis dilində)",III qrup,dövlət sifarişli,True,https://sec.az/kecid-ballari,
AZ,regionsunasliq-amerika-uzre-tedris-ingilis-dilinde--bdu--g3,,True,2025,407.7,dim_score_700,False,BDU,"Regionşünaslıq (Amerika üzrə, tədris ingilis dilində)",III qrup,dövlət sifarişli,True,https://sec.az/kecid-ballari,
AZ,fizika-muellimliyi--bdu--g1--v1,1,False,2023,404.1,dim_score_700,False,BDU,Fizika müəllimliyi,I qrup,dövlət sifarişli,True,https://sec.az/kecid-ballari,
AZ,fizika-muellimliyi--bdu--g1--v1,1,False,2024,427.4,dim_score_700,False,BDU,Fizika müəllimliyi,I qrup,dövlət sifarişli,True,https://sec.az/kecid-ballari,
AZ,fizika-muellimliyi--bdu--g1--v1,1,False,2025,407.6,dim_score_700,False,BDU,Fizika müəllimliyi,I qrup,dövlət sifarişli,True,https://sec.az/kecid-ballari,
AZ,fizika-muellimliyi--bdu--g1--v2,2,False,2023,341.1,dim_score_700,False,BDU,Fizika müəllimliyi,I qrup,dövlət sifarişli,True,https://sec.az/kecid-ballari,
AZ,fizika-muellimliyi--bdu--g1--v2,2,False,2024,387.2,dim_score_700,False,BDU,Fizika müəllimliyi,I qrup,dövlət sifarişli,True,https://sec.az/kecid-ballari,
AZ,fizika-muellimliyi--bdu--g1--v2,2,False,2025,365.4,dim_score_700,False,BDU,Fizika müəllimliyi,I qrup,dövlət sifarişli,True,https://sec.az/kecid-ballari,
AZ,sosial-is--bbu--g3,,True,2023,406.5,dim_score_700,False,BBU,Sosial iş,III qrup,dövlət sifarişli,True,https://sec.az/kecid-ballari,
AZ,sosial-is--bbu--g3,,True,2025,406.5,dim_score_700,False,BBU,Sosial iş,III qrup,dövlət sifarişli,True,https://sec.az/kecid-ballari,
AZ,menecment--unec--g2,,True,2023,357.3,dim_score_700,False,UNEC,Menecment,II qrup,dövlət sifarişli,True,https://sec.az/kecid-ballari,
AZ,menecment--unec--g2,,True,2024,389.3,dim_score_700,False,UNEC,Menecment,II qrup,dövlət sifarişli,True,https://sec.az/kecid-ballari,
AZ,menecment--unec--g2,,True,2025,406.0,dim_score_700,False,UNEC,Menecment,II qrup,dövlət sifarişli,True,https://sec.az/kecid-ballari,
AZ,davamli-inkisaf--di-a--g2,,True,2023,385.0,dim_score_700,False,DİA,Davamlı inkişaf,II qrup,dövlət sifarişli,True,https://sec.az/kecid-ballari,
AZ,davamli-inkisaf--di-a--g2,,True,2024,397.7,dim_score_700,False,DİA,Davamlı inkişaf,II qrup,dövlət sifarişli,True,https://sec.az/kecid-ballari,
AZ,davamli-inkisaf--di-a--g2,,True,2025,405.5,dim_score_700,False,DİA,Davamlı inkişaf,II qrup,dövlət sifarişli,True,https://sec.az/kecid-ballari,
AZ,muzey-arxiv-isi-ve-abidelerin-qorunmasi--ldu--g3,,True,2025,405.1,dim_score_700,False,LDU,"Muzey, arxiv işi və abidələrin qorunması",III qrup,dövlət sifarişli,True,https://sec.az/kecid-ballari,
AZ,regionsunasliq-i-srail-ve-yaxin-serq-olkeleri-uzre--adu--g3,,True,2023,405.0,dim_score_700,False,ADU,Regionşünaslıq (İsrail və Yaxın Şərq ölkələri üzrə),III qrup,dövlət sifarişli,True,https://sec.az/kecid-ballari,
AZ,regionsunasliq-i-srail-ve-yaxin-serq-olkeleri-uzre--adu--g3,,True,2025,405.0,dim_score_700,False,ADU,Regionşünaslıq (İsrail və Yaxın Şərq ölkələri üzrə),III qrup,dövlət sifarişli,True,https://sec.az/kecid-ballari,
AZ,muzey-arxiv-isi-ve-abidelerin-qorunmasi--au--g3,,True,2023,336.0,dim_score_700,False,AU,"Muzey, arxiv işi və abidələrin qorunması",III qrup,dövlət sifarişli,True,https://sec.az/kecid-ballari,
AZ,muzey-arxiv-isi-ve-abidelerin-qorunmasi--au--g3,,True,2025,404.6,dim_score_700,False,AU,"Muzey, arxiv işi və abidələrin qorunması",III qrup,dövlət sifarişli,True,https://sec.az/kecid-ballari,
AZ,biologiya-tedris-ingilis-dilinde--qku--g4,,True,2024,330.7,dim_score_700,False,QKU,Biologiya (tədris ingilis dilində),IV qrup,dövlət sifarişli,True,https://sec.az/kecid-ballari,
AZ,biologiya-tedris-ingilis-dilinde--qku--g4,,True,2025,404.0,dim_score_700,False,QKU,Biologiya (tədris ingilis dilində),IV qrup,dövlət sifarişli,True,https://sec.az/kecid-ballari,
AZ,dovlet-ve-belediyye-idareetmesi--atu-gence--g2,,True,2025,403.3,dim_score_700,False,ATU (Gəncə),Dövlət və bələdiyyə idarəetməsi,II qrup,dövlət sifarişli,True,https://sec.az/kecid-ballari,
AZ,i-nformasiya-tehlukesizliyi--oyu--g1,,True,2025,403.1,dim_score_700,False,OYU,İnformasiya təhlükəsizliyi,I qrup,dövlət sifarişli,True,https://sec.az/kecid-ballari,
AZ,muzey-arxiv-isi-ve-abidelerin-qorunmasi--admi-u--g3,,True,2023,335.0,dim_score_700,False,ADMİU,"Muzey, arxiv işi və abidələrin qorunması",III qrup,dövlət sifarişli,True,https://sec.az/kecid-ballari,
AZ,muzey-arxiv-isi-ve-abidelerin-qorunmasi--admi-u--g3,,True,2025,402.9,dim_score_700,False,ADMİU,"Muzey, arxiv işi və abidələrin qorunması",III qrup,dövlət sifarişli,True,https://sec.az/kecid-ballari,
AZ,neft-qaz-muhendisliyi--azmi-u--g1,,True,2023,374.1,dim_score_700,False,AzMİU,Neft-qaz mühəndisliyi,I qrup,dövlət sifarişli,True,https://sec.az/kecid-ballari,
AZ,neft-qaz-muhendisliyi--azmi-u--g1,,True,2024,424.5,dim_score_700,False,AzMİU,Neft-qaz mühəndisliyi,I qrup,dövlət sifarişli,True,https://sec.az/kecid-ballari,
AZ,neft-qaz-muhendisliyi--azmi-u--g1,,True,2025,402.5,dim_score_700,False,AzMİU,Neft-qaz mühəndisliyi,I qrup,dövlət sifarişli,True,https://sec.az/kecid-ballari,
AZ,kimya-muhendisliyi--aztu--g1--v1,1,False,2024,438.6,dim_score_700,False,AzTU,Kimya mühəndisliyi,I qrup,dövlət sifarişli,True,https://sec.az/kecid-ballari,
AZ,kimya-muhendisliyi--aztu--g1--v1,1,False,2025,402.4,dim_score_700,False,AzTU,Kimya mühəndisliyi,I qrup,dövlət sifarişli,True,https://sec.az/kecid-ballari,
AZ,kimya-muhendisliyi--aztu--g1--v2,2,False,2023,348.1,dim_score_700,False,AzTU,Kimya mühəndisliyi,I qrup,dövlət sifarişli,True,https://sec.az/kecid-ballari,
AZ,kimya-muhendisliyi--aztu--g1--v2,2,False,2025,401.4,dim_score_700,False,AzTU,Kimya mühəndisliyi,I qrup,dövlət sifarişli,True,https://sec.az/kecid-ballari,
AZ,muzey-arxiv-isi-ve-abidelerin-qorunmasi--atmu--g3,,True,2023,334.2,dim_score_700,False,ATMU,"Muzey, arxiv işi və abidələrin qorunması",III qrup,dövlət sifarişli,True,https://sec.az/kecid-ballari,
AZ,muzey-arxiv-isi-ve-abidelerin-qorunmasi--atmu--g3,,True,2025,402.0,dim_score_700,False,ATMU,"Muzey, arxiv işi və abidələrin qorunması",III qrup,dövlət sifarişli,True,https://sec.az/kecid-ballari,
AZ,riyaziyyat-ve-informatika--adpu--g1--v1,1,False,2023,368.0,dim_score_700,False,ADPU,Riyaziyyat və informatika,I qrup,dövlət sifarişli,True,https://sec.az/kecid-ballari,
AZ,riyaziyyat-ve-informatika--adpu--g1--v1,1,False,2024,427.1,dim_score_700,False,ADPU,Riyaziyyat və informatika,I qrup,dövlət sifarişli,True,https://sec.az/kecid-ballari,
AZ,riyaziyyat-ve-informatika--adpu--g1--v1,1,False,2025,401.8,dim_score_700,False,ADPU,Riyaziyyat və informatika,I qrup,dövlət sifarişli,True,https://sec.az/kecid-ballari,
AZ,riyaziyyat-ve-informatika--adpu--g1--v2,2,False,2023,205.1,dim_score_700,False,ADPU,Riyaziyyat və informatika,I qrup,dövlət sifarişli,True,https://sec.az/kecid-ballari,
AZ,riyaziyyat-ve-informatika--adpu--g1--v2,2,False,2024,308.3,dim_score_700,False,ADPU,Riyaziyyat və informatika,I qrup,dövlət sifarişli,True,https://sec.az/kecid-ballari,
AZ,riyaziyyat-ve-informatika--adpu--g1--v2,2,False,2025,268.8,dim_score_700,False,ADPU,Riyaziyyat və informatika,I qrup,dövlət sifarişli,True,https://sec.az/kecid-ballari,
AZ,riyaziyyat-ve-informatika--adpu--g1--v3,3,False,2023,245.8,dim_score_700,False,ADPU,Riyaziyyat və informatika,I qrup,dövlət sifarişli,True,https://sec.az/kecid-ballari,
AZ,riyaziyyat-ve-informatika--adpu--g1--v3,3,False,2024,309.9,dim_score_700,False,ADPU,Riyaziyyat və informatika,I qrup,dövlət sifarişli,True,https://sec.az/kecid-ballari,
AZ,riyaziyyat-ve-informatika--adpu--g1--v3,3,False,2025,256.2,dim_score_700,False,ADPU,Riyaziyyat və informatika,I qrup,dövlət sifarişli,True,https://sec.az/kecid-ballari,
AZ,riyaziyyat-ve-informatika--adpu--g1--v4,4,False,2023,216.0,dim_score_700,False,ADPU,Riyaziyyat və informatika,I qrup,dövlət sifarişli,True,https://sec.az/kecid-ballari,
AZ,riyaziyyat-ve-informatika--adpu--g1--v4,4,False,2024,306.1,dim_score_700,False,ADPU,Riyaziyyat və informatika,I qrup,dövlət sifarişli,True,https://sec.az/kecid-ballari,
AZ,riyaziyyat-ve-informatika--adpu--g1--v4,4,False,2025,255.1,dim_score_700,False,ADPU,Riyaziyyat və informatika,I qrup,dövlət sifarişli,True,https://sec.az/kecid-ballari,
AZ,riyaziyyat-ve-informatika--adpu--g1--v5,5,False,2023,250.5,dim_score_700,False,ADPU,Riyaziyyat və informatika,I qrup,dövlət sifarişli,True,https://sec.az/kecid-ballari,
AZ,riyaziyyat-ve-informatika--adpu--g1--v5,5,False,2024,306.1,dim_score_700,False,ADPU,Riyaziyyat və informatika,I qrup,dövlət sifarişli,True,https://sec.az/kecid-ballari,
AZ,riyaziyyat-ve-informatika--adpu--g1--v5,5,False,2025,224.8,dim_score_700,False,ADPU,Riyaziyyat və informatika,I qrup,dövlət sifarişli,True,https://sec.az/kecid-ballari,
AZ,i-nformasiya-tehlukesizliyi--au--g1--v1,1,False,2023,270.4,dim_score_700,False,AU,İnformasiya təhlükəsizliyi,I qrup,dövlət sifarişli,True,https://sec.az/kecid-ballari,
AZ,i-nformasiya-tehlukesizliyi--au--g1--v1,1,False,2024,401.7,dim_score_700,False,AU,İnformasiya təhlükəsizliyi,I qrup,dövlət sifarişli,True,https://sec.az/kecid-ballari,
AZ,i-nformasiya-tehlukesizliyi--au--g1--v1,1,False,2025,401.7,dim_score_700,False,AU,İnformasiya təhlükəsizliyi,I qrup,dövlət sifarişli,True,https://sec.az/kecid-ballari,
AZ,i-nformasiya-tehlukesizliyi--au--g1--v2,2,False,2023,253.2,dim_score_700,False,AU,İnformasiya təhlükəsizliyi,I qrup,dövlət sifarişli,True,https://sec.az/kecid-ballari,
AZ,i-nformasiya-tehlukesizliyi--au--g1--v2,2,False,2025,253.2,dim_score_700,False,AU,İnformasiya təhlükəsizliyi,I qrup,dövlət sifarişli,True,https://sec.az/kecid-ballari,
AZ,muhasibat--gdu--g2,,True,2023,292.3,dim_score_700,False,GDU,Mühasibat,II qrup,dövlət sifarişli,True,https://sec.az/kecid-ballari,
AZ,muhasibat--gdu--g2,,True,2024,403.6,dim_score_700,False,GDU,Mühasibat,II qrup,dövlət sifarişli,True,https://sec.az/kecid-ballari,
AZ,muhasibat--gdu--g2,,True,2025,401.4,dim_score_700,False,GDU,Mühasibat,II qrup,dövlət sifarişli,True,https://sec.az/kecid-ballari,
AZ,logistika-ve-neqliyyat-texnologiyalari-muhendisliyi--adnsu--g1--v1,1,False,2023,408.1,dim_score_700,False,ADNSU,Logistika və nəqliyyat texnologiyaları mühəndisliyi,I qrup,dövlət sifarişli,True,https://sec.az/kecid-ballari,
AZ,logistika-ve-neqliyyat-texnologiyalari-muhendisliyi--adnsu--g1--v1,1,False,2024,423.3,dim_score_700,False,ADNSU,Logistika və nəqliyyat texnologiyaları mühəndisliyi,I qrup,dövlət sifarişli,True,https://sec.az/kecid-ballari,
AZ,logistika-ve-neqliyyat-texnologiyalari-muhendisliyi--adnsu--g1--v1,1,False,2025,400.4,dim_score_700,False,ADNSU,Logistika və nəqliyyat texnologiyaları mühəndisliyi,I qrup,dövlət sifarişli,True,https://sec.az/kecid-ballari,
AZ,logistika-ve-neqliyyat-texnologiyalari-muhendisliyi--adnsu--g1--v2,2,False,2023,300.1,dim_score_700,False,ADNSU,Logistika və nəqliyyat texnologiyaları mühəndisliyi,I qrup,dövlət sifarişli,True,https://sec.az/kecid-ballari,
AZ,logistika-ve-neqliyyat-texnologiyalari-muhendisliyi--adnsu--g1--v2,2,False,2024,331.7,dim_score_700,False,ADNSU,Logistika və nəqliyyat texnologiyaları mühəndisliyi,I qrup,dövlət sifarişli,True,https://sec.az/kecid-ballari,
AZ,logistika-ve-neqliyyat-texnologiyalari-muhendisliyi--adnsu--g1--v2,2,False,2025,315.1,dim_score_700,False,ADNSU,Logistika və nəqliyyat texnologiyaları mühəndisliyi,I qrup,dövlət sifarişli,True,https://sec.az/kecid-ballari,
AZ,neft-qaz-muhendisliyi--sdu--g1,,True,2024,429.7,dim_score_700,False,SDU,Neft-qaz mühəndisliyi,I qrup,dövlət sifarişli,True,https://sec.az/kecid-ballari,
AZ,neft-qaz-muhendisliyi--sdu--g1,,True,2025,400.1,dim_score_700,False,SDU,Neft-qaz mühəndisliyi,I qrup,dövlət sifarişli,True,https://sec.az/kecid-ballari,
AZ,kimya-ve-biologiya-muellimliyi--adpu--g4,,True,2023,362.5,dim_score_700,False,ADPU,Kimya və biologiya müəllimliyi,IV qrup,dövlət sifarişli,True,https://sec.az/kecid-ballari,
AZ,kimya-ve-biologiya-muellimliyi--adpu--g4,,True,2024,370.5,dim_score_700,False,ADPU,Kimya və biologiya müəllimliyi,IV qrup,dövlət sifarişli,True,https://sec.az/kecid-ballari,
AZ,kimya-ve-biologiya-muellimliyi--adpu--g4,,True,2025,400.1,dim_score_700,False,ADPU,Kimya və biologiya müəllimliyi,IV qrup,dövlət sifarişli,True,https://sec.az/kecid-ballari,
AZ,neft-qaz-muhendisliyi--khazar--g1,,True,2023,382.6,dim_score_700,False,Khazar,Neft-qaz mühəndisliyi,I qrup,dövlət sifarişli,True,https://sec.az/kecid-ballari,
AZ,neft-qaz-muhendisliyi--khazar--g1,,True,2024,433.2,dim_score_700,False,Khazar,Neft-qaz mühəndisliyi,I qrup,dövlət sifarişli,True,https://sec.az/kecid-ballari,
AZ,neft-qaz-muhendisliyi--khazar--g1,,True,2025,399.8,dim_score_700,False,Khazar,Neft-qaz mühəndisliyi,I qrup,dövlət sifarişli,True,https://sec.az/kecid-ballari,
AZ,sosial-is--oyu--g3,,True,2023,399.1,dim_score_700,False,OYU,Sosial iş,III qrup,dövlət sifarişli,True,https://sec.az/kecid-ballari,
AZ,sosial-is--oyu--g3,,True,2025,399.1,dim_score_700,False,OYU,Sosial iş,III qrup,dövlət sifarişli,True,https://sec.az/kecid-ballari,
AZ,davamli-inkisaf--azmi-u--g2,,True,2023,337.6,dim_score_700,False,AzMİU,Davamlı inkişaf,II qrup,dövlət sifarişli,True,https://sec.az/kecid-ballari,
AZ,davamli-inkisaf--azmi-u--g2,,True,2024,360.3,dim_score_700,False,AzMİU,Davamlı inkişaf,II qrup,dövlət sifarişli,True,https://sec.az/kecid-ballari,
AZ,davamli-inkisaf--azmi-u--g2,,True,2025,399.0,dim_score_700,False,AzMİU,Davamlı inkişaf,II qrup,dövlət sifarişli,True,https://sec.az/kecid-ballari,
AZ,fizika-muellimliyi--ldu--g1,,True,2023,342.8,dim_score_700,False,LDU,Fizika müəllimliyi,I qrup,dövlət sifarişli,True,https://sec.az/kecid-ballari,
AZ,fizika-muellimliyi--ldu--g1,,True,2024,375.3,dim_score_700,False,LDU,Fizika müəllimliyi,I qrup,dövlət sifarişli,True,https://sec.az/kecid-ballari,
AZ,fizika-muellimliyi--ldu--g1,,True,2025,398.8,dim_score_700,False,LDU,Fizika müəllimliyi,I qrup,dövlət sifarişli,True,https://sec.az/kecid-ballari,
AZ,marketinq--adnsu--g2--v1,1,False,2023,334.5,dim_score_700,False,ADNSU,Marketinq,II qrup,dövlət sifarişli,True,https://sec.az/kecid-ballari,
AZ,marketinq--adnsu--g2--v1,1,False,2024,361.3,dim_score_700,False,ADNSU,Marketinq,II qrup,dövlət sifarişli,True,https://sec.az/kecid-ballari,
AZ,marketinq--adnsu--g2--v1,1,False,2025,397.9,dim_score_700,False,ADNSU,Marketinq,II qrup,dövlət sifarişli,True,https://sec.az/kecid-ballari,
AZ,marketinq--adnsu--g2--v2,2,False,2023,334.9,dim_score_700,False,ADNSU,Marketinq,II qrup,dövlət sifarişli,True,https://sec.az/kecid-ballari,
AZ,marketinq--adnsu--g2--v2,2,False,2024,362.6,dim_score_700,False,ADNSU,Marketinq,II qrup,dövlət sifarişli,True,https://sec.az/kecid-ballari,
AZ,marketinq--adnsu--g2--v2,2,False,2025,383.2,dim_score_700,False,ADNSU,Marketinq,II qrup,dövlət sifarişli,True,https://sec.az/kecid-ballari,
AZ,kimya--sdu--g4,,True,2023,273.1,dim_score_700,False,SDU,Kimya,IV qrup,dövlət sifarişli,True,https://sec.az/kecid-ballari,
AZ,kimya--sdu--g4,,True,2024,397.6,dim_score_700,False,SDU,Kimya,IV qrup,dövlət sifarişli,True,https://sec.az/kecid-ballari,
AZ,kimya--sdu--g4,,True,2025,397.6,dim_score_700,False,SDU,Kimya,IV qrup,dövlət sifarişli,True,https://sec.az/kecid-ballari,
AZ,i-nformasiya-tehlukesizliyi--sdu--g1,,True,2024,412.2,dim_score_700,False,SDU,İnformasiya təhlükəsizliyi,I qrup,dövlət sifarişli,True,https://sec.az/kecid-ballari,
AZ,i-nformasiya-tehlukesizliyi--sdu--g1,,True,2025,397.5,dim_score_700,False,SDU,İnformasiya təhlükəsizliyi,I qrup,dövlət sifarişli,True,https://sec.az/kecid-ballari,
AZ,i-nformasiya-tehlukesizliyi--ldu--g1,,True,2023,203.4,dim_score_700,False,LDU,İnformasiya təhlükəsizliyi,I qrup,dövlət sifarişli,True,https://sec.az/kecid-ballari,
AZ,i-nformasiya-tehlukesizliyi--ldu--g1,,True,2024,409.5,dim_score_700,False,LDU,İnformasiya təhlükəsizliyi,I qrup,dövlət sifarişli,True,https://sec.az/kecid-ballari,
AZ,i-nformasiya-tehlukesizliyi--ldu--g1,,True,2025,397.4,dim_score_700,False,LDU,İnformasiya təhlükəsizliyi,I qrup,dövlət sifarişli,True,https://sec.az/kecid-ballari,
AZ,muhasibat-zaqatala-filiali--unec--g2,,True,2023,295.5,dim_score_700,False,UNEC,Mühasibat (Zaqatala filialı),II qrup,dövlət sifarişli,True,https://sec.az/kecid-ballari,
AZ,muhasibat-zaqatala-filiali--unec--g2,,True,2024,385.2,dim_score_700,False,UNEC,Mühasibat (Zaqatala filialı),II qrup,dövlət sifarişli,True,https://sec.az/kecid-ballari,
AZ,muhasibat-zaqatala-filiali--unec--g2,,True,2025,397.3,dim_score_700,False,UNEC,Mühasibat (Zaqatala filialı),II qrup,dövlət sifarişli,True,https://sec.az/kecid-ballari,
AZ,ekologiya--bdu--g4--v1,1,False,2023,334.1,dim_score_700,False,BDU,Ekologiya,IV qrup,dövlət sifarişli,True,https://sec.az/kecid-ballari,
AZ,ekologiya--bdu--g4--v1,1,False,2024,351.9,dim_score_700,False,BDU,Ekologiya,IV qrup,dövlət sifarişli,True,https://sec.az/kecid-ballari,
AZ,ekologiya--bdu--g4--v1,1,False,2025,396.2,dim_score_700,False,BDU,Ekologiya,IV qrup,dövlət sifarişli,True,https://sec.az/kecid-ballari,
AZ,ekologiya--bdu--g4--v2,2,False,2023,271.7,dim_score_700,False,BDU,Ekologiya,IV qrup,dövlət sifarişli,True,https://sec.az/kecid-ballari,
AZ,ekologiya--bdu--g4--v2,2,False,2024,295.4,dim_score_700,False,BDU,Ekologiya,IV qrup,dövlət sifarişli,True,https://sec.az/kecid-ballari,
AZ,ekologiya--bdu--g4--v2,2,False,2025,349.9,dim_score_700,False,BDU,Ekologiya,IV qrup,dövlət sifarişli,True,https://sec.az/kecid-ballari,
AZ,kimya-muellimliyi--ndu--g4,,True,2023,350.4,dim_score_700,False,NDU,Kimya müəllimliyi,IV qrup,dövlət sifarişli,True,https://sec.az/kecid-ballari,
AZ,kimya-muellimliyi--ndu--g4,,True,2024,365.2,dim_score_700,False,NDU,Kimya müəllimliyi,IV qrup,dövlət sifarişli,True,https://sec.az/kecid-ballari,
AZ,kimya-muellimliyi--ndu--g4,,True,2025,395.8,dim_score_700,False,NDU,Kimya müəllimliyi,IV qrup,dövlət sifarişli,True,https://sec.az/kecid-ballari,
AZ,kimya-muellimliyi--adpu--g4,,True,2023,346.9,dim_score_700,False,ADPU,Kimya müəllimliyi,IV qrup,dövlət sifarişli,True,https://sec.az/kecid-ballari,
AZ,kimya-muellimliyi--adpu--g4,,True,2024,362.1,dim_score_700,False,ADPU,Kimya müəllimliyi,IV qrup,dövlət sifarişli,True,https://sec.az/kecid-ballari,
AZ,kimya-muellimliyi--adpu--g4,,True,2025,394.2,dim_score_700,False,ADPU,Kimya müəllimliyi,IV qrup,dövlət sifarişli,True,https://sec.az/kecid-ballari,
AZ,marketinq--unec--g2--v1,1,False,2023,346.0,dim_score_700,False,UNEC,Marketinq,II qrup,dövlət sifarişli,True,https://sec.az/kecid-ballari,
AZ,marketinq--unec--g2--v1,1,False,2024,379.1,dim_score_700,False,UNEC,Marketinq,II qrup,dövlət sifarişli,True,https://sec.az/kecid-ballari,
AZ,marketinq--unec--g2--v1,1,False,2025,393.8,dim_score_700,False,UNEC,Marketinq,II qrup,dövlət sifarişli,True,https://sec.az/kecid-ballari,
AZ,marketinq--unec--g2--v2,2,False,2023,340.1,dim_score_700,False,UNEC,Marketinq,II qrup,dövlət sifarişli,True,https://sec.az/kecid-ballari,
AZ,marketinq--unec--g2--v2,2,False,2025,393.2,dim_score_700,False,UNEC,Marketinq,II qrup,dövlət sifarişli,True,https://sec.az/kecid-ballari,
AZ,marketinq--unec--g2--v3,3,False,2023,334.3,dim_score_700,False,UNEC,Marketinq,II qrup,dövlət sifarişli,True,https://sec.az/kecid-ballari,
AZ,marketinq--unec--g2--v3,3,False,2024,361.1,dim_score_700,False,UNEC,Marketinq,II qrup,dövlət sifarişli,True,https://sec.az/kecid-ballari,
AZ,marketinq--unec--g2--v3,3,False,2025,383.6,dim_score_700,False,UNEC,Marketinq,II qrup,dövlət sifarişli,True,https://sec.az/kecid-ballari,
AZ,dovlet-ve-belediyye-idareetmesi--ndu--g2,,True,2023,330.4,dim_score_700,False,NDU,Dövlət və bələdiyyə idarəetməsi,II qrup,dövlət sifarişli,True,https://sec.az/kecid-ballari,
AZ,dovlet-ve-belediyye-idareetmesi--ndu--g2,,True,2024,365.5,dim_score_700,False,NDU,Dövlət və bələdiyyə idarəetməsi,II qrup,dövlət sifarişli,True,https://sec.az/kecid-ballari,
AZ,dovlet-ve-belediyye-idareetmesi--ndu--g2,,True,2025,393.4,dim_score_700,False,NDU,Dövlət və bələdiyyə idarəetməsi,II qrup,dövlət sifarişli,True,https://sec.az/kecid-ballari,
AZ,marketinq--bmu--g2,,True,2023,337.2,dim_score_700,False,BMU,Marketinq,II qrup,dövlət sifarişli,True,https://sec.az/kecid-ballari,
AZ,marketinq--bmu--g2,,True,2024,361.7,dim_score_700,False,BMU,Marketinq,II qrup,dövlət sifarişli,True,https://sec.az/kecid-ballari,
AZ,marketinq--bmu--g2,,True,2025,392.8,dim_score_700,False,BMU,Marketinq,II qrup,dövlət sifarişli,True,https://sec.az/kecid-ballari,
AZ,dovlet-ve-belediyye-idareetmesi--unec--g2--v1,1,False,2023,330.9,dim_score_700,False,UNEC,Dövlət və bələdiyyə idarəetməsi,II qrup,dövlət sifarişli,True,https://sec.az/kecid-ballari,
AZ,dovlet-ve-belediyye-idareetmesi--unec--g2--v1,1,False,2024,360.8,dim_score_700,False,UNEC,Dövlət və bələdiyyə idarəetməsi,II qrup,dövlət sifarişli,True,https://sec.az/kecid-ballari,
AZ,dovlet-ve-belediyye-idareetmesi--unec--g2--v1,1,False,2025,392.1,dim_score_700,False,UNEC,Dövlət və bələdiyyə idarəetməsi,II qrup,dövlət sifarişli,True,https://sec.az/kecid-ballari,
AZ,dovlet-ve-belediyye-idareetmesi--unec--g2--v2,2,False,2023,336.1,dim_score_700,False,UNEC,Dövlət və bələdiyyə idarəetməsi,II qrup,dövlət sifarişli,True,https://sec.az/kecid-ballari,
AZ,dovlet-ve-belediyye-idareetmesi--unec--g2--v2,2,False,2024,361.2,dim_score_700,False,UNEC,Dövlət və bələdiyyə idarəetməsi,II qrup,dövlət sifarişli,True,https://sec.az/kecid-ballari,
AZ,dovlet-ve-belediyye-idareetmesi--unec--g2--v2,2,False,2025,388.7,dim_score_700,False,UNEC,Dövlət və bələdiyyə idarəetməsi,II qrup,dövlət sifarişli,True,https://sec.az/kecid-ballari,
AZ,sosial-is--au--g3,,True,2023,390.8,dim_score_700,False,AU,Sosial iş,III qrup,dövlət sifarişli,True,https://sec.az/kecid-ballari,
AZ,sosial-is--au--g3,,True,2025,390.8,dim_score_700,False,AU,Sosial iş,III qrup,dövlət sifarişli,True,https://sec.az/kecid-ballari,
AZ,muhasibat--adau--g2--v1,1,False,2023,294.9,dim_score_700,False,ADAU,Mühasibat,II qrup,dövlət sifarişli,True,https://sec.az/kecid-ballari,
AZ,muhasibat--adau--g2--v1,1,False,2024,349.6,dim_score_700,False,ADAU,Mühasibat,II qrup,dövlət sifarişli,True,https://sec.az/kecid-ballari,
AZ,muhasibat--adau--g2--v1,1,False,2025,390.2,dim_score_700,False,ADAU,Mühasibat,II qrup,dövlət sifarişli,True,https://sec.az/kecid-ballari,
AZ,muhasibat--adau--g2--v2,2,False,2023,296.6,dim_score_700,False,ADAU,Mühasibat,II qrup,dövlət sifarişli,True,https://sec.az/kecid-ballari,
AZ,muhasibat--adau--g2--v2,2,False,2024,357.0,dim_score_700,False,ADAU,Mühasibat,II qrup,dövlət sifarişli,True,https://sec.az/kecid-ballari,
AZ,muhasibat--adau--g2--v2,2,False,2025,389.1,dim_score_700,False,ADAU,Mühasibat,II qrup,dövlət sifarişli,True,https://sec.az/kecid-ballari,
AZ,fizika-muellimliyi--sdu--g1,,True,2023,368.0,dim_score_700,False,SDU,Fizika müəllimliyi,I qrup,dövlət sifarişli,True,https://sec.az/kecid-ballari,
AZ,fizika-muellimliyi--sdu--g1,,True,2024,434.0,dim_score_700,False,SDU,Fizika müəllimliyi,I qrup,dövlət sifarişli,True,https://sec.az/kecid-ballari,
AZ,fizika-muellimliyi--sdu--g1,,True,2025,390.0,dim_score_700,False,SDU,Fizika müəllimliyi,I qrup,dövlət sifarişli,True,https://sec.az/kecid-ballari,
AZ,muhasibat--mdu--g2,,True,2023,315.1,dim_score_700,False,MDU,Mühasibat,II qrup,dövlət sifarişli,True,https://sec.az/kecid-ballari,
AZ,muhasibat--mdu--g2,,True,2024,357.8,dim_score_700,False,MDU,Mühasibat,II qrup,dövlət sifarişli,True,https://sec.az/kecid-ballari,
AZ,muhasibat--mdu--g2,,True,2025,389.2,dim_score_700,False,MDU,Mühasibat,II qrup,dövlət sifarişli,True,https://sec.az/kecid-ballari,
AZ,aviasiya-tehlukesizliyi-muhendisliyi--maa--g1--v1,1,False,2024,394.4,dim_score_700,False,MAA,Aviasiya təhlükəsizliyi mühəndisliyi,I qrup,dövlət sifarişli,True,https://sec.az/kecid-ballari,
AZ,aviasiya-tehlukesizliyi-muhendisliyi--maa--g1--v1,1,False,2025,389.1,dim_score_700,False,MAA,Aviasiya təhlükəsizliyi mühəndisliyi,I qrup,dövlət sifarişli,True,https://sec.az/kecid-ballari,
AZ,aviasiya-tehlukesizliyi-muhendisliyi--maa--g1--v2,2,False,2023,352.6,dim_score_700,False,MAA,Aviasiya təhlükəsizliyi mühəndisliyi,I qrup,dövlət sifarişli,True,https://sec.az/kecid-ballari,
AZ,aviasiya-tehlukesizliyi-muhendisliyi--maa--g1--v2,2,False,2024,389.8,dim_score_700,False,MAA,Aviasiya təhlükəsizliyi mühəndisliyi,I qrup,dövlət sifarişli,True,https://sec.az/kecid-ballari,
AZ,aviasiya-tehlukesizliyi-muhendisliyi--maa--g1--v2,2,False,2025,352.9,dim_score_700,False,MAA,Aviasiya təhlükəsizliyi mühəndisliyi,I qrup,dövlət sifarişli,True,https://sec.az/kecid-ballari,
AZ,qida-muhendisliyi--unec--g1--v1,1,False,2023,374.4,dim_score_700,False,UNEC,Qida mühəndisliyi,I qrup,dövlət sifarişli,True,https://sec.az/kecid-ballari,
AZ,qida-muhendisliyi--unec--g1--v1,1,False,2024,433.5,dim_score_700,False,UNEC,Qida mühəndisliyi,I qrup,dövlət sifarişli,True,https://sec.az/kecid-ballari,
AZ,qida-muhendisliyi--unec--g1--v1,1,False,2025,388.6,dim_score_700,False,UNEC,Qida mühəndisliyi,I qrup,dövlət sifarişli,True,https://sec.az/kecid-ballari,
AZ,qida-muhendisliyi--unec--g1--v2,2,False,2023,329.7,dim_score_700,False,UNEC,Qida mühəndisliyi,I qrup,dövlət sifarişli,True,https://sec.az/kecid-ballari,
AZ,qida-muhendisliyi--unec--g1--v2,2,False,2024,371.2,dim_score_700,False,UNEC,Qida mühəndisliyi,I qrup,dövlət sifarişli,True,https://sec.az/kecid-ballari,
AZ,qida-muhendisliyi--unec--g1--v2,2,False,2025,359.6,dim_score_700,False,UNEC,Qida mühəndisliyi,I qrup,dövlət sifarişli,True,https://sec.az/kecid-ballari,
AZ,edebi-yaradiciliq-ve-ekran-dramaturgiyasi--admi-u--g3,,True,2023,320.5,dim_score_700,False,ADMİU,Ədəbi yaradıcılıq və ekran dramaturgiyası,III qrup,dövlət sifarişli,True,https://sec.az/kecid-ballari,
AZ,edebi-yaradiciliq-ve-ekran-dramaturgiyasi--admi-u--g3,,True,2025,388.3,dim_score_700,False,ADMİU,Ədəbi yaradıcılıq və ekran dramaturgiyası,III qrup,dövlət sifarişli,True,https://sec.az/kecid-ballari,
AZ,energetika-muhendisliyi--adnsu--g1--v1,1,False,2023,391.8,dim_score_700,False,ADNSU,Energetika mühəndisliyi,I qrup,dövlət sifarişli,True,https://sec.az/kecid-ballari,
AZ,energetika-muhendisliyi--adnsu--g1--v1,1,False,2024,404.1,dim_score_700,False,ADNSU,Energetika mühəndisliyi,I qrup,dövlət sifarişli,True,https://sec.az/kecid-ballari,
AZ,energetika-muhendisliyi--adnsu--g1--v1,1,False,2025,388.1,dim_score_700,False,ADNSU,Energetika mühəndisliyi,I qrup,dövlət sifarişli,True,https://sec.az/kecid-ballari,
AZ,energetika-muhendisliyi--adnsu--g1--v2,2,False,2023,236.2,dim_score_700,False,ADNSU,Energetika mühəndisliyi,I qrup,dövlət sifarişli,True,https://sec.az/kecid-ballari,
AZ,energetika-muhendisliyi--adnsu--g1--v2,2,False,2024,275.6,dim_score_700,False,ADNSU,Energetika mühəndisliyi,I qrup,dövlət sifarişli,True,https://sec.az/kecid-ballari,
AZ,energetika-muhendisliyi--adnsu--g1--v2,2,False,2025,237.1,dim_score_700,False,ADNSU,Energetika mühəndisliyi,I qrup,dövlət sifarişli,True,https://sec.az/kecid-ballari,
AZ,marketinq--khazar--g2,,True,2023,335.5,dim_score_700,False,Khazar,Marketinq,II qrup,dövlət sifarişli,True,https://sec.az/kecid-ballari,
AZ,marketinq--khazar--g2,,True,2024,368.9,dim_score_700,False,Khazar,Marketinq,II qrup,dövlət sifarişli,True,https://sec.az/kecid-ballari,
AZ,marketinq--khazar--g2,,True,2025,387.7,dim_score_700,False,Khazar,Marketinq,II qrup,dövlət sifarişli,True,https://sec.az/kecid-ballari,
AZ,kimya-ve-biologiya-muellimliyi--khazar--g4,,True,2023,363.3,dim_score_700,False,Khazar,Kimya və biologiya müəllimliyi,IV qrup,dövlət sifarişli,True,https://sec.az/kecid-ballari,
AZ,kimya-ve-biologiya-muellimliyi--khazar--g4,,True,2024,355.2,dim_score_700,False,Khazar,Kimya və biologiya müəllimliyi,IV qrup,dövlət sifarişli,True,https://sec.az/kecid-ballari,
AZ,kimya-ve-biologiya-muellimliyi--khazar--g4,,True,2025,387.5,dim_score_700,False,Khazar,Kimya və biologiya müəllimliyi,IV qrup,dövlət sifarişli,True,https://sec.az/kecid-ballari,
AZ,regionsunasliq-turkiye-uzre--bdu--g3,,True,2023,369.4,dim_score_700,False,BDU,Regionşünaslıq (Türkiyə üzrə),III qrup,dövlət sifarişli,True,https://sec.az/kecid-ballari,
AZ,regionsunasliq-turkiye-uzre--bdu--g3,,True,2024,386.7,dim_score_700,False,BDU,Regionşünaslıq (Türkiyə üzrə),III qrup,dövlət sifarişli,True,https://sec.az/kecid-ballari,
AZ,regionsunasliq-turkiye-uzre--bdu--g3,,True,2025,386.7,dim_score_700,False,BDU,Regionşünaslıq (Türkiyə üzrə),III qrup,dövlət sifarişli,True,https://sec.az/kecid-ballari,
AZ,i-nformasiya-tehlukesizliyi--qku--g1--v1,1,False,2025,386.6,dim_score_700,False,QKU,İnformasiya təhlükəsizliyi,I qrup,dövlət sifarişli,True,https://sec.az/kecid-ballari,
AZ,i-nformasiya-tehlukesizliyi--qku--g1--v2,2,False,2023,242.3,dim_score_700,False,QKU,İnformasiya təhlükəsizliyi,I qrup,dövlət sifarişli,True,https://sec.az/kecid-ballari,
AZ,i-nformasiya-tehlukesizliyi--qku--g1--v2,2,False,2025,242.3,dim_score_700,False,QKU,İnformasiya təhlükəsizliyi,I qrup,dövlət sifarişli,True,https://sec.az/kecid-ballari,
AZ,muhasibat--bmu--g2--v1,1,False,2023,310.4,dim_score_700,False,BMU,Mühasibat,II qrup,dövlət sifarişli,True,https://sec.az/kecid-ballari,
AZ,muhasibat--bmu--g2--v1,1,False,2024,351.1,dim_score_700,False,BMU,Mühasibat,II qrup,dövlət sifarişli,True,https://sec.az/kecid-ballari,
AZ,muhasibat--bmu--g2--v1,1,False,2025,385.7,dim_score_700,False,BMU,Mühasibat,II qrup,dövlət sifarişli,True,https://sec.az/kecid-ballari,
AZ,muhasibat--bmu--g2--v2,2,False,2023,340.6,dim_score_700,False,BMU,Mühasibat,II qrup,dövlət sifarişli,True,https://sec.az/kecid-ballari,
AZ,muhasibat--bmu--g2--v2,2,False,2024,348.6,dim_score_700,False,BMU,Mühasibat,II qrup,dövlət sifarişli,True,https://sec.az/kecid-ballari,
AZ,muhasibat--bmu--g2--v2,2,False,2025,376.5,dim_score_700,False,BMU,Mühasibat,II qrup,dövlət sifarişli,True,https://sec.az/kecid-ballari,
AZ,biologiya-muellimliyi--ndu--g4,,True,2023,337.4,dim_score_700,False,NDU,Biologiya müəllimliyi,IV qrup,dövlət sifarişli,True,https://sec.az/kecid-ballari,
AZ,biologiya-muellimliyi--ndu--g4,,True,2024,404.0,dim_score_700,False,NDU,Biologiya müəllimliyi,IV qrup,dövlət sifarişli,True,https://sec.az/kecid-ballari,
AZ,biologiya-muellimliyi--ndu--g4,,True,2025,385.7,dim_score_700,False,NDU,Biologiya müəllimliyi,IV qrup,dövlət sifarişli,True,https://sec.az/kecid-ballari,
AZ,i-nformasiya-tehlukesizliyi--mdu--g1,,True,2023,228.6,dim_score_700,False,MDU,İnformasiya təhlükəsizliyi,I qrup,dövlət sifarişli,True,https://sec.az/kecid-ballari,
AZ,i-nformasiya-tehlukesizliyi--mdu--g1,,True,2024,397.3,dim_score_700,False,MDU,İnformasiya təhlükəsizliyi,I qrup,dövlət sifarişli,True,https://sec.az/kecid-ballari,
AZ,i-nformasiya-tehlukesizliyi--mdu--g1,,True,2025,385.2,dim_score_700,False,MDU,İnformasiya təhlükəsizliyi,I qrup,dövlət sifarişli,True,https://sec.az/kecid-ballari,
AZ,dovlet-ve-belediyye-idareetmesi--bmu--g2,,True,2023,330.6,dim_score_700,False,BMU,Dövlət və bələdiyyə idarəetməsi,II qrup,dövlət sifarişli,True,https://sec.az/kecid-ballari,
AZ,dovlet-ve-belediyye-idareetmesi--bmu--g2,,True,2024,385.0,dim_score_700,False,BMU,Dövlət və bələdiyyə idarəetməsi,II qrup,dövlət sifarişli,True,https://sec.az/kecid-ballari,
AZ,dovlet-ve-belediyye-idareetmesi--bmu--g2,,True,2025,385.0,dim_score_700,False,BMU,Dövlət və bələdiyyə idarəetməsi,II qrup,dövlət sifarişli,True,https://sec.az/kecid-ballari,
AZ,marketinq--azmi-u--g2--v1,1,False,2023,346.6,dim_score_700,False,AzMİU,Marketinq,II qrup,dövlət sifarişli,True,https://sec.az/kecid-ballari,
AZ,marketinq--azmi-u--g2--v1,1,False,2024,364.1,dim_score_700,False,AzMİU,Marketinq,II qrup,dövlət sifarişli,True,https://sec.az/kecid-ballari,
AZ,marketinq--azmi-u--g2--v1,1,False,2025,384.7,dim_score_700,False,AzMİU,Marketinq,II qrup,dövlət sifarişli,True,https://sec.az/kecid-ballari,
AZ,marketinq--azmi-u--g2--v2,2,False,2023,335.2,dim_score_700,False,AzMİU,Marketinq,II qrup,dövlət sifarişli,True,https://sec.az/kecid-ballari,
AZ,marketinq--azmi-u--g2--v2,2,False,2024,360.9,dim_score_700,False,AzMİU,Marketinq,II qrup,dövlət sifarişli,True,https://sec.az/kecid-ballari,
AZ,marketinq--azmi-u--g2--v2,2,False,2025,383.5,dim_score_700,False,AzMİU,Marketinq,II qrup,dövlət sifarişli,True,https://sec.az/kecid-ballari,
AZ,marketinq--aztu--g2,,True,2023,344.2,dim_score_700,False,AzTU,Marketinq,II qrup,dövlət sifarişli,True,https://sec.az/kecid-ballari,
AZ,marketinq--aztu--g2,,True,2024,362.1,dim_score_700,False,AzTU,Marketinq,II qrup,dövlət sifarişli,True,https://sec.az/kecid-ballari,
AZ,marketinq--aztu--g2,,True,2025,383.2,dim_score_700,False,AzTU,Marketinq,II qrup,dövlət sifarişli,True,https://sec.az/kecid-ballari,
AZ,masin-muhendisliyi--adau--g1,,True,2024,212.0,dim_score_700,False,ADAU,Maşın mühəndisliyi,I qrup,dövlət sifarişli,True,https://sec.az/kecid-ballari,
AZ,masin-muhendisliyi--adau--g1,,True,2025,382.1,dim_score_700,False,ADAU,Maşın mühəndisliyi,I qrup,dövlət sifarişli,True,https://sec.az/kecid-ballari,
AZ,biologiya-muellimliyi--khazar--g4,,True,2023,332.5,dim_score_700,False,Khazar,Biologiya müəllimliyi,IV qrup,dövlət sifarişli,True,https://sec.az/kecid-ballari,
AZ,biologiya-muellimliyi--khazar--g4,,True,2024,346.8,dim_score_700,False,Khazar,Biologiya müəllimliyi,IV qrup,dövlət sifarişli,True,https://sec.az/kecid-ballari,
AZ,biologiya-muellimliyi--khazar--g4,,True,2025,382.0,dim_score_700,False,Khazar,Biologiya müəllimliyi,IV qrup,dövlət sifarişli,True,https://sec.az/kecid-ballari,
AZ,menecment--ndu--g2,,True,2023,381.9,dim_score_700,False,NDU,Menecment,II qrup,dövlət sifarişli,True,https://sec.az/kecid-ballari,
AZ,menecment--ndu--g2,,True,2025,381.9,dim_score_700,False,NDU,Menecment,II qrup,dövlət sifarişli,True,https://sec.az/kecid-ballari,
AZ,biologiya-muellimliyi--adpu--g4,,True,2023,331.6,dim_score_700,False,ADPU,Biologiya müəllimliyi,IV qrup,dövlət sifarişli,True,https://sec.az/kecid-ballari,
AZ,biologiya-muellimliyi--adpu--g4,,True,2024,345.3,dim_score_700,False,ADPU,Biologiya müəllimliyi,IV qrup,dövlət sifarişli,True,https://sec.az/kecid-ballari,
AZ,biologiya-muellimliyi--adpu--g4,,True,2025,381.0,dim_score_700,False,ADPU,Biologiya müəllimliyi,IV qrup,dövlət sifarişli,True,https://sec.az/kecid-ballari,
AZ,kommunikasiya-sistemleri-muhendisliyi--unec--g1,,True,2023,401.2,dim_score_700,False,UNEC,Kommunikasiya sistemləri mühəndisliyi,I qrup,dövlət sifarişli,True,https://sec.az/kecid-ballari,
AZ,kommunikasiya-sistemleri-muhendisliyi--unec--g1,,True,2024,438.4,dim_score_700,False,UNEC,Kommunikasiya sistemləri mühəndisliyi,I qrup,dövlət sifarişli,True,https://sec.az/kecid-ballari,
AZ,kommunikasiya-sistemleri-muhendisliyi--unec--g1,,True,2025,379.7,dim_score_700,False,UNEC,Kommunikasiya sistemləri mühəndisliyi,I qrup,dövlət sifarişli,True,https://sec.az/kecid-ballari,
AZ,tarix--qarabag-uni--g3,,True,2025,379.1,dim_score_700,False,Qarabağ Uni,Tarix,III qrup,dövlət sifarişli,True,https://sec.az/kecid-ballari,
AZ,muhasibat--ndu--g2--v1,1,False,2023,337.6,dim_score_700,False,NDU,Mühasibat,II qrup,dövlət sifarişli,True,https://sec.az/kecid-ballari,
AZ,muhasibat--ndu--g2--v1,1,False,2024,351.2,dim_score_700,False,NDU,Mühasibat,II qrup,dövlət sifarişli,True,https://sec.az/kecid-ballari,
AZ,muhasibat--ndu--g2--v1,1,False,2025,376.9,dim_score_700,False,NDU,Mühasibat,II qrup,dövlət sifarişli,True,https://sec.az/kecid-ballari,
AZ,muhasibat--ndu--g2--v2,2,False,2023,330.6,dim_score_700,False,NDU,Mühasibat,II qrup,dövlət sifarişli,True,https://sec.az/kecid-ballari,
AZ,muhasibat--ndu--g2--v2,2,False,2025,330.6,dim_score_700,False,NDU,Mühasibat,II qrup,dövlət sifarişli,True,https://sec.az/kecid-ballari,
AZ,statistika--unec--g2,,True,2023,321.5,dim_score_700,False,UNEC,Statistika,II qrup,dövlət sifarişli,True,https://sec.az/kecid-ballari,
AZ,statistika--unec--g2,,True,2024,351.5,dim_score_700,False,UNEC,Statistika,II qrup,dövlət sifarişli,True,https://sec.az/kecid-ballari,
AZ,statistika--unec--g2,,True,2025,376.8,dim_score_700,False,UNEC,Statistika,II qrup,dövlət sifarişli,True,https://sec.az/kecid-ballari,
AZ,muhasibat--sdu--g2,,True,2023,299.8,dim_score_700,False,SDU,Mühasibat,II qrup,dövlət sifarişli,True,https://sec.az/kecid-ballari,
AZ,muhasibat--sdu--g2,,True,2024,348.5,dim_score_700,False,SDU,Mühasibat,II qrup,dövlət sifarişli,True,https://sec.az/kecid-ballari,
AZ,muhasibat--sdu--g2,,True,2025,376.3,dim_score_700,False,SDU,Mühasibat,II qrup,dövlət sifarişli,True,https://sec.az/kecid-ballari,
AZ,muhasibat--khazar--g2,,True,2023,348.9,dim_score_700,False,Khazar,Mühasibat,II qrup,dövlət sifarişli,True,https://sec.az/kecid-ballari,
AZ,muhasibat--khazar--g2,,True,2024,348.3,dim_score_700,False,Khazar,Mühasibat,II qrup,dövlət sifarişli,True,https://sec.az/kecid-ballari,
AZ,muhasibat--khazar--g2,,True,2025,375.4,dim_score_700,False,Khazar,Mühasibat,II qrup,dövlət sifarişli,True,https://sec.az/kecid-ballari,
AZ,fizika-muellimliyi--khazar--g1,,True,2023,345.6,dim_score_700,False,Khazar,Fizika müəllimliyi,I qrup,dövlət sifarişli,True,https://sec.az/kecid-ballari,
AZ,fizika-muellimliyi--khazar--g1,,True,2024,371.0,dim_score_700,False,Khazar,Fizika müəllimliyi,I qrup,dövlət sifarişli,True,https://sec.az/kecid-ballari,
AZ,fizika-muellimliyi--khazar--g1,,True,2025,373.6,dim_score_700,False,Khazar,Fizika müəllimliyi,I qrup,dövlət sifarişli,True,https://sec.az/kecid-ballari,
AZ,kimya-ve-biologiya-muellimliyi--mdu--g4,,True,2024,355.4,dim_score_700,False,MDU,Kimya və biologiya müəllimliyi,IV qrup,dövlət sifarişli,True,https://sec.az/kecid-ballari,
AZ,kimya-ve-biologiya-muellimliyi--mdu--g4,,True,2025,373.4,dim_score_700,False,MDU,Kimya və biologiya müəllimliyi,IV qrup,dövlət sifarişli,True,https://sec.az/kecid-ballari,
AZ,regionsunasliq-almaniya-uzre--adu--g3,,True,2023,373.1,dim_score_700,False,ADU,Regionşünaslıq (Almaniya üzrə),III qrup,dövlət sifarişli,True,https://sec.az/kecid-ballari,
AZ,regionsunasliq-almaniya-uzre--adu--g3,,True,2025,373.1,dim_score_700,False,ADU,Regionşünaslıq (Almaniya üzrə),III qrup,dövlət sifarişli,True,https://sec.az/kecid-ballari,
AZ,felsefe--qku--g3,,True,2023,372.8,dim_score_700,False,QKU,Fəlsəfə,III qrup,dövlət sifarişli,True,https://sec.az/kecid-ballari,
AZ,felsefe--qku--g3,,True,2025,372.8,dim_score_700,False,QKU,Fəlsəfə,III qrup,dövlət sifarişli,True,https://sec.az/kecid-ballari,
AZ,qida-muhendisliyi--adnsu--g1--v1,1,False,2023,313.0,dim_score_700,False,ADNSU,Qida mühəndisliyi,I qrup,dövlət sifarişli,True,https://sec.az/kecid-ballari,
AZ,qida-muhendisliyi--adnsu--g1--v1,1,False,2024,371.4,dim_score_700,False,ADNSU,Qida mühəndisliyi,I qrup,dövlət sifarişli,True,https://sec.az/kecid-ballari,
AZ,qida-muhendisliyi--adnsu--g1--v1,1,False,2025,371.6,dim_score_700,False,ADNSU,Qida mühəndisliyi,I qrup,dövlət sifarişli,True,https://sec.az/kecid-ballari,
AZ,qida-muhendisliyi--adnsu--g1--v2,2,False,2023,288.2,dim_score_700,False,ADNSU,Qida mühəndisliyi,I qrup,dövlət sifarişli,True,https://sec.az/kecid-ballari,
AZ,qida-muhendisliyi--adnsu--g1--v2,2,False,2024,340.6,dim_score_700,False,ADNSU,Qida mühəndisliyi,I qrup,dövlət sifarişli,True,https://sec.az/kecid-ballari,
AZ,qida-muhendisliyi--adnsu--g1--v2,2,False,2025,325.6,dim_score_700,False,ADNSU,Qida mühəndisliyi,I qrup,dövlət sifarişli,True,https://sec.az/kecid-ballari,
AZ,fizika-muellimliyi--ndu--g1,,True,2023,359.4,dim_score_700,False,NDU,Fizika müəllimliyi,I qrup,dövlət sifarişli,True,https://sec.az/kecid-ballari,
AZ,fizika-muellimliyi--ndu--g1,,True,2024,378.2,dim_score_700,False,NDU,Fizika müəllimliyi,I qrup,dövlət sifarişli,True,https://sec.az/kecid-ballari,
AZ,fizika-muellimliyi--ndu--g1,,True,2025,371.5,dim_score_700,False,NDU,Fizika müəllimliyi,I qrup,dövlət sifarişli,True,https://sec.az/kecid-ballari,
AZ,fizika-muellimliyi--gdu--g1,,True,2023,341.5,dim_score_700,False,GDU,Fizika müəllimliyi,I qrup,dövlət sifarişli,True,https://sec.az/kecid-ballari,
AZ,fizika-muellimliyi--gdu--g1,,True,2024,375.4,dim_score_700,False,GDU,Fizika müəllimliyi,I qrup,dövlət sifarişli,True,https://sec.az/kecid-ballari,
AZ,fizika-muellimliyi--gdu--g1,,True,2025,370.9,dim_score_700,False,GDU,Fizika müəllimliyi,I qrup,dövlət sifarişli,True,https://sec.az/kecid-ballari,
AZ,proseslerin-avtomatlasdirilmasi-muhendisliyi--bmu--g1--v1,1,False,2023,291.5,dim_score_700,False,BMU,Proseslərin avtomatlaşdırılması mühəndisliyi,I qrup,dövlət sifarişli,True,https://sec.az/kecid-ballari,
AZ,proseslerin-avtomatlasdirilmasi-muhendisliyi--bmu--g1--v1,1,False,2024,353.5,dim_score_700,False,BMU,Proseslərin avtomatlaşdırılması mühəndisliyi,I qrup,dövlət sifarişli,True,https://sec.az/kecid-ballari,
AZ,proseslerin-avtomatlasdirilmasi-muhendisliyi--bmu--g1--v1,1,False,2025,370.0,dim_score_700,False,BMU,Proseslərin avtomatlaşdırılması mühəndisliyi,I qrup,dövlət sifarişli,True,https://sec.az/kecid-ballari,
AZ,proseslerin-avtomatlasdirilmasi-muhendisliyi--bmu--g1--v2,2,False,2023,247.6,dim_score_700,False,BMU,Proseslərin avtomatlaşdırılması mühəndisliyi,I qrup,dövlət sifarişli,True,https://sec.az/kecid-ballari,
AZ,proseslerin-avtomatlasdirilmasi-muhendisliyi--bmu--g1--v2,2,False,2024,324.4,dim_score_700,False,BMU,Proseslərin avtomatlaşdırılması mühəndisliyi,I qrup,dövlət sifarişli,True,https://sec.az/kecid-ballari,
AZ,proseslerin-avtomatlasdirilmasi-muhendisliyi--bmu--g1--v2,2,False,2025,351.9,dim_score_700,False,BMU,Proseslərin avtomatlaşdırılması mühəndisliyi,I qrup,dövlət sifarişli,True,https://sec.az/kecid-ballari,
AZ,mexatronika-ve-robototexnika-muhendisliyi--maa--g1--v1,1,False,2023,344.8,dim_score_700,False,MAA,Mexatronika və robototexnika mühəndisliyi,I qrup,dövlət sifarişli,True,https://sec.az/kecid-ballari,
AZ,mexatronika-ve-robototexnika-muhendisliyi--maa--g1--v1,1,False,2024,350.9,dim_score_700,False,MAA,Mexatronika və robototexnika mühəndisliyi,I qrup,dövlət sifarişli,True,https://sec.az/kecid-ballari,
AZ,mexatronika-ve-robototexnika-muhendisliyi--maa--g1--v1,1,False,2025,369.3,dim_score_700,False,MAA,Mexatronika və robototexnika mühəndisliyi,I qrup,dövlət sifarişli,True,https://sec.az/kecid-ballari,
AZ,mexatronika-ve-robototexnika-muhendisliyi--maa--g1--v2,2,False,2023,309.9,dim_score_700,False,MAA,Mexatronika və robototexnika mühəndisliyi,I qrup,dövlət sifarişli,True,https://sec.az/kecid-ballari,
AZ,mexatronika-ve-robototexnika-muhendisliyi--maa--g1--v2,2,False,2024,335.8,dim_score_700,False,MAA,Mexatronika və robototexnika mühəndisliyi,I qrup,dövlət sifarişli,True,https://sec.az/kecid-ballari,
AZ,mexatronika-ve-robototexnika-muhendisliyi--maa--g1--v2,2,False,2025,351.3,dim_score_700,False,MAA,Mexatronika və robototexnika mühəndisliyi,I qrup,dövlət sifarişli,True,https://sec.az/kecid-ballari,
AZ,marketinq--ndu--g2,,True,2023,356.8,dim_score_700,False,NDU,Marketinq,II qrup,dövlət sifarişli,True,https://sec.az/kecid-ballari,
AZ,marketinq--ndu--g2,,True,2024,368.5,dim_score_700,False,NDU,Marketinq,II qrup,dövlət sifarişli,True,https://sec.az/kecid-ballari,
AZ,marketinq--ndu--g2,,True,2025,368.5,dim_score_700,False,NDU,Marketinq,II qrup,dövlət sifarişli,True,https://sec.az/kecid-ballari,
AZ,fizika-muellimliyi--mdu--g1,,True,2023,355.3,dim_score_700,False,MDU,Fizika müəllimliyi,I qrup,dövlət sifarişli,True,https://sec.az/kecid-ballari,
AZ,fizika-muellimliyi--mdu--g1,,True,2024,389.6,dim_score_700,False,MDU,Fizika müəllimliyi,I qrup,dövlət sifarişli,True,https://sec.az/kecid-ballari,
AZ,fizika-muellimliyi--mdu--g1,,True,2025,368.3,dim_score_700,False,MDU,Fizika müəllimliyi,I qrup,dövlət sifarişli,True,https://sec.az/kecid-ballari,
AZ,senetsunasliq-teatrsunasliq--admi-u--g3,,True,2023,307.6,dim_score_700,False,ADMİU,Sənətşünaslıq (teatrşünaslıq),III qrup,dövlət sifarişli,True,https://sec.az/kecid-ballari,
AZ,senetsunasliq-teatrsunasliq--admi-u--g3,,True,2025,367.5,dim_score_700,False,ADMİU,Sənətşünaslıq (teatrşünaslıq),III qrup,dövlət sifarişli,True,https://sec.az/kecid-ballari,
AZ,senetsunasliq-kinosunasliq--admi-u--g3,,True,2023,310.5,dim_score_700,False,ADMİU,Sənətşünaslıq (kinoşünaslıq),III qrup,dövlət sifarişli,True,https://sec.az/kecid-ballari,
AZ,senetsunasliq-kinosunasliq--admi-u--g3,,True,2025,367.5,dim_score_700,False,ADMİU,Sənətşünaslıq (kinoşünaslıq),III qrup,dövlət sifarişli,True,https://sec.az/kecid-ballari,
AZ,kimya-ve-biologiya-muellimliyi--ldu--g4,,True,2023,278.1,dim_score_700,False,LDU,Kimya və biologiya müəllimliyi,IV qrup,dövlət sifarişli,True,https://sec.az/kecid-ballari,
AZ,kimya-ve-biologiya-muellimliyi--ldu--g4,,True,2024,335.2,dim_score_700,False,LDU,Kimya və biologiya müəllimliyi,IV qrup,dövlət sifarişli,True,https://sec.az/kecid-ballari,
AZ,kimya-ve-biologiya-muellimliyi--ldu--g4,,True,2025,367.5,dim_score_700,False,LDU,Kimya və biologiya müəllimliyi,IV qrup,dövlət sifarişli,True,https://sec.az/kecid-ballari,
AZ,senetsunasliq-tesviri-senetin-tarixi-ve-nezeriyyesi--admi-u--g3,,True,2023,311.1,dim_score_700,False,ADMİU,Sənətşünaslıq (təsviri sənətin tarixi və nəzəriyyəsi),III qrup,dövlət sifarişli,True,https://sec.az/kecid-ballari,
AZ,senetsunasliq-tesviri-senetin-tarixi-ve-nezeriyyesi--admi-u--g3,,True,2025,367.4,dim_score_700,False,ADMİU,Sənətşünaslıq (təsviri sənətin tarixi və nəzəriyyəsi),III qrup,dövlət sifarişli,True,https://sec.az/kecid-ballari,
AZ,proseslerin-avtomatlasdirilmasi-muhendisliyi--maa--g1,,True,2023,266.8,dim_score_700,False,MAA,Proseslərin avtomatlaşdırılması mühəndisliyi,I qrup,dövlət sifarişli,True,https://sec.az/kecid-ballari,
AZ,proseslerin-avtomatlasdirilmasi-muhendisliyi--maa--g1,,True,2024,343.5,dim_score_700,False,MAA,Proseslərin avtomatlaşdırılması mühəndisliyi,I qrup,dövlət sifarişli,True,https://sec.az/kecid-ballari,
AZ,proseslerin-avtomatlasdirilmasi-muhendisliyi--maa--g1,,True,2025,367.3,dim_score_700,False,MAA,Proseslərin avtomatlaşdırılması mühəndisliyi,I qrup,dövlət sifarişli,True,https://sec.az/kecid-ballari,
AZ,senetsunasliq-tesviri-incesenet-tarixi-ve-nezeriyyesi-incesenet-eserlerinin-berpasi-ve-ekspertizasi--adra--g3,,True,2023,307.3,dim_score_700,False,ADRA,"Sənətşünaslıq (təsviri incəsənət tarixi və nəzəriyyəsi, incəsənət əsərlərinin bərpası və ekspertizası)",III qrup,dövlət sifarişli,True,https://sec.az/kecid-ballari,
AZ,senetsunasliq-tesviri-incesenet-tarixi-ve-nezeriyyesi-incesenet-eserlerinin-berpasi-ve-ekspertizasi--adra--g3,,True,2025,367.2,dim_score_700,False,ADRA,"Sənətşünaslıq (təsviri incəsənət tarixi və nəzəriyyəsi, incəsənət əsərlərinin bərpası və ekspertizası)",III qrup,dövlət sifarişli,True,https://sec.az/kecid-ballari,
AZ,kimya-ve-biologiya-muellimliyi--gdu--g4,,True,2023,273.8,dim_score_700,False,GDU,Kimya və biologiya müəllimliyi,IV qrup,dövlət sifarişli,True,https://sec.az/kecid-ballari,
AZ,kimya-ve-biologiya-muellimliyi--gdu--g4,,True,2024,337.5,dim_score_700,False,GDU,Kimya və biologiya müəllimliyi,IV qrup,dövlət sifarişli,True,https://sec.az/kecid-ballari,
AZ,kimya-ve-biologiya-muellimliyi--gdu--g4,,True,2025,366.8,dim_score_700,False,GDU,Kimya və biologiya müəllimliyi,IV qrup,dövlət sifarişli,True,https://sec.az/kecid-ballari,
AZ,statistika--bdu--g2,,True,2023,314.7,dim_score_700,False,BDU,Statistika,II qrup,dövlət sifarişli,True,https://sec.az/kecid-ballari,
AZ,statistika--bdu--g2,,True,2024,341.6,dim_score_700,False,BDU,Statistika,II qrup,dövlət sifarişli,True,https://sec.az/kecid-ballari,
AZ,statistika--bdu--g2,,True,2025,366.6,dim_score_700,False,BDU,Statistika,II qrup,dövlət sifarişli,True,https://sec.az/kecid-ballari,
AZ,kimya-ve-biologiya-muellimliyi--sdu--g4,,True,2023,274.4,dim_score_700,False,SDU,Kimya və biologiya müəllimliyi,IV qrup,dövlət sifarişli,True,https://sec.az/kecid-ballari,
AZ,kimya-ve-biologiya-muellimliyi--sdu--g4,,True,2024,336.2,dim_score_700,False,SDU,Kimya və biologiya müəllimliyi,IV qrup,dövlət sifarişli,True,https://sec.az/kecid-ballari,
AZ,kimya-ve-biologiya-muellimliyi--sdu--g4,,True,2025,366.3,dim_score_700,False,SDU,Kimya və biologiya müəllimliyi,IV qrup,dövlət sifarişli,True,https://sec.az/kecid-ballari,
AZ,biologiya--qku--g4,,True,2023,247.4,dim_score_700,False,QKU,Biologiya,IV qrup,dövlət sifarişli,True,https://sec.az/kecid-ballari,
AZ,biologiya--qku--g4,,True,2024,310.5,dim_score_700,False,QKU,Biologiya,IV qrup,dövlət sifarişli,True,https://sec.az/kecid-ballari,
AZ,biologiya--qku--g4,,True,2025,366.2,dim_score_700,False,QKU,Biologiya,IV qrup,dövlət sifarişli,True,https://sec.az/kecid-ballari,
AZ,riyaziyyat--qarabag-uni--g1,,True,2025,366.2,dim_score_700,False,Qarabağ Uni,Riyaziyyat,I qrup,dövlət sifarişli,True,https://sec.az/kecid-ballari,
AZ,qida-muhendisliyi--atu-gence--g1,,True,2023,301.5,dim_score_700,False,ATU (Gəncə),Qida mühəndisliyi,I qrup,dövlət sifarişli,True,https://sec.az/kecid-ballari,
AZ,qida-muhendisliyi--atu-gence--g1,,True,2024,363.6,dim_score_700,False,ATU (Gəncə),Qida mühəndisliyi,I qrup,dövlət sifarişli,True,https://sec.az/kecid-ballari,
AZ,qida-muhendisliyi--atu-gence--g1,,True,2025,365.3,dim_score_700,False,ATU (Gəncə),Qida mühəndisliyi,I qrup,dövlət sifarişli,True,https://sec.az/kecid-ballari,
AZ,tarix-ve-cografiya-muellimliyi--adpu--g2--v1,1,False,2023,308.5,dim_score_700,False,ADPU,Tarix və coğrafiya müəllimliyi,II qrup,dövlət sifarişli,True,https://sec.az/kecid-ballari,
AZ,tarix-ve-cografiya-muellimliyi--adpu--g2--v1,1,False,2024,366.7,dim_score_700,False,ADPU,Tarix və coğrafiya müəllimliyi,II qrup,dövlət sifarişli,True,https://sec.az/kecid-ballari,
AZ,tarix-ve-cografiya-muellimliyi--adpu--g2--v1,1,False,2025,365.2,dim_score_700,False,ADPU,Tarix və coğrafiya müəllimliyi,II qrup,dövlət sifarişli,True,https://sec.az/kecid-ballari,
AZ,tarix-ve-cografiya-muellimliyi--adpu--g2--v2,2,False,2023,347.3,dim_score_700,False,ADPU,Tarix və coğrafiya müəllimliyi,II qrup,dövlət sifarişli,True,https://sec.az/kecid-ballari,
AZ,tarix-ve-cografiya-muellimliyi--adpu--g2--v2,2,False,2024,324.8,dim_score_700,False,ADPU,Tarix və coğrafiya müəllimliyi,II qrup,dövlət sifarişli,True,https://sec.az/kecid-ballari,
AZ,tarix-ve-cografiya-muellimliyi--adpu--g2--v2,2,False,2025,342.3,dim_score_700,False,ADPU,Tarix və coğrafiya müəllimliyi,II qrup,dövlət sifarişli,True,https://sec.az/kecid-ballari,
AZ,sistemler-muhendisliyi--aztu--g1,,True,2024,338.9,dim_score_700,False,AzTU,Sistemlər mühəndisliyi,I qrup,dövlət sifarişli,True,https://sec.az/kecid-ballari,
AZ,sistemler-muhendisliyi--aztu--g1,,True,2025,365.1,dim_score_700,False,AzTU,Sistemlər mühəndisliyi,I qrup,dövlət sifarişli,True,https://sec.az/kecid-ballari,
AZ,biologiya--ndu--g4,,True,2023,268.4,dim_score_700,False,NDU,Biologiya,IV qrup,dövlət sifarişli,True,https://sec.az/kecid-ballari,
AZ,biologiya--ndu--g4,,True,2024,322.4,dim_score_700,False,NDU,Biologiya,IV qrup,dövlət sifarişli,True,https://sec.az/kecid-ballari,
AZ,biologiya--ndu--g4,,True,2025,364.8,dim_score_700,False,NDU,Biologiya,IV qrup,dövlət sifarişli,True,https://sec.az/kecid-ballari,
AZ,mexatronika-ve-robototexnika-muhendisliyi--aztu--g1--v1,1,False,2025,361.9,dim_score_700,False,AzTU,Mexatronika və robototexnika mühəndisliyi,I qrup,dövlət sifarişli,True,https://sec.az/kecid-ballari,
AZ,mexatronika-ve-robototexnika-muhendisliyi--aztu--g1--v2,2,False,2023,303.5,dim_score_700,False,AzTU,Mexatronika və robototexnika mühəndisliyi,I qrup,dövlət sifarişli,True,https://sec.az/kecid-ballari,
AZ,mexatronika-ve-robototexnika-muhendisliyi--aztu--g1--v2,2,False,2024,336.3,dim_score_700,False,AzTU,Mexatronika və robototexnika mühəndisliyi,I qrup,dövlət sifarişli,True,https://sec.az/kecid-ballari,
AZ,mexatronika-ve-robototexnika-muhendisliyi--aztu--g1--v2,2,False,2025,341.1,dim_score_700,False,AzTU,Mexatronika və robototexnika mühəndisliyi,I qrup,dövlət sifarişli,True,https://sec.az/kecid-ballari,
AZ,marketinq--sdu--g2--v1,1,False,2023,400.8,dim_score_700,False,SDU,Marketinq,II qrup,dövlət sifarişli,True,https://sec.az/kecid-ballari,
AZ,marketinq--sdu--g2--v1,1,False,2024,361.4,dim_score_700,False,SDU,Marketinq,II qrup,dövlət sifarişli,True,https://sec.az/kecid-ballari,
AZ,marketinq--sdu--g2--v1,1,False,2025,361.4,dim_score_700,False,SDU,Marketinq,II qrup,dövlət sifarişli,True,https://sec.az/kecid-ballari,
AZ,marketinq--sdu--g2--v2,2,False,2023,335.0,dim_score_700,False,SDU,Marketinq,II qrup,dövlət sifarişli,True,https://sec.az/kecid-ballari,
AZ,marketinq--sdu--g2--v2,2,False,2025,335.0,dim_score_700,False,SDU,Marketinq,II qrup,dövlət sifarişli,True,https://sec.az/kecid-ballari,
AZ,statistika--aztu--g2,,True,2023,314.4,dim_score_700,False,AzTU,Statistika,II qrup,dövlət sifarişli,True,https://sec.az/kecid-ballari,
AZ,statistika--aztu--g2,,True,2024,338.8,dim_score_700,False,AzTU,Statistika,II qrup,dövlət sifarişli,True,https://sec.az/kecid-ballari,
AZ,statistika--aztu--g2,,True,2025,360.6,dim_score_700,False,AzTU,Statistika,II qrup,dövlət sifarişli,True,https://sec.az/kecid-ballari,
AZ,cografiya-muellimliyi--adpu--g2,,True,2023,314.2,dim_score_700,False,ADPU,Coğrafiya müəllimliyi,II qrup,dövlət sifarişli,True,https://sec.az/kecid-ballari,
AZ,cografiya-muellimliyi--adpu--g2,,True,2024,327.7,dim_score_700,False,ADPU,Coğrafiya müəllimliyi,II qrup,dövlət sifarişli,True,https://sec.az/kecid-ballari,
AZ,cografiya-muellimliyi--adpu--g2,,True,2025,359.8,dim_score_700,False,ADPU,Coğrafiya müəllimliyi,II qrup,dövlət sifarişli,True,https://sec.az/kecid-ballari,
AZ,cografiya-muellimliyi--bdu--g2,,True,2023,319.5,dim_score_700,False,BDU,Coğrafiya müəllimliyi,II qrup,dövlət sifarişli,True,https://sec.az/kecid-ballari,
AZ,cografiya-muellimliyi--bdu--g2,,True,2024,342.3,dim_score_700,False,BDU,Coğrafiya müəllimliyi,II qrup,dövlət sifarişli,True,https://sec.az/kecid-ballari,
AZ,cografiya-muellimliyi--bdu--g2,,True,2025,359.7,dim_score_700,False,BDU,Coğrafiya müəllimliyi,II qrup,dövlət sifarişli,True,https://sec.az/kecid-ballari,
AZ,turizm-isinin-teskili--bdu--g2--v1,1,False,2023,312.1,dim_score_700,False,BDU,Turizm işinin təşkili,II qrup,dövlət sifarişli,True,https://sec.az/kecid-ballari,
AZ,turizm-isinin-teskili--bdu--g2--v1,1,False,2024,341.6,dim_score_700,False,BDU,Turizm işinin təşkili,II qrup,dövlət sifarişli,True,https://sec.az/kecid-ballari,
AZ,turizm-isinin-teskili--bdu--g2--v1,1,False,2025,358.7,dim_score_700,False,BDU,Turizm işinin təşkili,II qrup,dövlət sifarişli,True,https://sec.az/kecid-ballari,
AZ,turizm-isinin-teskili--bdu--g2--v2,2,False,2023,310.1,dim_score_700,False,BDU,Turizm işinin təşkili,II qrup,dövlət sifarişli,True,https://sec.az/kecid-ballari,
AZ,turizm-isinin-teskili--bdu--g2--v2,2,False,2024,331.6,dim_score_700,False,BDU,Turizm işinin təşkili,II qrup,dövlət sifarişli,True,https://sec.az/kecid-ballari,
AZ,turizm-isinin-teskili--bdu--g2--v2,2,False,2025,349.9,dim_score_700,False,BDU,Turizm işinin təşkili,II qrup,dövlət sifarişli,True,https://sec.az/kecid-ballari,
AZ,hava-neqliyyatinin-hereketinin-teskili--maa--g1,,True,2023,445.6,dim_score_700,False,MAA,Hava nəqliyyatının hərəkətinin təşkili,I qrup,dövlət sifarişli,True,https://sec.az/kecid-ballari,
AZ,hava-neqliyyatinin-hereketinin-teskili--maa--g1,,True,2024,287.6,dim_score_700,False,MAA,Hava nəqliyyatının hərəkətinin təşkili,I qrup,dövlət sifarişli,True,https://sec.az/kecid-ballari,
AZ,hava-neqliyyatinin-hereketinin-teskili--maa--g1,,True,2025,358.4,dim_score_700,False,MAA,Hava nəqliyyatının hərəkətinin təşkili,I qrup,dövlət sifarişli,True,https://sec.az/kecid-ballari,
AZ,i-nsaat-muhendisliyi--adnsu--g1--v1,1,False,2023,326.0,dim_score_700,False,ADNSU,İnşaat mühəndisliyi,I qrup,dövlət sifarişli,True,https://sec.az/kecid-ballari,
AZ,i-nsaat-muhendisliyi--adnsu--g1--v1,1,False,2024,352.6,dim_score_700,False,ADNSU,İnşaat mühəndisliyi,I qrup,dövlət sifarişli,True,https://sec.az/kecid-ballari,
AZ,i-nsaat-muhendisliyi--adnsu--g1--v1,1,False,2025,358.0,dim_score_700,False,ADNSU,İnşaat mühəndisliyi,I qrup,dövlət sifarişli,True,https://sec.az/kecid-ballari,
AZ,i-nsaat-muhendisliyi--adnsu--g1--v2,2,False,2023,275.9,dim_score_700,False,ADNSU,İnşaat mühəndisliyi,I qrup,dövlət sifarişli,True,https://sec.az/kecid-ballari,
AZ,i-nsaat-muhendisliyi--adnsu--g1--v2,2,False,2024,313.1,dim_score_700,False,ADNSU,İnşaat mühəndisliyi,I qrup,dövlət sifarişli,True,https://sec.az/kecid-ballari,
AZ,i-nsaat-muhendisliyi--adnsu--g1--v2,2,False,2025,309.5,dim_score_700,False,ADNSU,İnşaat mühəndisliyi,I qrup,dövlət sifarişli,True,https://sec.az/kecid-ballari,
AZ,cografiya-muellimliyi--ndu--g2,,True,2023,307.9,dim_score_700,False,NDU,Coğrafiya müəllimliyi,II qrup,dövlət sifarişli,True,https://sec.az/kecid-ballari,
AZ,cografiya-muellimliyi--ndu--g2,,True,2024,332.2,dim_score_700,False,NDU,Coğrafiya müəllimliyi,II qrup,dövlət sifarişli,True,https://sec.az/kecid-ballari,
AZ,cografiya-muellimliyi--ndu--g2,,True,2025,355.3,dim_score_700,False,NDU,Coğrafiya müəllimliyi,II qrup,dövlət sifarişli,True,https://sec.az/kecid-ballari,
AZ,qida-muhendisliyi--bdu--g1,,True,2023,317.6,dim_score_700,False,BDU,Qida mühəndisliyi,I qrup,dövlət sifarişli,True,https://sec.az/kecid-ballari,
AZ,qida-muhendisliyi--bdu--g1,,True,2024,366.9,dim_score_700,False,BDU,Qida mühəndisliyi,I qrup,dövlət sifarişli,True,https://sec.az/kecid-ballari,
AZ,qida-muhendisliyi--bdu--g1,,True,2025,355.1,dim_score_700,False,BDU,Qida mühəndisliyi,I qrup,dövlət sifarişli,True,https://sec.az/kecid-ballari,
AZ,gemi-energetik-qurgularinin-istismari-muhendisliyi--adda--g1--v1,1,False,2023,383.0,dim_score_700,False,ADDA,Gəmi energetik qurğularının istismarı mühəndisliyi,I qrup,dövlət sifarişli,True,https://sec.az/kecid-ballari,
AZ,gemi-energetik-qurgularinin-istismari-muhendisliyi--adda--g1--v1,1,False,2024,388.1,dim_score_700,False,ADDA,Gəmi energetik qurğularının istismarı mühəndisliyi,I qrup,dövlət sifarişli,True,https://sec.az/kecid-ballari,
AZ,gemi-energetik-qurgularinin-istismari-muhendisliyi--adda--g1--v1,1,False,2025,354.6,dim_score_700,False,ADDA,Gəmi energetik qurğularının istismarı mühəndisliyi,I qrup,dövlət sifarişli,True,https://sec.az/kecid-ballari,
AZ,gemi-energetik-qurgularinin-istismari-muhendisliyi--adda--g1--v2,2,False,2023,346.4,dim_score_700,False,ADDA,Gəmi energetik qurğularının istismarı mühəndisliyi,I qrup,dövlət sifarişli,True,https://sec.az/kecid-ballari,
AZ,gemi-energetik-qurgularinin-istismari-muhendisliyi--adda--g1--v2,2,False,2024,355.0,dim_score_700,False,ADDA,Gəmi energetik qurğularının istismarı mühəndisliyi,I qrup,dövlət sifarişli,True,https://sec.az/kecid-ballari,
AZ,gemi-energetik-qurgularinin-istismari-muhendisliyi--adda--g1--v2,2,False,2025,318.4,dim_score_700,False,ADDA,Gəmi energetik qurğularının istismarı mühəndisliyi,I qrup,dövlət sifarişli,True,https://sec.az/kecid-ballari,
AZ,sosiologiya--bdu--g2--v1,1,False,2023,307.0,dim_score_700,False,BDU,Sosiologiya,II qrup,dövlət sifarişli,True,https://sec.az/kecid-ballari,
AZ,sosiologiya--bdu--g2--v1,1,False,2024,337.2,dim_score_700,False,BDU,Sosiologiya,II qrup,dövlət sifarişli,True,https://sec.az/kecid-ballari,
AZ,sosiologiya--bdu--g2--v1,1,False,2025,353.7,dim_score_700,False,BDU,Sosiologiya,II qrup,dövlət sifarişli,True,https://sec.az/kecid-ballari,
AZ,sosiologiya--bdu--g2--v2,2,False,2023,305.4,dim_score_700,False,BDU,Sosiologiya,II qrup,dövlət sifarişli,True,https://sec.az/kecid-ballari,
AZ,sosiologiya--bdu--g2--v2,2,False,2024,331.1,dim_score_700,False,BDU,Sosiologiya,II qrup,dövlət sifarişli,True,https://sec.az/kecid-ballari,
AZ,sosiologiya--bdu--g2--v2,2,False,2025,345.9,dim_score_700,False,BDU,Sosiologiya,II qrup,dövlət sifarişli,True,https://sec.az/kecid-ballari,
AZ,data-analitikasi--qarabag-uni--g1,,True,2025,350.2,dim_score_700,False,Qarabağ Uni,Data analitikası,I qrup,dövlət sifarişli,True,https://sec.az/kecid-ballari,
AZ,riyaziyyat--ndu--g1,,True,2023,250.5,dim_score_700,False,NDU,Riyaziyyat,I qrup,dövlət sifarişli,True,https://sec.az/kecid-ballari,
AZ,riyaziyyat--ndu--g1,,True,2024,328.7,dim_score_700,False,NDU,Riyaziyyat,I qrup,dövlət sifarişli,True,https://sec.az/kecid-ballari,
AZ,riyaziyyat--ndu--g1,,True,2025,348.3,dim_score_700,False,NDU,Riyaziyyat,I qrup,dövlət sifarişli,True,https://sec.az/kecid-ballari,
AZ,biologiya--gdu--g4--v1,1,False,2023,260.5,dim_score_700,False,GDU,Biologiya,IV qrup,dövlət sifarişli,True,https://sec.az/kecid-ballari,
AZ,biologiya--gdu--g4--v1,1,False,2024,319.9,dim_score_700,False,GDU,Biologiya,IV qrup,dövlət sifarişli,True,https://sec.az/kecid-ballari,
AZ,biologiya--gdu--g4--v1,1,False,2025,348.2,dim_score_700,False,GDU,Biologiya,IV qrup,dövlət sifarişli,True,https://sec.az/kecid-ballari,
AZ,biologiya--gdu--g4--v2,2,False,2023,241.7,dim_score_700,False,GDU,Biologiya,IV qrup,dövlət sifarişli,True,https://sec.az/kecid-ballari,
AZ,biologiya--gdu--g4--v2,2,False,2025,345.5,dim_score_700,False,GDU,Biologiya,IV qrup,dövlət sifarişli,True,https://sec.az/kecid-ballari,
AZ,riyaziyyat--bmu--g1,,True,2024,328.9,dim_score_700,False,BMU,Riyaziyyat,I qrup,dövlət sifarişli,True,https://sec.az/kecid-ballari,
AZ,riyaziyyat--bmu--g1,,True,2025,347.3,dim_score_700,False,BMU,Riyaziyyat,I qrup,dövlət sifarişli,True,https://sec.az/kecid-ballari,
AZ,proseslerin-avtomatlasdirilmasi-muhendisliyi--aztu--g1,,True,2023,286.2,dim_score_700,False,AzTU,Proseslərin avtomatlaşdırılması mühəndisliyi,I qrup,dövlət sifarişli,True,https://sec.az/kecid-ballari,
AZ,proseslerin-avtomatlasdirilmasi-muhendisliyi--aztu--g1,,True,2024,331.7,dim_score_700,False,AzTU,Proseslərin avtomatlaşdırılması mühəndisliyi,I qrup,dövlət sifarişli,True,https://sec.az/kecid-ballari,
AZ,proseslerin-avtomatlasdirilmasi-muhendisliyi--aztu--g1,,True,2025,347.0,dim_score_700,False,AzTU,Proseslərin avtomatlaşdırılması mühəndisliyi,I qrup,dövlət sifarişli,True,https://sec.az/kecid-ballari,
AZ,riyaziyyat--sdu--g1,,True,2023,267.7,dim_score_700,False,SDU,Riyaziyyat,I qrup,dövlət sifarişli,True,https://sec.az/kecid-ballari,
AZ,riyaziyyat--sdu--g1,,True,2024,327.1,dim_score_700,False,SDU,Riyaziyyat,I qrup,dövlət sifarişli,True,https://sec.az/kecid-ballari,
AZ,riyaziyyat--sdu--g1,,True,2025,346.6,dim_score_700,False,SDU,Riyaziyyat,I qrup,dövlət sifarişli,True,https://sec.az/kecid-ballari,
AZ,tarix-ve-cografiya-muellimliyi--khazar--g2,,True,2023,314.4,dim_score_700,False,Khazar,Tarix və coğrafiya müəllimliyi,II qrup,dövlət sifarişli,True,https://sec.az/kecid-ballari,
AZ,tarix-ve-cografiya-muellimliyi--khazar--g2,,True,2024,339.8,dim_score_700,False,Khazar,Tarix və coğrafiya müəllimliyi,II qrup,dövlət sifarişli,True,https://sec.az/kecid-ballari,
AZ,tarix-ve-cografiya-muellimliyi--khazar--g2,,True,2025,345.6,dim_score_700,False,Khazar,Tarix və coğrafiya müəllimliyi,II qrup,dövlət sifarişli,True,https://sec.az/kecid-ballari,
AZ,mexatronika-ve-robototexnika-muhendisliyi--qku--g1,,True,2025,345.5,dim_score_700,False,QKU,Mexatronika və robototexnika mühəndisliyi,I qrup,dövlət sifarişli,True,https://sec.az/kecid-ballari,
AZ,beynelxalq-munasibetler--qarabag-uni--g3,,True,2025,344.8,dim_score_700,False,Qarabağ Uni,Beynəlxalq münasibətlər,III qrup,dövlət sifarişli,True,https://sec.az/kecid-ballari,
AZ,cografiya-muellimliyi--gdu--g2,,True,2023,316.1,dim_score_700,False,GDU,Coğrafiya müəllimliyi,II qrup,dövlət sifarişli,True,https://sec.az/kecid-ballari,
AZ,cografiya-muellimliyi--gdu--g2,,True,2024,351.7,dim_score_700,False,GDU,Coğrafiya müəllimliyi,II qrup,dövlət sifarişli,True,https://sec.az/kecid-ballari,
AZ,cografiya-muellimliyi--gdu--g2,,True,2025,344.8,dim_score_700,False,GDU,Coğrafiya müəllimliyi,II qrup,dövlət sifarişli,True,https://sec.az/kecid-ballari,
AZ,marketinq--adau--g2,,True,2023,344.7,dim_score_700,False,ADAU,Marketinq,II qrup,dövlət sifarişli,True,https://sec.az/kecid-ballari,
AZ,marketinq--adau--g2,,True,2025,344.7,dim_score_700,False,ADAU,Marketinq,II qrup,dövlət sifarişli,True,https://sec.az/kecid-ballari,
AZ,cografiya-muellimliyi--khazar--g2,,True,2023,310.0,dim_score_700,False,Khazar,Coğrafiya müəllimliyi,II qrup,dövlət sifarişli,True,https://sec.az/kecid-ballari,
AZ,cografiya-muellimliyi--khazar--g2,,True,2024,328.0,dim_score_700,False,Khazar,Coğrafiya müəllimliyi,II qrup,dövlət sifarişli,True,https://sec.az/kecid-ballari,
AZ,cografiya-muellimliyi--khazar--g2,,True,2025,344.0,dim_score_700,False,Khazar,Coğrafiya müəllimliyi,II qrup,dövlət sifarişli,True,https://sec.az/kecid-ballari,
AZ,mexatronika-ve-robototexnika-muhendisliyi--bmu--g1,,True,2023,310.6,dim_score_700,False,BMU,Mexatronika və robototexnika mühəndisliyi,I qrup,dövlət sifarişli,True,https://sec.az/kecid-ballari,
AZ,mexatronika-ve-robototexnika-muhendisliyi--bmu--g1,,True,2024,339.3,dim_score_700,False,BMU,Mexatronika və robototexnika mühəndisliyi,I qrup,dövlət sifarişli,True,https://sec.az/kecid-ballari,
AZ,mexatronika-ve-robototexnika-muhendisliyi--bmu--g1,,True,2025,343.0,dim_score_700,False,BMU,Mexatronika və robototexnika mühəndisliyi,I qrup,dövlət sifarişli,True,https://sec.az/kecid-ballari,
AZ,turizm-isinin-teskili-zaqatala-filiali--unec--g2,,True,2023,238.9,dim_score_700,False,UNEC,Turizm işinin təşkili (Zaqatala filialı),II qrup,dövlət sifarişli,True,https://sec.az/kecid-ballari,
AZ,turizm-isinin-teskili-zaqatala-filiali--unec--g2,,True,2024,278.5,dim_score_700,False,UNEC,Turizm işinin təşkili (Zaqatala filialı),II qrup,dövlət sifarişli,True,https://sec.az/kecid-ballari,
AZ,turizm-isinin-teskili-zaqatala-filiali--unec--g2,,True,2025,341.1,dim_score_700,False,UNEC,Turizm işinin təşkili (Zaqatala filialı),II qrup,dövlət sifarişli,True,https://sec.az/kecid-ballari,
AZ,turizm-isinin-teskili--unec--g2,,True,2025,341.1,dim_score_700,False,UNEC,Turizm işinin təşkili,II qrup,dövlət sifarişli,True,https://sec.az/kecid-ballari,
AZ,biologiya-muellimliyi--sdu--g4,,True,2023,340.0,dim_score_700,False,SDU,Biologiya müəllimliyi,IV qrup,dövlət sifarişli,True,https://sec.az/kecid-ballari,
AZ,biologiya-muellimliyi--sdu--g4,,True,2025,340.0,dim_score_700,False,SDU,Biologiya müəllimliyi,IV qrup,dövlət sifarişli,True,https://sec.az/kecid-ballari,
AZ,biologiya--oyu--g4,,True,2023,224.4,dim_score_700,False,OYU,Biologiya,IV qrup,dövlət sifarişli,True,https://sec.az/kecid-ballari,
AZ,biologiya--oyu--g4,,True,2024,308.1,dim_score_700,False,OYU,Biologiya,IV qrup,dövlət sifarişli,True,https://sec.az/kecid-ballari,
AZ,biologiya--oyu--g4,,True,2025,339.6,dim_score_700,False,OYU,Biologiya,IV qrup,dövlət sifarişli,True,https://sec.az/kecid-ballari,
AZ,qida-muhendisliyi--ldu--g1,,True,2023,313.8,dim_score_700,False,LDU,Qida mühəndisliyi,I qrup,dövlət sifarişli,True,https://sec.az/kecid-ballari,
AZ,qida-muhendisliyi--ldu--g1,,True,2024,340.8,dim_score_700,False,LDU,Qida mühəndisliyi,I qrup,dövlət sifarişli,True,https://sec.az/kecid-ballari,
AZ,qida-muhendisliyi--ldu--g1,,True,2025,338.5,dim_score_700,False,LDU,Qida mühəndisliyi,I qrup,dövlət sifarişli,True,https://sec.az/kecid-ballari,
AZ,senaye-muhendisliyi--unec--g1,,True,2023,345.3,dim_score_700,False,UNEC,Sənaye mühəndisliyi,I qrup,dövlət sifarişli,True,https://sec.az/kecid-ballari,
AZ,senaye-muhendisliyi--unec--g1,,True,2024,367.2,dim_score_700,False,UNEC,Sənaye mühəndisliyi,I qrup,dövlət sifarişli,True,https://sec.az/kecid-ballari,
AZ,senaye-muhendisliyi--unec--g1,,True,2025,337.6,dim_score_700,False,UNEC,Sənaye mühəndisliyi,I qrup,dövlət sifarişli,True,https://sec.az/kecid-ballari,
AZ,fizika--bdu--g1--v1,1,False,2023,322.9,dim_score_700,False,BDU,Fizika,I qrup,dövlət sifarişli,True,https://sec.az/kecid-ballari,
AZ,fizika--bdu--g1--v1,1,False,2024,333.7,dim_score_700,False,BDU,Fizika,I qrup,dövlət sifarişli,True,https://sec.az/kecid-ballari,
AZ,fizika--bdu--g1--v1,1,False,2025,337.5,dim_score_700,False,BDU,Fizika,I qrup,dövlət sifarişli,True,https://sec.az/kecid-ballari,
AZ,fizika--bdu--g1--v2,2,False,2023,282.8,dim_score_700,False,BDU,Fizika,I qrup,dövlət sifarişli,True,https://sec.az/kecid-ballari,
AZ,fizika--bdu--g1--v2,2,False,2024,312.3,dim_score_700,False,BDU,Fizika,I qrup,dövlət sifarişli,True,https://sec.az/kecid-ballari,
AZ,fizika--bdu--g1--v2,2,False,2025,310.7,dim_score_700,False,BDU,Fizika,I qrup,dövlət sifarişli,True,https://sec.az/kecid-ballari,
AZ,proseslerin-avtomatlasdirilmasi-muhendisliyi--azmi-u--g1,,True,2023,271.0,dim_score_700,False,AzMİU,Proseslərin avtomatlaşdırılması mühəndisliyi,I qrup,dövlət sifarişli,True,https://sec.az/kecid-ballari,
AZ,proseslerin-avtomatlasdirilmasi-muhendisliyi--azmi-u--g1,,True,2024,323.9,dim_score_700,False,AzMİU,Proseslərin avtomatlaşdırılması mühəndisliyi,I qrup,dövlət sifarişli,True,https://sec.az/kecid-ballari,
AZ,proseslerin-avtomatlasdirilmasi-muhendisliyi--azmi-u--g1,,True,2025,335.9,dim_score_700,False,AzMİU,Proseslərin avtomatlaşdırılması mühəndisliyi,I qrup,dövlət sifarişli,True,https://sec.az/kecid-ballari,
AZ,jurnalistika--bsu--g3,,True,2023,335.6,dim_score_700,False,BSU,Jurnalistika,III qrup,dövlət sifarişli,True,https://sec.az/kecid-ballari,
AZ,jurnalistika--bsu--g3,,True,2025,335.6,dim_score_700,False,BSU,Jurnalistika,III qrup,dövlət sifarişli,True,https://sec.az/kecid-ballari,
AZ,biologiya--sdu--g4,,True,2023,284.2,dim_score_700,False,SDU,Biologiya,IV qrup,dövlət sifarişli,True,https://sec.az/kecid-ballari,
AZ,biologiya--sdu--g4,,True,2024,307.3,dim_score_700,False,SDU,Biologiya,IV qrup,dövlət sifarişli,True,https://sec.az/kecid-ballari,
AZ,biologiya--sdu--g4,,True,2025,335.4,dim_score_700,False,SDU,Biologiya,IV qrup,dövlət sifarişli,True,https://sec.az/kecid-ballari,
AZ,tarix-ve-cografiya-muellimliyi--sdu--g2,,True,2023,286.8,dim_score_700,False,SDU,Tarix və coğrafiya müəllimliyi,II qrup,dövlət sifarişli,True,https://sec.az/kecid-ballari,
AZ,tarix-ve-cografiya-muellimliyi--sdu--g2,,True,2024,316.2,dim_score_700,False,SDU,Tarix və coğrafiya müəllimliyi,II qrup,dövlət sifarişli,True,https://sec.az/kecid-ballari,
AZ,tarix-ve-cografiya-muellimliyi--sdu--g2,,True,2025,335.3,dim_score_700,False,SDU,Tarix və coğrafiya müəllimliyi,II qrup,dövlət sifarişli,True,https://sec.az/kecid-ballari,
AZ,turizm-isinin-teskili--atu-gence--g2,,True,2023,232.2,dim_score_700,False,ATU (Gəncə),Turizm işinin təşkili,II qrup,dövlət sifarişli,True,https://sec.az/kecid-ballari,
AZ,turizm-isinin-teskili--atu-gence--g2,,True,2024,276.1,dim_score_700,False,ATU (Gəncə),Turizm işinin təşkili,II qrup,dövlət sifarişli,True,https://sec.az/kecid-ballari,
AZ,turizm-isinin-teskili--atu-gence--g2,,True,2025,334.5,dim_score_700,False,ATU (Gəncə),Turizm işinin təşkili,II qrup,dövlət sifarişli,True,https://sec.az/kecid-ballari,
AZ,qida-muhendisliyi--adau--g1,,True,2023,295.6,dim_score_700,False,ADAU,Qida mühəndisliyi,I qrup,dövlət sifarişli,True,https://sec.az/kecid-ballari,
AZ,qida-muhendisliyi--adau--g1,,True,2024,345.8,dim_score_700,False,ADAU,Qida mühəndisliyi,I qrup,dövlət sifarişli,True,https://sec.az/kecid-ballari,
AZ,qida-muhendisliyi--adau--g1,,True,2025,334.2,dim_score_700,False,ADAU,Qida mühəndisliyi,I qrup,dövlət sifarişli,True,https://sec.az/kecid-ballari,
AZ,turizm-beledciliyi--atu-gence--g2,,True,2024,332.9,dim_score_700,False,ATU (Gəncə),Turizm bələdçiliyi,II qrup,dövlət sifarişli,True,https://sec.az/kecid-ballari,
AZ,turizm-beledciliyi--atu-gence--g2,,True,2025,332.9,dim_score_700,False,ATU (Gəncə),Turizm bələdçiliyi,II qrup,dövlət sifarişli,True,https://sec.az/kecid-ballari,
AZ,dovlet-ve-belediyye-idareetmesi--atmu--g2,,True,2023,332.3,dim_score_700,False,ATMU,Dövlət və bələdiyyə idarəetməsi,II qrup,dövlət sifarişli,True,https://sec.az/kecid-ballari,
AZ,dovlet-ve-belediyye-idareetmesi--atmu--g2,,True,2025,332.3,dim_score_700,False,ATMU,Dövlət və bələdiyyə idarəetməsi,II qrup,dövlət sifarişli,True,https://sec.az/kecid-ballari,
AZ,qida-muhendisliyi--aztu--g1,,True,2023,288.1,dim_score_700,False,AzTU,Qida mühəndisliyi,I qrup,dövlət sifarişli,True,https://sec.az/kecid-ballari,
AZ,qida-muhendisliyi--aztu--g1,,True,2024,340.5,dim_score_700,False,AzTU,Qida mühəndisliyi,I qrup,dövlət sifarişli,True,https://sec.az/kecid-ballari,
AZ,qida-muhendisliyi--aztu--g1,,True,2025,328.3,dim_score_700,False,AzTU,Qida mühəndisliyi,I qrup,dövlət sifarişli,True,https://sec.az/kecid-ballari,
AZ,qida-muhendisliyi--bmu--g1,,True,2024,343.8,dim_score_700,False,BMU,Qida mühəndisliyi,I qrup,dövlət sifarişli,True,https://sec.az/kecid-ballari,
AZ,qida-muhendisliyi--bmu--g1,,True,2025,327.1,dim_score_700,False,BMU,Qida mühəndisliyi,I qrup,dövlət sifarişli,True,https://sec.az/kecid-ballari,
AZ,elektrik-ve-elektronika-muhendisliyi--maa--g1,,True,2023,262.3,dim_score_700,False,MAA,Elektrik və elektronika mühəndisliyi,I qrup,dövlət sifarişli,True,https://sec.az/kecid-ballari,
AZ,elektrik-ve-elektronika-muhendisliyi--maa--g1,,True,2024,318.9,dim_score_700,False,MAA,Elektrik və elektronika mühəndisliyi,I qrup,dövlət sifarişli,True,https://sec.az/kecid-ballari,
AZ,elektrik-ve-elektronika-muhendisliyi--maa--g1,,True,2025,326.5,dim_score_700,False,MAA,Elektrik və elektronika mühəndisliyi,I qrup,dövlət sifarişli,True,https://sec.az/kecid-ballari,
AZ,riyaziyyat-ve-informatika--gdu--g1,,True,2023,222.4,dim_score_700,False,GDU,Riyaziyyat və informatika,I qrup,dövlət sifarişli,True,https://sec.az/kecid-ballari,
AZ,riyaziyyat-ve-informatika--gdu--g1,,True,2024,305.6,dim_score_700,False,GDU,Riyaziyyat və informatika,I qrup,dövlət sifarişli,True,https://sec.az/kecid-ballari,
AZ,riyaziyyat-ve-informatika--gdu--g1,,True,2025,326.5,dim_score_700,False,GDU,Riyaziyyat və informatika,I qrup,dövlət sifarişli,True,https://sec.az/kecid-ballari,
AZ,memarliq--khazar--g1--v1,1,False,2023,427.2,dim_score_700,False,Khazar,Memarlıq,I qrup,dövlət sifarişli,True,https://sec.az/kecid-ballari,
AZ,memarliq--khazar--g1--v1,1,False,2024,305.8,dim_score_700,False,Khazar,Memarlıq,I qrup,dövlət sifarişli,True,https://sec.az/kecid-ballari,
AZ,memarliq--khazar--g1--v1,1,False,2025,326.2,dim_score_700,False,Khazar,Memarlıq,I qrup,dövlət sifarişli,True,https://sec.az/kecid-ballari,
AZ,memarliq--khazar--g1--v2,2,False,2025,307.8,dim_score_700,False,Khazar,Memarlıq,I qrup,dövlət sifarişli,True,https://sec.az/kecid-ballari,
AZ,cografiya--ndu--g2,,True,2023,284.3,dim_score_700,False,NDU,Coğrafiya,II qrup,dövlət sifarişli,True,https://sec.az/kecid-ballari,
AZ,cografiya--ndu--g2,,True,2024,308.1,dim_score_700,False,NDU,Coğrafiya,II qrup,dövlət sifarişli,True,https://sec.az/kecid-ballari,
AZ,cografiya--ndu--g2,,True,2025,326.0,dim_score_700,False,NDU,Coğrafiya,II qrup,dövlət sifarişli,True,https://sec.az/kecid-ballari,
AZ,kimya-muellimliyi--qarabag-uni--g4,,True,2025,325.9,dim_score_700,False,Qarabağ Uni,Kimya müəllimliyi,IV qrup,dövlət sifarişli,True,https://sec.az/kecid-ballari,
AZ,i-nformatika-reqemsal-bacariqlar-muellimliyi--bdu--g1,,True,2023,296.8,dim_score_700,False,BDU,İnformatika (rəqəmsal bacarıqlar) müəllimliyi,I qrup,dövlət sifarişli,True,https://sec.az/kecid-ballari,
AZ,i-nformatika-reqemsal-bacariqlar-muellimliyi--bdu--g1,,True,2024,307.3,dim_score_700,False,BDU,İnformatika (rəqəmsal bacarıqlar) müəllimliyi,I qrup,dövlət sifarişli,True,https://sec.az/kecid-ballari,
AZ,i-nformatika-reqemsal-bacariqlar-muellimliyi--bdu--g1,,True,2025,325.6,dim_score_700,False,BDU,İnformatika (rəqəmsal bacarıqlar) müəllimliyi,I qrup,dövlət sifarişli,True,https://sec.az/kecid-ballari,
AZ,riyaziyyat-muellimliyi--qarabag-uni--g1,,True,2024,444.4,dim_score_700,False,Qarabağ Uni,Riyaziyyat müəllimliyi,I qrup,dövlət sifarişli,True,https://sec.az/kecid-ballari,
AZ,riyaziyyat-muellimliyi--qarabag-uni--g1,,True,2025,325.4,dim_score_700,False,Qarabağ Uni,Riyaziyyat müəllimliyi,I qrup,dövlət sifarişli,True,https://sec.az/kecid-ballari,
AZ,cografiya--bdu--g2,,True,2023,284.5,dim_score_700,False,BDU,Coğrafiya,II qrup,dövlət sifarişli,True,https://sec.az/kecid-ballari,
AZ,cografiya--bdu--g2,,True,2024,306.7,dim_score_700,False,BDU,Coğrafiya,II qrup,dövlət sifarişli,True,https://sec.az/kecid-ballari,
AZ,cografiya--bdu--g2,,True,2025,324.9,dim_score_700,False,BDU,Coğrafiya,II qrup,dövlət sifarişli,True,https://sec.az/kecid-ballari,
AZ,tarix-ve-cografiya-muellimliyi--gdu--g2,,True,2023,276.2,dim_score_700,False,GDU,Tarix və coğrafiya müəllimliyi,II qrup,dövlət sifarişli,True,https://sec.az/kecid-ballari,
AZ,tarix-ve-cografiya-muellimliyi--gdu--g2,,True,2024,308.2,dim_score_700,False,GDU,Tarix və coğrafiya müəllimliyi,II qrup,dövlət sifarişli,True,https://sec.az/kecid-ballari,
AZ,tarix-ve-cografiya-muellimliyi--gdu--g2,,True,2025,323.5,dim_score_700,False,GDU,Tarix və coğrafiya müəllimliyi,II qrup,dövlət sifarişli,True,https://sec.az/kecid-ballari,
AZ,memarliq--ndu--g1,,True,2023,316.0,dim_score_700,False,NDU,Memarlıq,I qrup,dövlət sifarişli,True,https://sec.az/kecid-ballari,
AZ,memarliq--ndu--g1,,True,2024,356.1,dim_score_700,False,NDU,Memarlıq,I qrup,dövlət sifarişli,True,https://sec.az/kecid-ballari,
AZ,memarliq--ndu--g1,,True,2025,322.4,dim_score_700,False,NDU,Memarlıq,I qrup,dövlət sifarişli,True,https://sec.az/kecid-ballari,
AZ,ekologiya--mdu--g4,,True,2023,208.8,dim_score_700,False,MDU,Ekologiya,IV qrup,dövlət sifarişli,True,https://sec.az/kecid-ballari,
AZ,ekologiya--mdu--g4,,True,2024,298.5,dim_score_700,False,MDU,Ekologiya,IV qrup,dövlət sifarişli,True,https://sec.az/kecid-ballari,
AZ,ekologiya--mdu--g4,,True,2025,322.1,dim_score_700,False,MDU,Ekologiya,IV qrup,dövlət sifarişli,True,https://sec.az/kecid-ballari,
AZ,cihaz-muhendisliyi--maa--g1--v1,1,False,2024,285.7,dim_score_700,False,MAA,Cihaz mühəndisliyi,I qrup,dövlət sifarişli,True,https://sec.az/kecid-ballari,
AZ,cihaz-muhendisliyi--maa--g1--v1,1,False,2025,321.3,dim_score_700,False,MAA,Cihaz mühəndisliyi,I qrup,dövlət sifarişli,True,https://sec.az/kecid-ballari,
AZ,cihaz-muhendisliyi--maa--g1--v2,2,False,2023,301.3,dim_score_700,False,MAA,Cihaz mühəndisliyi,I qrup,dövlət sifarişli,True,https://sec.az/kecid-ballari,
AZ,cihaz-muhendisliyi--maa--g1--v2,2,False,2024,330.6,dim_score_700,False,MAA,Cihaz mühəndisliyi,I qrup,dövlət sifarişli,True,https://sec.az/kecid-ballari,
AZ,cihaz-muhendisliyi--maa--g1--v2,2,False,2025,316.2,dim_score_700,False,MAA,Cihaz mühəndisliyi,I qrup,dövlət sifarişli,True,https://sec.az/kecid-ballari,
AZ,turizm-isinin-teskili--atmu--g2--v1,1,False,2023,279.4,dim_score_700,False,ATMU,Turizm işinin təşkili,II qrup,dövlət sifarişli,True,https://sec.az/kecid-ballari,
AZ,turizm-isinin-teskili--atmu--g2--v1,1,False,2024,301.7,dim_score_700,False,ATMU,Turizm işinin təşkili,II qrup,dövlət sifarişli,True,https://sec.az/kecid-ballari,
AZ,turizm-isinin-teskili--atmu--g2--v1,1,False,2025,321.2,dim_score_700,False,ATMU,Turizm işinin təşkili,II qrup,dövlət sifarişli,True,https://sec.az/kecid-ballari,
AZ,turizm-isinin-teskili--atmu--g2--v2,2,False,2023,272.8,dim_score_700,False,ATMU,Turizm işinin təşkili,II qrup,dövlət sifarişli,True,https://sec.az/kecid-ballari,
AZ,turizm-isinin-teskili--atmu--g2--v2,2,False,2024,291.6,dim_score_700,False,ATMU,Turizm işinin təşkili,II qrup,dövlət sifarişli,True,https://sec.az/kecid-ballari,
AZ,turizm-isinin-teskili--atmu--g2--v2,2,False,2025,308.6,dim_score_700,False,ATMU,Turizm işinin təşkili,II qrup,dövlət sifarişli,True,https://sec.az/kecid-ballari,
AZ,turizm-isinin-teskili--atmu--g2--v3,3,False,2023,236.1,dim_score_700,False,ATMU,Turizm işinin təşkili,II qrup,dövlət sifarişli,True,https://sec.az/kecid-ballari,
AZ,turizm-isinin-teskili--atmu--g2--v3,3,False,2024,274.0,dim_score_700,False,ATMU,Turizm işinin təşkili,II qrup,dövlət sifarişli,True,https://sec.az/kecid-ballari,
AZ,turizm-isinin-teskili--atmu--g2--v3,3,False,2025,284.2,dim_score_700,False,ATMU,Turizm işinin təşkili,II qrup,dövlət sifarişli,True,https://sec.az/kecid-ballari,
AZ,ekologiya-muhendisliyi--gdu--g1,,True,2023,340.5,dim_score_700,False,GDU,Ekologiya mühəndisliyi,I qrup,dövlət sifarişli,True,https://sec.az/kecid-ballari,
AZ,ekologiya-muhendisliyi--gdu--g1,,True,2024,356.2,dim_score_700,False,GDU,Ekologiya mühəndisliyi,I qrup,dövlət sifarişli,True,https://sec.az/kecid-ballari,
AZ,ekologiya-muhendisliyi--gdu--g1,,True,2025,320.6,dim_score_700,False,GDU,Ekologiya mühəndisliyi,I qrup,dövlət sifarişli,True,https://sec.az/kecid-ballari,
AZ,i-nformasiya-texnologiyalari--au--g1,,True,2023,264.9,dim_score_700,False,AU,İnformasiya texnologiyaları,I qrup,dövlət sifarişli,True,https://sec.az/kecid-ballari,
AZ,i-nformasiya-texnologiyalari--au--g1,,True,2024,311.5,dim_score_700,False,AU,İnformasiya texnologiyaları,I qrup,dövlət sifarişli,True,https://sec.az/kecid-ballari,
AZ,i-nformasiya-texnologiyalari--au--g1,,True,2025,319.4,dim_score_700,False,AU,İnformasiya texnologiyaları,I qrup,dövlət sifarişli,True,https://sec.az/kecid-ballari,
AZ,hidrometeorologiya--maa--g2,,True,2023,291.6,dim_score_700,False,MAA,Hidrometeorologiya,II qrup,dövlət sifarişli,True,https://sec.az/kecid-ballari,
AZ,hidrometeorologiya--maa--g2,,True,2024,300.1,dim_score_700,False,MAA,Hidrometeorologiya,II qrup,dövlət sifarişli,True,https://sec.az/kecid-ballari,
AZ,hidrometeorologiya--maa--g2,,True,2025,318.4,dim_score_700,False,MAA,Hidrometeorologiya,II qrup,dövlət sifarişli,True,https://sec.az/kecid-ballari,
AZ,riyaziyyat-ve-informatika--nmi--g1,,True,2023,210.8,dim_score_700,False,NMİ,Riyaziyyat və informatika,I qrup,dövlət sifarişli,True,https://sec.az/kecid-ballari,
AZ,riyaziyyat-ve-informatika--nmi--g1,,True,2024,317.1,dim_score_700,False,NMİ,Riyaziyyat və informatika,I qrup,dövlət sifarişli,True,https://sec.az/kecid-ballari,
AZ,riyaziyyat-ve-informatika--nmi--g1,,True,2025,317.1,dim_score_700,False,NMİ,Riyaziyyat və informatika,I qrup,dövlət sifarişli,True,https://sec.az/kecid-ballari,
AZ,komputer-muhendisliyi--khazar--g1,,True,2023,310.2,dim_score_700,False,Khazar,Kompüter mühəndisliyi,I qrup,dövlət sifarişli,True,https://sec.az/kecid-ballari,
AZ,komputer-muhendisliyi--khazar--g1,,True,2024,434.4,dim_score_700,False,Khazar,Kompüter mühəndisliyi,I qrup,dövlət sifarişli,True,https://sec.az/kecid-ballari,
AZ,komputer-muhendisliyi--khazar--g1,,True,2025,316.4,dim_score_700,False,Khazar,Kompüter mühəndisliyi,I qrup,dövlət sifarişli,True,https://sec.az/kecid-ballari,
AZ,mexanika-muhendisliyi--adnsu--g1--v1,1,False,2023,308.0,dim_score_700,False,ADNSU,Mexanika mühəndisliyi,I qrup,dövlət sifarişli,True,https://sec.az/kecid-ballari,
AZ,mexanika-muhendisliyi--adnsu--g1--v1,1,False,2024,324.0,dim_score_700,False,ADNSU,Mexanika mühəndisliyi,I qrup,dövlət sifarişli,True,https://sec.az/kecid-ballari,
AZ,mexanika-muhendisliyi--adnsu--g1--v1,1,False,2025,315.9,dim_score_700,False,ADNSU,Mexanika mühəndisliyi,I qrup,dövlət sifarişli,True,https://sec.az/kecid-ballari,
AZ,mexanika-muhendisliyi--adnsu--g1--v2,2,False,2023,224.0,dim_score_700,False,ADNSU,Mexanika mühəndisliyi,I qrup,dövlət sifarişli,True,https://sec.az/kecid-ballari,
AZ,mexanika-muhendisliyi--adnsu--g1--v2,2,False,2024,213.3,dim_score_700,False,ADNSU,Mexanika mühəndisliyi,I qrup,dövlət sifarişli,True,https://sec.az/kecid-ballari,
AZ,mexanika-muhendisliyi--adnsu--g1--v2,2,False,2025,218.5,dim_score_700,False,ADNSU,Mexanika mühəndisliyi,I qrup,dövlət sifarişli,True,https://sec.az/kecid-ballari,
AZ,i-nsaat-muhendisliyi--khazar--g1,,True,2023,304.7,dim_score_700,False,Khazar,İnşaat mühəndisliyi,I qrup,dövlət sifarişli,True,https://sec.az/kecid-ballari,
AZ,i-nsaat-muhendisliyi--khazar--g1,,True,2024,314.9,dim_score_700,False,Khazar,İnşaat mühəndisliyi,I qrup,dövlət sifarişli,True,https://sec.az/kecid-ballari,
AZ,i-nsaat-muhendisliyi--khazar--g1,,True,2025,315.2,dim_score_700,False,Khazar,İnşaat mühəndisliyi,I qrup,dövlət sifarişli,True,https://sec.az/kecid-ballari,
AZ,ekologiya--unec--g4,,True,2023,249.4,dim_score_700,False,UNEC,Ekologiya,IV qrup,dövlət sifarişli,True,https://sec.az/kecid-ballari,
AZ,ekologiya--unec--g4,,True,2024,278.4,dim_score_700,False,UNEC,Ekologiya,IV qrup,dövlət sifarişli,True,https://sec.az/kecid-ballari,
AZ,ekologiya--unec--g4,,True,2025,314.7,dim_score_700,False,UNEC,Ekologiya,IV qrup,dövlət sifarişli,True,https://sec.az/kecid-ballari,
AZ,neqliyyatda-servis--aztu--g2,,True,2023,295.3,dim_score_700,False,AzTU,Nəqliyyatda servis,II qrup,dövlət sifarişli,True,https://sec.az/kecid-ballari,
AZ,neqliyyatda-servis--aztu--g2,,True,2024,294.5,dim_score_700,False,AzTU,Nəqliyyatda servis,II qrup,dövlət sifarişli,True,https://sec.az/kecid-ballari,
AZ,neqliyyatda-servis--aztu--g2,,True,2025,314.2,dim_score_700,False,AzTU,Nəqliyyatda servis,II qrup,dövlət sifarişli,True,https://sec.az/kecid-ballari,
AZ,ekologiya--ldu--g4,,True,2023,253.2,dim_score_700,False,LDU,Ekologiya,IV qrup,dövlət sifarişli,True,https://sec.az/kecid-ballari,
AZ,ekologiya--ldu--g4,,True,2024,278.9,dim_score_700,False,LDU,Ekologiya,IV qrup,dövlət sifarişli,True,https://sec.az/kecid-ballari,
AZ,ekologiya--ldu--g4,,True,2025,312.4,dim_score_700,False,LDU,Ekologiya,IV qrup,dövlət sifarişli,True,https://sec.az/kecid-ballari,
AZ,i-nformatika--gdu--g1,,True,2023,259.4,dim_score_700,False,GDU,İnformatika,I qrup,dövlət sifarişli,True,https://sec.az/kecid-ballari,
AZ,i-nformatika--gdu--g1,,True,2024,293.7,dim_score_700,False,GDU,İnformatika,I qrup,dövlət sifarişli,True,https://sec.az/kecid-ballari,
AZ,i-nformatika--gdu--g1,,True,2025,312.3,dim_score_700,False,GDU,İnformatika,I qrup,dövlət sifarişli,True,https://sec.az/kecid-ballari,
AZ,turizm-isinin-teskili--ldu--g2,,True,2023,223.1,dim_score_700,False,LDU,Turizm işinin təşkili,II qrup,dövlət sifarişli,True,https://sec.az/kecid-ballari,
AZ,turizm-isinin-teskili--ldu--g2,,True,2024,278.5,dim_score_700,False,LDU,Turizm işinin təşkili,II qrup,dövlət sifarişli,True,https://sec.az/kecid-ballari,
AZ,turizm-isinin-teskili--ldu--g2,,True,2025,311.4,dim_score_700,False,LDU,Turizm işinin təşkili,II qrup,dövlət sifarişli,True,https://sec.az/kecid-ballari,
AZ,energetika-muhendisliyi--maa--g1,,True,2023,291.5,dim_score_700,False,MAA,Energetika mühəndisliyi,I qrup,dövlət sifarişli,True,https://sec.az/kecid-ballari,
AZ,energetika-muhendisliyi--maa--g1,,True,2024,301.7,dim_score_700,False,MAA,Energetika mühəndisliyi,I qrup,dövlət sifarişli,True,https://sec.az/kecid-ballari,
AZ,energetika-muhendisliyi--maa--g1,,True,2025,310.0,dim_score_700,False,MAA,Energetika mühəndisliyi,I qrup,dövlət sifarişli,True,https://sec.az/kecid-ballari,
AZ,neqliyyatda-servis--bmu--g2,,True,2023,295.2,dim_score_700,False,BMU,Nəqliyyatda servis,II qrup,dövlət sifarişli,True,https://sec.az/kecid-ballari,
AZ,neqliyyatda-servis--bmu--g2,,True,2024,291.3,dim_score_700,False,BMU,Nəqliyyatda servis,II qrup,dövlət sifarişli,True,https://sec.az/kecid-ballari,
AZ,neqliyyatda-servis--bmu--g2,,True,2025,309.8,dim_score_700,False,BMU,Nəqliyyatda servis,II qrup,dövlət sifarişli,True,https://sec.az/kecid-ballari,
AZ,komputer-muhendisliyi--au--g1,,True,2023,253.4,dim_score_700,False,AU,Kompüter mühəndisliyi,I qrup,dövlət sifarişli,True,https://sec.az/kecid-ballari,
AZ,komputer-muhendisliyi--au--g1,,True,2024,282.7,dim_score_700,False,AU,Kompüter mühəndisliyi,I qrup,dövlət sifarişli,True,https://sec.az/kecid-ballari,
AZ,komputer-muhendisliyi--au--g1,,True,2025,309.4,dim_score_700,False,AU,Kompüter mühəndisliyi,I qrup,dövlət sifarişli,True,https://sec.az/kecid-ballari,
AZ,mexatronika-ve-robototexnika-muhendisliyi--qarabag-uni--g1,,True,2024,378.7,dim_score_700,False,Qarabağ Uni,Mexatronika və robototexnika mühəndisliyi,I qrup,dövlət sifarişli,True,https://sec.az/kecid-ballari,
AZ,mexatronika-ve-robototexnika-muhendisliyi--qarabag-uni--g1,,True,2025,308.4,dim_score_700,False,Qarabağ Uni,Mexatronika və robototexnika mühəndisliyi,I qrup,dövlət sifarişli,True,https://sec.az/kecid-ballari,
AZ,senaye-muhendisliyi--bmu--g1--v1,1,False,2023,334.1,dim_score_700,False,BMU,Sənaye mühəndisliyi,I qrup,dövlət sifarişli,True,https://sec.az/kecid-ballari,
AZ,senaye-muhendisliyi--bmu--g1--v1,1,False,2024,342.1,dim_score_700,False,BMU,Sənaye mühəndisliyi,I qrup,dövlət sifarişli,True,https://sec.az/kecid-ballari,
AZ,senaye-muhendisliyi--bmu--g1--v1,1,False,2025,308.3,dim_score_700,False,BMU,Sənaye mühəndisliyi,I qrup,dövlət sifarişli,True,https://sec.az/kecid-ballari,
AZ,senaye-muhendisliyi--bmu--g1--v2,2,False,2023,277.6,dim_score_700,False,BMU,Sənaye mühəndisliyi,I qrup,dövlət sifarişli,True,https://sec.az/kecid-ballari,
AZ,senaye-muhendisliyi--bmu--g1--v2,2,False,2024,312.4,dim_score_700,False,BMU,Sənaye mühəndisliyi,I qrup,dövlət sifarişli,True,https://sec.az/kecid-ballari,
AZ,senaye-muhendisliyi--bmu--g1--v2,2,False,2025,293.6,dim_score_700,False,BMU,Sənaye mühəndisliyi,I qrup,dövlət sifarişli,True,https://sec.az/kecid-ballari,
AZ,neqliyyat-muhendisliyi--mdu--g1,,True,2023,211.8,dim_score_700,False,MDU,Nəqliyyat mühəndisliyi,I qrup,dövlət sifarişli,True,https://sec.az/kecid-ballari,
AZ,neqliyyat-muhendisliyi--mdu--g1,,True,2025,307.1,dim_score_700,False,MDU,Nəqliyyat mühəndisliyi,I qrup,dövlət sifarişli,True,https://sec.az/kecid-ballari,
AZ,muhasibat--bbu--g2,,True,2023,307.1,dim_score_700,False,BBU,Mühasibat,II qrup,dövlət sifarişli,True,https://sec.az/kecid-ballari,
AZ,muhasibat--bbu--g2,,True,2025,307.1,dim_score_700,False,BBU,Mühasibat,II qrup,dövlət sifarişli,True,https://sec.az/kecid-ballari,
AZ,elektrik-ve-elektronika-muhendisliyi--azmi-u--g1--v1,1,False,2024,302.5,dim_score_700,False,AzMİU,Elektrik və elektronika mühəndisliyi,I qrup,dövlət sifarişli,True,https://sec.az/kecid-ballari,
AZ,elektrik-ve-elektronika-muhendisliyi--azmi-u--g1--v1,1,False,2025,306.4,dim_score_700,False,AzMİU,Elektrik və elektronika mühəndisliyi,I qrup,dövlət sifarişli,True,https://sec.az/kecid-ballari,
AZ,elektrik-ve-elektronika-muhendisliyi--azmi-u--g1--v2,2,False,2023,210.5,dim_score_700,False,AzMİU,Elektrik və elektronika mühəndisliyi,I qrup,dövlət sifarişli,True,https://sec.az/kecid-ballari,
AZ,elektrik-ve-elektronika-muhendisliyi--azmi-u--g1--v2,2,False,2024,232.9,dim_score_700,False,AzMİU,Elektrik və elektronika mühəndisliyi,I qrup,dövlət sifarişli,True,https://sec.az/kecid-ballari,
AZ,elektrik-ve-elektronika-muhendisliyi--azmi-u--g1--v2,2,False,2025,214.0,dim_score_700,False,AzMİU,Elektrik və elektronika mühəndisliyi,I qrup,dövlət sifarişli,True,https://sec.az/kecid-ballari,
AZ,dinsunasliq--ai-i--g3,,True,2023,222.6,dim_score_700,False,Aİİ,Dinşünaslıq,III qrup,dövlət sifarişli,True,https://sec.az/kecid-ballari,
AZ,dinsunasliq--ai-i--g3,,True,2025,304.8,dim_score_700,False,Aİİ,Dinşünaslıq,III qrup,dövlət sifarişli,True,https://sec.az/kecid-ballari,
AZ,hidrometeorologiya--bdu--g2,,True,2023,281.9,dim_score_700,False,BDU,Hidrometeorologiya,II qrup,dövlət sifarişli,True,https://sec.az/kecid-ballari,
AZ,hidrometeorologiya--bdu--g2,,True,2024,298.6,dim_score_700,False,BDU,Hidrometeorologiya,II qrup,dövlət sifarişli,True,https://sec.az/kecid-ballari,
AZ,hidrometeorologiya--bdu--g2,,True,2025,304.5,dim_score_700,False,BDU,Hidrometeorologiya,II qrup,dövlət sifarişli,True,https://sec.az/kecid-ballari,
AZ,materiallar-muhendisliyi--azmi-u--g1,,True,2023,200.1,dim_score_700,False,AzMİU,Materiallar mühəndisliyi,I qrup,dövlət sifarişli,True,https://sec.az/kecid-ballari,
AZ,materiallar-muhendisliyi--azmi-u--g1,,True,2024,304.3,dim_score_700,False,AzMİU,Materiallar mühəndisliyi,I qrup,dövlət sifarişli,True,https://sec.az/kecid-ballari,
AZ,materiallar-muhendisliyi--azmi-u--g1,,True,2025,304.3,dim_score_700,False,AzMİU,Materiallar mühəndisliyi,I qrup,dövlət sifarişli,True,https://sec.az/kecid-ballari,
AZ,sosiologiya--admi-u--g2,,True,2023,272.7,dim_score_700,False,ADMİU,Sosiologiya,II qrup,dövlət sifarişli,True,https://sec.az/kecid-ballari,
AZ,sosiologiya--admi-u--g2,,True,2024,306.1,dim_score_700,False,ADMİU,Sosiologiya,II qrup,dövlət sifarişli,True,https://sec.az/kecid-ballari,
AZ,sosiologiya--admi-u--g2,,True,2025,303.8,dim_score_700,False,ADMİU,Sosiologiya,II qrup,dövlət sifarişli,True,https://sec.az/kecid-ballari,
AZ,turizm-isinin-teskili--oyu--g2--v1,1,False,2023,240.9,dim_score_700,False,OYU,Turizm işinin təşkili,II qrup,dövlət sifarişli,True,https://sec.az/kecid-ballari,
AZ,turizm-isinin-teskili--oyu--g2--v1,1,False,2024,303.6,dim_score_700,False,OYU,Turizm işinin təşkili,II qrup,dövlət sifarişli,True,https://sec.az/kecid-ballari,
AZ,turizm-isinin-teskili--oyu--g2--v1,1,False,2025,303.6,dim_score_700,False,OYU,Turizm işinin təşkili,II qrup,dövlət sifarişli,True,https://sec.az/kecid-ballari,
AZ,turizm-isinin-teskili--oyu--g2--v2,2,False,2023,223.4,dim_score_700,False,OYU,Turizm işinin təşkili,II qrup,dövlət sifarişli,True,https://sec.az/kecid-ballari,
AZ,turizm-isinin-teskili--oyu--g2--v2,2,False,2024,274.1,dim_score_700,False,OYU,Turizm işinin təşkili,II qrup,dövlət sifarişli,True,https://sec.az/kecid-ballari,
AZ,turizm-isinin-teskili--oyu--g2--v2,2,False,2025,259.5,dim_score_700,False,OYU,Turizm işinin təşkili,II qrup,dövlət sifarişli,True,https://sec.az/kecid-ballari,
AZ,cihaz-muhendisliyi--adnsu--g1--v1,1,False,2023,306.9,dim_score_700,False,ADNSU,Cihaz mühəndisliyi,I qrup,dövlət sifarişli,True,https://sec.az/kecid-ballari,
AZ,cihaz-muhendisliyi--adnsu--g1--v1,1,False,2024,321.0,dim_score_700,False,ADNSU,Cihaz mühəndisliyi,I qrup,dövlət sifarişli,True,https://sec.az/kecid-ballari,
AZ,cihaz-muhendisliyi--adnsu--g1--v1,1,False,2025,302.8,dim_score_700,False,ADNSU,Cihaz mühəndisliyi,I qrup,dövlət sifarişli,True,https://sec.az/kecid-ballari,
AZ,cihaz-muhendisliyi--adnsu--g1--v2,2,False,2023,222.4,dim_score_700,False,ADNSU,Cihaz mühəndisliyi,I qrup,dövlət sifarişli,True,https://sec.az/kecid-ballari,
AZ,cihaz-muhendisliyi--adnsu--g1--v2,2,False,2024,201.5,dim_score_700,False,ADNSU,Cihaz mühəndisliyi,I qrup,dövlət sifarişli,True,https://sec.az/kecid-ballari,
AZ,cihaz-muhendisliyi--adnsu--g1--v2,2,False,2025,209.9,dim_score_700,False,ADNSU,Cihaz mühəndisliyi,I qrup,dövlət sifarişli,True,https://sec.az/kecid-ballari,
AZ,muhasibat--qarabag-uni--g2,,True,2024,375.8,dim_score_700,False,Qarabağ Uni,Mühasibat,II qrup,dövlət sifarişli,True,https://sec.az/kecid-ballari,
AZ,muhasibat--qarabag-uni--g2,,True,2025,301.3,dim_score_700,False,Qarabağ Uni,Mühasibat,II qrup,dövlət sifarişli,True,https://sec.az/kecid-ballari,
AZ,elektrik-ve-elektronika-muhendisliyi--adda--g1,,True,2023,322.8,dim_score_700,False,ADDA,Elektrik və elektronika mühəndisliyi,I qrup,dövlət sifarişli,True,https://sec.az/kecid-ballari,
AZ,elektrik-ve-elektronika-muhendisliyi--adda--g1,,True,2024,342.6,dim_score_700,False,ADDA,Elektrik və elektronika mühəndisliyi,I qrup,dövlət sifarişli,True,https://sec.az/kecid-ballari,
AZ,elektrik-ve-elektronika-muhendisliyi--adda--g1,,True,2025,300.0,dim_score_700,False,ADDA,Elektrik və elektronika mühəndisliyi,I qrup,dövlət sifarişli,True,https://sec.az/kecid-ballari,
AZ,i-nsaat-muhendisliyi--bmu--g1,,True,2023,278.9,dim_score_700,False,BMU,İnşaat mühəndisliyi,I qrup,dövlət sifarişli,True,https://sec.az/kecid-ballari,
AZ,i-nsaat-muhendisliyi--bmu--g1,,True,2024,312.7,dim_score_700,False,BMU,İnşaat mühəndisliyi,I qrup,dövlət sifarişli,True,https://sec.az/kecid-ballari,
AZ,i-nsaat-muhendisliyi--bmu--g1,,True,2025,299.6,dim_score_700,False,BMU,İnşaat mühəndisliyi,I qrup,dövlət sifarişli,True,https://sec.az/kecid-ballari,
AZ,i-qtisadiyyat--qarabag-uni--g2,,True,2024,441.8,dim_score_700,False,Qarabağ Uni,İqtisadiyyat,II qrup,dövlət sifarişli,True,https://sec.az/kecid-ballari,
AZ,i-qtisadiyyat--qarabag-uni--g2,,True,2025,299.3,dim_score_700,False,Qarabağ Uni,İqtisadiyyat,II qrup,dövlət sifarişli,True,https://sec.az/kecid-ballari,
AZ,ekologiya-muhendisliyi--unec--g1,,True,2023,269.3,dim_score_700,False,UNEC,Ekologiya mühəndisliyi,I qrup,dövlət sifarişli,True,https://sec.az/kecid-ballari,
AZ,ekologiya-muhendisliyi--unec--g1,,True,2024,306.2,dim_score_700,False,UNEC,Ekologiya mühəndisliyi,I qrup,dövlət sifarişli,True,https://sec.az/kecid-ballari,
AZ,ekologiya-muhendisliyi--unec--g1,,True,2025,298.4,dim_score_700,False,UNEC,Ekologiya mühəndisliyi,I qrup,dövlət sifarişli,True,https://sec.az/kecid-ballari,
AZ,i-nformasiya-texnologiyalari--sdu--g1,,True,2023,244.8,dim_score_700,False,SDU,İnformasiya texnologiyaları,I qrup,dövlət sifarişli,True,https://sec.az/kecid-ballari,
AZ,i-nformasiya-texnologiyalari--sdu--g1,,True,2024,297.6,dim_score_700,False,SDU,İnformasiya texnologiyaları,I qrup,dövlət sifarişli,True,https://sec.az/kecid-ballari,
AZ,i-nformasiya-texnologiyalari--sdu--g1,,True,2025,298.1,dim_score_700,False,SDU,İnformasiya texnologiyaları,I qrup,dövlət sifarişli,True,https://sec.az/kecid-ballari,
AZ,turizm-isinin-teskili--admi-u--g2,,True,2023,270.6,dim_score_700,False,ADMİU,Turizm işinin təşkili,II qrup,dövlət sifarişli,True,https://sec.az/kecid-ballari,
AZ,turizm-isinin-teskili--admi-u--g2,,True,2024,285.6,dim_score_700,False,ADMİU,Turizm işinin təşkili,II qrup,dövlət sifarişli,True,https://sec.az/kecid-ballari,
AZ,turizm-isinin-teskili--admi-u--g2,,True,2025,298.0,dim_score_700,False,ADMİU,Turizm işinin təşkili,II qrup,dövlət sifarişli,True,https://sec.az/kecid-ballari,
AZ,heyat-fealiyyetinin-tehlukesizliyi-muhendisliyi--mdu--g1,,True,2023,217.1,dim_score_700,False,MDU,Həyat fəaliyyətinin təhlükəsizliyi mühəndisliyi,I qrup,dövlət sifarişli,True,https://sec.az/kecid-ballari,
AZ,heyat-fealiyyetinin-tehlukesizliyi-muhendisliyi--mdu--g1,,True,2024,297.7,dim_score_700,False,MDU,Həyat fəaliyyətinin təhlükəsizliyi mühəndisliyi,I qrup,dövlət sifarişli,True,https://sec.az/kecid-ballari,
AZ,heyat-fealiyyetinin-tehlukesizliyi-muhendisliyi--mdu--g1,,True,2025,297.7,dim_score_700,False,MDU,Həyat fəaliyyətinin təhlükəsizliyi mühəndisliyi,I qrup,dövlət sifarişli,True,https://sec.az/kecid-ballari,
AZ,baytarliq-tebabeti-tedris-ingilis-dilinde--khazar--g4,,True,2025,297.6,dim_score_700,False,Khazar,Baytarlıq təbabəti (tədris ingilis dilində),IV qrup,dövlət sifarişli,True,https://sec.az/kecid-ballari,
AZ,i-nformasiya-texnologiyalari--qku--g1--v1,1,False,2023,219.4,dim_score_700,False,QKU,İnformasiya texnologiyaları,I qrup,dövlət sifarişli,True,https://sec.az/kecid-ballari,
AZ,i-nformasiya-texnologiyalari--qku--g1--v1,1,False,2025,297.5,dim_score_700,False,QKU,İnformasiya texnologiyaları,I qrup,dövlət sifarişli,True,https://sec.az/kecid-ballari,
AZ,i-nformasiya-texnologiyalari--qku--g1--v2,2,False,2024,276.1,dim_score_700,False,QKU,İnformasiya texnologiyaları,I qrup,dövlət sifarişli,True,https://sec.az/kecid-ballari,
AZ,i-nformasiya-texnologiyalari--qku--g1--v2,2,False,2025,248.2,dim_score_700,False,QKU,İnformasiya texnologiyaları,I qrup,dövlət sifarişli,True,https://sec.az/kecid-ballari,
AZ,memarliq--bmu--g1--v1,1,False,2023,289.8,dim_score_700,False,BMU,Memarlıq,I qrup,dövlət sifarişli,True,https://sec.az/kecid-ballari,
AZ,memarliq--bmu--g1--v1,1,False,2024,303.6,dim_score_700,False,BMU,Memarlıq,I qrup,dövlət sifarişli,True,https://sec.az/kecid-ballari,
AZ,memarliq--bmu--g1--v1,1,False,2025,297.1,dim_score_700,False,BMU,Memarlıq,I qrup,dövlət sifarişli,True,https://sec.az/kecid-ballari,
AZ,memarliq--bmu--g1--v2,2,False,2023,290.9,dim_score_700,False,BMU,Memarlıq,I qrup,dövlət sifarişli,True,https://sec.az/kecid-ballari,
AZ,memarliq--bmu--g1--v2,2,False,2024,317.3,dim_score_700,False,BMU,Memarlıq,I qrup,dövlət sifarişli,True,https://sec.az/kecid-ballari,
AZ,memarliq--bmu--g1--v2,2,False,2025,295.9,dim_score_700,False,BMU,Memarlıq,I qrup,dövlət sifarişli,True,https://sec.az/kecid-ballari,
AZ,senaye-muhendisliyi--mdu--g1,,True,2023,280.5,dim_score_700,False,MDU,Sənaye mühəndisliyi,I qrup,dövlət sifarişli,True,https://sec.az/kecid-ballari,
AZ,senaye-muhendisliyi--mdu--g1,,True,2024,314.7,dim_score_700,False,MDU,Sənaye mühəndisliyi,I qrup,dövlət sifarişli,True,https://sec.az/kecid-ballari,
AZ,senaye-muhendisliyi--mdu--g1,,True,2025,296.4,dim_score_700,False,MDU,Sənaye mühəndisliyi,I qrup,dövlət sifarişli,True,https://sec.az/kecid-ballari,
AZ,memarliq--adra--g1,,True,2023,296.9,dim_score_700,False,ADRA,Memarlıq,I qrup,dövlət sifarişli,True,https://sec.az/kecid-ballari,
AZ,memarliq--adra--g1,,True,2024,304.3,dim_score_700,False,ADRA,Memarlıq,I qrup,dövlət sifarişli,True,https://sec.az/kecid-ballari,
AZ,memarliq--adra--g1,,True,2025,295.8,dim_score_700,False,ADRA,Memarlıq,I qrup,dövlət sifarişli,True,https://sec.az/kecid-ballari,
AZ,mexanika-muhendisliyi--khazar--g1,,True,2023,237.1,dim_score_700,False,Khazar,Mexanika mühəndisliyi,I qrup,dövlət sifarişli,True,https://sec.az/kecid-ballari,
AZ,mexanika-muhendisliyi--khazar--g1,,True,2024,283.0,dim_score_700,False,Khazar,Mexanika mühəndisliyi,I qrup,dövlət sifarişli,True,https://sec.az/kecid-ballari,
AZ,mexanika-muhendisliyi--khazar--g1,,True,2025,295.6,dim_score_700,False,Khazar,Mexanika mühəndisliyi,I qrup,dövlət sifarişli,True,https://sec.az/kecid-ballari,
AZ,yerqurulusu-ve-dasinmaz-emlakin-kadastri--bdu--g1,,True,2023,264.4,dim_score_700,False,BDU,Yerquruluşu və daşınmaz əmlakın kadastrı,I qrup,dövlət sifarişli,True,https://sec.az/kecid-ballari,
AZ,yerqurulusu-ve-dasinmaz-emlakin-kadastri--bdu--g1,,True,2024,290.6,dim_score_700,False,BDU,Yerquruluşu və daşınmaz əmlakın kadastrı,I qrup,dövlət sifarişli,True,https://sec.az/kecid-ballari,
AZ,yerqurulusu-ve-dasinmaz-emlakin-kadastri--bdu--g1,,True,2025,295.2,dim_score_700,False,BDU,Yerquruluşu və daşınmaz əmlakın kadastrı,I qrup,dövlət sifarişli,True,https://sec.az/kecid-ballari,
AZ,texnologiya-muellimliyi--ndu--g1,,True,2024,226.0,dim_score_700,False,NDU,Texnologiya müəllimliyi,I qrup,dövlət sifarişli,True,https://sec.az/kecid-ballari,
AZ,texnologiya-muellimliyi--ndu--g1,,True,2025,294.9,dim_score_700,False,NDU,Texnologiya müəllimliyi,I qrup,dövlət sifarişli,True,https://sec.az/kecid-ballari,
AZ,elektrik-ve-elektronika-muhendisliyi--aztu--g1--v1,1,False,2024,232.5,dim_score_700,False,AzTU,Elektrik və elektronika mühəndisliyi,I qrup,dövlət sifarişli,True,https://sec.az/kecid-ballari,
AZ,elektrik-ve-elektronika-muhendisliyi--aztu--g1--v1,1,False,2025,294.9,dim_score_700,False,AzTU,Elektrik və elektronika mühəndisliyi,I qrup,dövlət sifarişli,True,https://sec.az/kecid-ballari,
AZ,elektrik-ve-elektronika-muhendisliyi--aztu--g1--v2,2,False,2023,209.6,dim_score_700,False,AzTU,Elektrik və elektronika mühəndisliyi,I qrup,dövlət sifarişli,True,https://sec.az/kecid-ballari,
AZ,elektrik-ve-elektronika-muhendisliyi--aztu--g1--v2,2,False,2024,391.1,dim_score_700,False,AzTU,Elektrik və elektronika mühəndisliyi,I qrup,dövlət sifarişli,True,https://sec.az/kecid-ballari,
AZ,elektrik-ve-elektronika-muhendisliyi--aztu--g1--v2,2,False,2025,254.4,dim_score_700,False,AzTU,Elektrik və elektronika mühəndisliyi,I qrup,dövlət sifarişli,True,https://sec.az/kecid-ballari,
AZ,senaye-muhendisliyi--azmi-u--g1,,True,2023,274.5,dim_score_700,False,AzMİU,Sənaye mühəndisliyi,I qrup,dövlət sifarişli,True,https://sec.az/kecid-ballari,
AZ,senaye-muhendisliyi--azmi-u--g1,,True,2024,311.0,dim_score_700,False,AzMİU,Sənaye mühəndisliyi,I qrup,dövlət sifarişli,True,https://sec.az/kecid-ballari,
AZ,senaye-muhendisliyi--azmi-u--g1,,True,2025,294.1,dim_score_700,False,AzMİU,Sənaye mühəndisliyi,I qrup,dövlət sifarişli,True,https://sec.az/kecid-ballari,
AZ,senaye-muhendisliyi--aztu--g1,,True,2023,275.4,dim_score_700,False,AzTU,Sənaye mühəndisliyi,I qrup,dövlət sifarişli,True,https://sec.az/kecid-ballari,
AZ,senaye-muhendisliyi--aztu--g1,,True,2024,307.9,dim_score_700,False,AzTU,Sənaye mühəndisliyi,I qrup,dövlət sifarişli,True,https://sec.az/kecid-ballari,
AZ,senaye-muhendisliyi--aztu--g1,,True,2025,293.6,dim_score_700,False,AzTU,Sənaye mühəndisliyi,I qrup,dövlət sifarişli,True,https://sec.az/kecid-ballari,
AZ,komputer-elmleri--qku--g1--v1,1,False,2023,256.4,dim_score_700,False,QKU,Kompüter elmləri,I qrup,dövlət sifarişli,True,https://sec.az/kecid-ballari,
AZ,komputer-elmleri--qku--g1--v1,1,False,2024,293.6,dim_score_700,False,QKU,Kompüter elmləri,I qrup,dövlət sifarişli,True,https://sec.az/kecid-ballari,
AZ,komputer-elmleri--qku--g1--v1,1,False,2025,293.3,dim_score_700,False,QKU,Kompüter elmləri,I qrup,dövlət sifarişli,True,https://sec.az/kecid-ballari,
AZ,komputer-elmleri--qku--g1--v2,2,False,2024,293.6,dim_score_700,False,QKU,Kompüter elmləri,I qrup,dövlət sifarişli,True,https://sec.az/kecid-ballari,
AZ,komputer-elmleri--qku--g1--v2,2,False,2025,252.2,dim_score_700,False,QKU,Kompüter elmləri,I qrup,dövlət sifarişli,True,https://sec.az/kecid-ballari,
AZ,turizm-isinin-teskili--ndu--g2,,True,2023,237.1,dim_score_700,False,NDU,Turizm işinin təşkili,II qrup,dövlət sifarişli,True,https://sec.az/kecid-ballari,
AZ,turizm-isinin-teskili--ndu--g2,,True,2024,276.0,dim_score_700,False,NDU,Turizm işinin təşkili,II qrup,dövlət sifarişli,True,https://sec.az/kecid-ballari,
AZ,turizm-isinin-teskili--ndu--g2,,True,2025,293.0,dim_score_700,False,NDU,Turizm işinin təşkili,II qrup,dövlət sifarişli,True,https://sec.az/kecid-ballari,
AZ,ekologiya-muhendisliyi--atu-gence--g1,,True,2023,278.8,dim_score_700,False,ATU (Gəncə),Ekologiya mühəndisliyi,I qrup,dövlət sifarişli,True,https://sec.az/kecid-ballari,
AZ,ekologiya-muhendisliyi--atu-gence--g1,,True,2024,292.8,dim_score_700,False,ATU (Gəncə),Ekologiya mühəndisliyi,I qrup,dövlət sifarişli,True,https://sec.az/kecid-ballari,
AZ,ekologiya-muhendisliyi--atu-gence--g1,,True,2025,292.8,dim_score_700,False,ATU (Gəncə),Ekologiya mühəndisliyi,I qrup,dövlət sifarişli,True,https://sec.az/kecid-ballari,
AZ,menecment--qarabag-uni--g2,,True,2024,355.7,dim_score_700,False,Qarabağ Uni,Menecment,II qrup,dövlət sifarişli,True,https://sec.az/kecid-ballari,
AZ,menecment--qarabag-uni--g2,,True,2025,292.3,dim_score_700,False,Qarabağ Uni,Menecment,II qrup,dövlət sifarişli,True,https://sec.az/kecid-ballari,
AZ,radiotexnika-ve-telekommunikasiya-muhendisliyi--maa--g1,,True,2023,251.4,dim_score_700,False,MAA,Radiotexnika və telekommunikasiya mühəndisliyi,I qrup,dövlət sifarişli,True,https://sec.az/kecid-ballari,
AZ,radiotexnika-ve-telekommunikasiya-muhendisliyi--maa--g1,,True,2024,288.8,dim_score_700,False,MAA,Radiotexnika və telekommunikasiya mühəndisliyi,I qrup,dövlət sifarişli,True,https://sec.az/kecid-ballari,
AZ,radiotexnika-ve-telekommunikasiya-muhendisliyi--maa--g1,,True,2025,292.2,dim_score_700,False,MAA,Radiotexnika və telekommunikasiya mühəndisliyi,I qrup,dövlət sifarişli,True,https://sec.az/kecid-ballari,
AZ,muhasibat--qku--g2,,True,2023,291.7,dim_score_700,False,QKU,Mühasibat,II qrup,dövlət sifarişli,True,https://sec.az/kecid-ballari,
AZ,muhasibat--qku--g2,,True,2025,291.7,dim_score_700,False,QKU,Mühasibat,II qrup,dövlət sifarişli,True,https://sec.az/kecid-ballari,
AZ,ekologiya-muhendisliyi--adnsu--g1--v1,1,False,2023,273.6,dim_score_700,False,ADNSU,Ekologiya mühəndisliyi,I qrup,dövlət sifarişli,True,https://sec.az/kecid-ballari,
AZ,ekologiya-muhendisliyi--adnsu--g1--v1,1,False,2024,289.9,dim_score_700,False,ADNSU,Ekologiya mühəndisliyi,I qrup,dövlət sifarişli,True,https://sec.az/kecid-ballari,
AZ,ekologiya-muhendisliyi--adnsu--g1--v1,1,False,2025,291.6,dim_score_700,False,ADNSU,Ekologiya mühəndisliyi,I qrup,dövlət sifarişli,True,https://sec.az/kecid-ballari,
AZ,ekologiya-muhendisliyi--adnsu--g1--v2,2,False,2023,249.0,dim_score_700,False,ADNSU,Ekologiya mühəndisliyi,I qrup,dövlət sifarişli,True,https://sec.az/kecid-ballari,
AZ,ekologiya-muhendisliyi--adnsu--g1--v2,2,False,2024,259.9,dim_score_700,False,ADNSU,Ekologiya mühəndisliyi,I qrup,dövlət sifarişli,True,https://sec.az/kecid-ballari,
AZ,ekologiya-muhendisliyi--adnsu--g1--v2,2,False,2025,250.1,dim_score_700,False,ADNSU,Ekologiya mühəndisliyi,I qrup,dövlət sifarişli,True,https://sec.az/kecid-ballari,
AZ,mexanika-muhendisliyi--maa--g1,,True,2024,275.5,dim_score_700,False,MAA,Mexanika mühəndisliyi,I qrup,dövlət sifarişli,True,https://sec.az/kecid-ballari,
AZ,mexanika-muhendisliyi--maa--g1,,True,2025,291.6,dim_score_700,False,MAA,Mexanika mühəndisliyi,I qrup,dövlət sifarişli,True,https://sec.az/kecid-ballari,
AZ,ekologiya--qku--g4,,True,2023,208.1,dim_score_700,False,QKU,Ekologiya,IV qrup,dövlət sifarişli,True,https://sec.az/kecid-ballari,
AZ,ekologiya--qku--g4,,True,2024,219.7,dim_score_700,False,QKU,Ekologiya,IV qrup,dövlət sifarişli,True,https://sec.az/kecid-ballari,
AZ,ekologiya--qku--g4,,True,2025,290.0,dim_score_700,False,QKU,Ekologiya,IV qrup,dövlət sifarişli,True,https://sec.az/kecid-ballari,
AZ,turizm-isinin-teskili-qazax-filiali--bdu--g2,,True,2023,223.4,dim_score_700,False,BDU,Turizm işinin təşkili (Qazax filialı),II qrup,dövlət sifarişli,True,https://sec.az/kecid-ballari,
AZ,turizm-isinin-teskili-qazax-filiali--bdu--g2,,True,2024,289.4,dim_score_700,False,BDU,Turizm işinin təşkili (Qazax filialı),II qrup,dövlət sifarişli,True,https://sec.az/kecid-ballari,
AZ,turizm-isinin-teskili-qazax-filiali--bdu--g2,,True,2025,289.4,dim_score_700,False,BDU,Turizm işinin təşkili (Qazax filialı),II qrup,dövlət sifarişli,True,https://sec.az/kecid-ballari,
AZ,i-nformasiya-texnologiyalari--oyu--g1--v1,1,False,2023,305.2,dim_score_700,False,OYU,İnformasiya texnologiyaları,I qrup,dövlət sifarişli,True,https://sec.az/kecid-ballari,
AZ,i-nformasiya-texnologiyalari--oyu--g1--v1,1,False,2024,268.8,dim_score_700,False,OYU,İnformasiya texnologiyaları,I qrup,dövlət sifarişli,True,https://sec.az/kecid-ballari,
AZ,i-nformasiya-texnologiyalari--oyu--g1--v1,1,False,2025,289.0,dim_score_700,False,OYU,İnformasiya texnologiyaları,I qrup,dövlət sifarişli,True,https://sec.az/kecid-ballari,
AZ,i-nformasiya-texnologiyalari--oyu--g1--v2,2,False,2023,213.7,dim_score_700,False,OYU,İnformasiya texnologiyaları,I qrup,dövlət sifarişli,True,https://sec.az/kecid-ballari,
AZ,i-nformasiya-texnologiyalari--oyu--g1--v2,2,False,2024,245.0,dim_score_700,False,OYU,İnformasiya texnologiyaları,I qrup,dövlət sifarişli,True,https://sec.az/kecid-ballari,
AZ,i-nformasiya-texnologiyalari--oyu--g1--v2,2,False,2025,281.3,dim_score_700,False,OYU,İnformasiya texnologiyaları,I qrup,dövlət sifarişli,True,https://sec.az/kecid-ballari,
AZ,turizm-beledciliyi--atmu--g2--v1,1,False,2023,261.7,dim_score_700,False,ATMU,Turizm bələdçiliyi,II qrup,dövlət sifarişli,True,https://sec.az/kecid-ballari,
AZ,turizm-beledciliyi--atmu--g2--v1,1,False,2024,283.1,dim_score_700,False,ATMU,Turizm bələdçiliyi,II qrup,dövlət sifarişli,True,https://sec.az/kecid-ballari,
AZ,turizm-beledciliyi--atmu--g2--v1,1,False,2025,288.8,dim_score_700,False,ATMU,Turizm bələdçiliyi,II qrup,dövlət sifarişli,True,https://sec.az/kecid-ballari,
AZ,turizm-beledciliyi--atmu--g2--v2,2,False,2024,273.8,dim_score_700,False,ATMU,Turizm bələdçiliyi,II qrup,dövlət sifarişli,True,https://sec.az/kecid-ballari,
AZ,turizm-beledciliyi--atmu--g2--v2,2,False,2025,273.8,dim_score_700,False,ATMU,Turizm bələdçiliyi,II qrup,dövlət sifarişli,True,https://sec.az/kecid-ballari,
AZ,i-nformatika--sdu--g1,,True,2023,260.3,dim_score_700,False,SDU,İnformatika,I qrup,dövlət sifarişli,True,https://sec.az/kecid-ballari,
AZ,i-nformatika--sdu--g1,,True,2024,288.7,dim_score_700,False,SDU,İnformatika,I qrup,dövlət sifarişli,True,https://sec.az/kecid-ballari,
AZ,i-nformatika--sdu--g1,,True,2025,288.7,dim_score_700,False,SDU,İnformatika,I qrup,dövlət sifarişli,True,https://sec.az/kecid-ballari,
AZ,komputer-muhendisliyi--qku--g1--v1,1,False,2023,228.4,dim_score_700,False,QKU,Kompüter mühəndisliyi,I qrup,dövlət sifarişli,True,https://sec.az/kecid-ballari,
AZ,komputer-muhendisliyi--qku--g1--v1,1,False,2024,241.7,dim_score_700,False,QKU,Kompüter mühəndisliyi,I qrup,dövlət sifarişli,True,https://sec.az/kecid-ballari,
AZ,komputer-muhendisliyi--qku--g1--v1,1,False,2025,287.1,dim_score_700,False,QKU,Kompüter mühəndisliyi,I qrup,dövlət sifarişli,True,https://sec.az/kecid-ballari,
AZ,komputer-muhendisliyi--qku--g1--v2,2,False,2024,248.5,dim_score_700,False,QKU,Kompüter mühəndisliyi,I qrup,dövlət sifarişli,True,https://sec.az/kecid-ballari,
AZ,komputer-muhendisliyi--qku--g1--v2,2,False,2025,279.3,dim_score_700,False,QKU,Kompüter mühəndisliyi,I qrup,dövlət sifarişli,True,https://sec.az/kecid-ballari,
AZ,masin-muhendisliyi--atu-gence--g1,,True,2024,286.7,dim_score_700,False,ATU (Gəncə),Maşın mühəndisliyi,I qrup,dövlət sifarişli,True,https://sec.az/kecid-ballari,
AZ,masin-muhendisliyi--atu-gence--g1,,True,2025,286.7,dim_score_700,False,ATU (Gəncə),Maşın mühəndisliyi,I qrup,dövlət sifarişli,True,https://sec.az/kecid-ballari,
AZ,biologiya-muellimliyi--qarabag-uni--g4,,True,2025,286.2,dim_score_700,False,Qarabağ Uni,Biologiya müəllimliyi,IV qrup,dövlət sifarişli,True,https://sec.az/kecid-ballari,
AZ,turizm-isinin-teskili--khazar--g2,,True,2023,268.6,dim_score_700,False,Khazar,Turizm işinin təşkili,II qrup,dövlət sifarişli,True,https://sec.az/kecid-ballari,
AZ,turizm-isinin-teskili--khazar--g2,,True,2024,276.7,dim_score_700,False,Khazar,Turizm işinin təşkili,II qrup,dövlət sifarişli,True,https://sec.az/kecid-ballari,
AZ,turizm-isinin-teskili--khazar--g2,,True,2025,285.8,dim_score_700,False,Khazar,Turizm işinin təşkili,II qrup,dövlət sifarişli,True,https://sec.az/kecid-ballari,
AZ,i-btidai-sinif-muellimliyi--qarabag-uni--g3,,True,2025,284.2,dim_score_700,False,Qarabağ Uni,İbtidai sinif müəllimliyi,III qrup,dövlət sifarişli,True,https://sec.az/kecid-ballari,
AZ,ekologiya--sdu--g4,,True,2023,215.3,dim_score_700,False,SDU,Ekologiya,IV qrup,dövlət sifarişli,True,https://sec.az/kecid-ballari,
AZ,ekologiya--sdu--g4,,True,2024,251.5,dim_score_700,False,SDU,Ekologiya,IV qrup,dövlət sifarişli,True,https://sec.az/kecid-ballari,
AZ,ekologiya--sdu--g4,,True,2025,284.2,dim_score_700,False,SDU,Ekologiya,IV qrup,dövlət sifarişli,True,https://sec.az/kecid-ballari,
AZ,energetika-muhendisliyi--ndu--g1,,True,2024,395.3,dim_score_700,False,NDU,Energetika mühəndisliyi,I qrup,dövlət sifarişli,True,https://sec.az/kecid-ballari,
AZ,energetika-muhendisliyi--ndu--g1,,True,2025,283.6,dim_score_700,False,NDU,Energetika mühəndisliyi,I qrup,dövlət sifarişli,True,https://sec.az/kecid-ballari,
AZ,komputer-muhendisliyi--sdu--g1,,True,2023,203.1,dim_score_700,False,SDU,Kompüter mühəndisliyi,I qrup,dövlət sifarişli,True,https://sec.az/kecid-ballari,
AZ,komputer-muhendisliyi--sdu--g1,,True,2024,284.7,dim_score_700,False,SDU,Kompüter mühəndisliyi,I qrup,dövlət sifarişli,True,https://sec.az/kecid-ballari,
AZ,komputer-muhendisliyi--sdu--g1,,True,2025,283.3,dim_score_700,False,SDU,Kompüter mühəndisliyi,I qrup,dövlət sifarişli,True,https://sec.az/kecid-ballari,
AZ,turizm-isinin-teskili--sdu--g2--v1,1,False,2024,277.9,dim_score_700,False,SDU,Turizm işinin təşkili,II qrup,dövlət sifarişli,True,https://sec.az/kecid-ballari,
AZ,turizm-isinin-teskili--sdu--g2--v1,1,False,2025,283.2,dim_score_700,False,SDU,Turizm işinin təşkili,II qrup,dövlət sifarişli,True,https://sec.az/kecid-ballari,
AZ,turizm-isinin-teskili--sdu--g2--v2,2,False,2023,255.5,dim_score_700,False,SDU,Turizm işinin təşkili,II qrup,dövlət sifarişli,True,https://sec.az/kecid-ballari,
AZ,turizm-isinin-teskili--sdu--g2--v2,2,False,2024,290.7,dim_score_700,False,SDU,Turizm işinin təşkili,II qrup,dövlət sifarişli,True,https://sec.az/kecid-ballari,
AZ,turizm-isinin-teskili--sdu--g2--v2,2,False,2025,279.9,dim_score_700,False,SDU,Turizm işinin təşkili,II qrup,dövlət sifarişli,True,https://sec.az/kecid-ballari,
AZ,ekologiya-muhendisliyi--mdu--g1,,True,2023,247.8,dim_score_700,False,MDU,Ekologiya mühəndisliyi,I qrup,dövlət sifarişli,True,https://sec.az/kecid-ballari,
AZ,ekologiya-muhendisliyi--mdu--g1,,True,2024,256.5,dim_score_700,False,MDU,Ekologiya mühəndisliyi,I qrup,dövlət sifarişli,True,https://sec.az/kecid-ballari,
AZ,ekologiya-muhendisliyi--mdu--g1,,True,2025,283.0,dim_score_700,False,MDU,Ekologiya mühəndisliyi,I qrup,dövlət sifarişli,True,https://sec.az/kecid-ballari,
AZ,meliorasiya-muhendisliyi--ndu--g1,,True,2023,210.5,dim_score_700,False,NDU,Meliorasiya mühəndisliyi,I qrup,dövlət sifarişli,True,https://sec.az/kecid-ballari,
AZ,meliorasiya-muhendisliyi--ndu--g1,,True,2024,273.9,dim_score_700,False,NDU,Meliorasiya mühəndisliyi,I qrup,dövlət sifarişli,True,https://sec.az/kecid-ballari,
AZ,meliorasiya-muhendisliyi--ndu--g1,,True,2025,282.9,dim_score_700,False,NDU,Meliorasiya mühəndisliyi,I qrup,dövlət sifarişli,True,https://sec.az/kecid-ballari,
AZ,ekologiya-muhendisliyi--maa--g1,,True,2023,250.9,dim_score_700,False,MAA,Ekologiya mühəndisliyi,I qrup,dövlət sifarişli,True,https://sec.az/kecid-ballari,
AZ,ekologiya-muhendisliyi--maa--g1,,True,2024,271.4,dim_score_700,False,MAA,Ekologiya mühəndisliyi,I qrup,dövlət sifarişli,True,https://sec.az/kecid-ballari,
AZ,ekologiya-muhendisliyi--maa--g1,,True,2025,282.7,dim_score_700,False,MAA,Ekologiya mühəndisliyi,I qrup,dövlət sifarişli,True,https://sec.az/kecid-ballari,
AZ,elektrik-ve-elektronika-muhendisliyi--bmu--g1--v1,1,False,2023,283.0,dim_score_700,False,BMU,Elektrik və elektronika mühəndisliyi,I qrup,dövlət sifarişli,True,https://sec.az/kecid-ballari,
AZ,elektrik-ve-elektronika-muhendisliyi--bmu--g1--v1,1,False,2024,271.3,dim_score_700,False,BMU,Elektrik və elektronika mühəndisliyi,I qrup,dövlət sifarişli,True,https://sec.az/kecid-ballari,
AZ,elektrik-ve-elektronika-muhendisliyi--bmu--g1--v1,1,False,2025,281.0,dim_score_700,False,BMU,Elektrik və elektronika mühəndisliyi,I qrup,dövlət sifarişli,True,https://sec.az/kecid-ballari,
AZ,elektrik-ve-elektronika-muhendisliyi--bmu--g1--v2,2,False,2023,273.3,dim_score_700,False,BMU,Elektrik və elektronika mühəndisliyi,I qrup,dövlət sifarişli,True,https://sec.az/kecid-ballari,
AZ,elektrik-ve-elektronika-muhendisliyi--bmu--g1--v2,2,False,2024,237.9,dim_score_700,False,BMU,Elektrik və elektronika mühəndisliyi,I qrup,dövlət sifarişli,True,https://sec.az/kecid-ballari,
AZ,elektrik-ve-elektronika-muhendisliyi--bmu--g1--v2,2,False,2025,224.3,dim_score_700,False,BMU,Elektrik və elektronika mühəndisliyi,I qrup,dövlət sifarişli,True,https://sec.az/kecid-ballari,
AZ,materiallar-muhendisliyi--aztu--g1--v1,1,False,2023,215.3,dim_score_700,False,AzTU,Materiallar mühəndisliyi,I qrup,dövlət sifarişli,True,https://sec.az/kecid-ballari,
AZ,materiallar-muhendisliyi--aztu--g1--v1,1,False,2025,280.8,dim_score_700,False,AzTU,Materiallar mühəndisliyi,I qrup,dövlət sifarişli,True,https://sec.az/kecid-ballari,
AZ,materiallar-muhendisliyi--aztu--g1--v2,2,False,2025,211.6,dim_score_700,False,AzTU,Materiallar mühəndisliyi,I qrup,dövlət sifarişli,True,https://sec.az/kecid-ballari,
AZ,logistika-ve-neqliyyat-texnologiyalari-muhendisliyi--qarabag-uni--g1,,True,2024,376.7,dim_score_700,False,Qarabağ Uni,Logistika və nəqliyyat texnologiyaları mühəndisliyi,I qrup,dövlət sifarişli,True,https://sec.az/kecid-ballari,
AZ,logistika-ve-neqliyyat-texnologiyalari-muhendisliyi--qarabag-uni--g1,,True,2025,280.8,dim_score_700,False,Qarabağ Uni,Logistika və nəqliyyat texnologiyaları mühəndisliyi,I qrup,dövlət sifarişli,True,https://sec.az/kecid-ballari,
AZ,ekologiya-muhendisliyi--qku--g1,,True,2025,279.3,dim_score_700,False,QKU,Ekologiya mühəndisliyi,I qrup,dövlət sifarişli,True,https://sec.az/kecid-ballari,
AZ,i-dman-menecmenti-ve-kommunikasiya--adbti-a--g2--v1,1,False,2023,238.6,dim_score_700,False,ADBTİA,İdman menecmenti və kommunikasiya,II qrup,dövlət sifarişli,True,https://sec.az/kecid-ballari,
AZ,i-dman-menecmenti-ve-kommunikasiya--adbti-a--g2--v1,1,False,2024,258.8,dim_score_700,False,ADBTİA,İdman menecmenti və kommunikasiya,II qrup,dövlət sifarişli,True,https://sec.az/kecid-ballari,
AZ,i-dman-menecmenti-ve-kommunikasiya--adbti-a--g2--v1,1,False,2025,278.2,dim_score_700,False,ADBTİA,İdman menecmenti və kommunikasiya,II qrup,dövlət sifarişli,True,https://sec.az/kecid-ballari,
AZ,i-dman-menecmenti-ve-kommunikasiya--adbti-a--g2--v2,2,False,2023,234.7,dim_score_700,False,ADBTİA,İdman menecmenti və kommunikasiya,II qrup,dövlət sifarişli,True,https://sec.az/kecid-ballari,
AZ,i-dman-menecmenti-ve-kommunikasiya--adbti-a--g2--v2,2,False,2024,258.6,dim_score_700,False,ADBTİA,İdman menecmenti və kommunikasiya,II qrup,dövlət sifarişli,True,https://sec.az/kecid-ballari,
AZ,i-dman-menecmenti-ve-kommunikasiya--adbti-a--g2--v2,2,False,2025,278.0,dim_score_700,False,ADBTİA,İdman menecmenti və kommunikasiya,II qrup,dövlət sifarişli,True,https://sec.az/kecid-ballari,
AZ,i-dman-menecmenti-ve-kommunikasiya--adbti-a--g2--v3,3,False,2024,265.6,dim_score_700,False,ADBTİA,İdman menecmenti və kommunikasiya,II qrup,dövlət sifarişli,True,https://sec.az/kecid-ballari,
AZ,i-dman-menecmenti-ve-kommunikasiya--adbti-a--g2--v3,3,False,2025,265.6,dim_score_700,False,ADBTİA,İdman menecmenti və kommunikasiya,II qrup,dövlət sifarişli,True,https://sec.az/kecid-ballari,
AZ,ekologiya-muhendisliyi--bmu--g1--v1,1,False,2023,264.5,dim_score_700,False,BMU,Ekologiya mühəndisliyi,I qrup,dövlət sifarişli,True,https://sec.az/kecid-ballari,
AZ,ekologiya-muhendisliyi--bmu--g1--v1,1,False,2024,277.6,dim_score_700,False,BMU,Ekologiya mühəndisliyi,I qrup,dövlət sifarişli,True,https://sec.az/kecid-ballari,
AZ,ekologiya-muhendisliyi--bmu--g1--v1,1,False,2025,277.6,dim_score_700,False,BMU,Ekologiya mühəndisliyi,I qrup,dövlət sifarişli,True,https://sec.az/kecid-ballari,
AZ,ekologiya-muhendisliyi--bmu--g1--v2,2,False,2023,234.1,dim_score_700,False,BMU,Ekologiya mühəndisliyi,I qrup,dövlət sifarişli,True,https://sec.az/kecid-ballari,
AZ,ekologiya-muhendisliyi--bmu--g1--v2,2,False,2024,245.7,dim_score_700,False,BMU,Ekologiya mühəndisliyi,I qrup,dövlət sifarişli,True,https://sec.az/kecid-ballari,
AZ,ekologiya-muhendisliyi--bmu--g1--v2,2,False,2025,240.9,dim_score_700,False,BMU,Ekologiya mühəndisliyi,I qrup,dövlət sifarişli,True,https://sec.az/kecid-ballari,
AZ,riyaziyyat-ve-informatika--khazar--g1,,True,2023,265.6,dim_score_700,False,Khazar,Riyaziyyat və informatika,I qrup,dövlət sifarişli,True,https://sec.az/kecid-ballari,
AZ,riyaziyyat-ve-informatika--khazar--g1,,True,2024,371.8,dim_score_700,False,Khazar,Riyaziyyat və informatika,I qrup,dövlət sifarişli,True,https://sec.az/kecid-ballari,
AZ,riyaziyyat-ve-informatika--khazar--g1,,True,2025,276.8,dim_score_700,False,Khazar,Riyaziyyat və informatika,I qrup,dövlət sifarişli,True,https://sec.az/kecid-ballari,
AZ,radiotexnika-ve-telekommunikasiya-muhendisliyi--khazar--g1,,True,2023,226.6,dim_score_700,False,Khazar,Radiotexnika və telekommunikasiya mühəndisliyi,I qrup,dövlət sifarişli,True,https://sec.az/kecid-ballari,
AZ,radiotexnika-ve-telekommunikasiya-muhendisliyi--khazar--g1,,True,2024,276.0,dim_score_700,False,Khazar,Radiotexnika və telekommunikasiya mühəndisliyi,I qrup,dövlət sifarişli,True,https://sec.az/kecid-ballari,
AZ,radiotexnika-ve-telekommunikasiya-muhendisliyi--khazar--g1,,True,2025,276.0,dim_score_700,False,Khazar,Radiotexnika və telekommunikasiya mühəndisliyi,I qrup,dövlət sifarişli,True,https://sec.az/kecid-ballari,
AZ,yerqurulusu-ve-dasinmaz-emlakin-kadastri--azmi-u--g1--v1,1,False,2023,235.7,dim_score_700,False,AzMİU,Yerquruluşu və daşınmaz əmlakın kadastrı,I qrup,dövlət sifarişli,True,https://sec.az/kecid-ballari,
AZ,yerqurulusu-ve-dasinmaz-emlakin-kadastri--azmi-u--g1--v1,1,False,2024,269.4,dim_score_700,False,AzMİU,Yerquruluşu və daşınmaz əmlakın kadastrı,I qrup,dövlət sifarişli,True,https://sec.az/kecid-ballari,
AZ,yerqurulusu-ve-dasinmaz-emlakin-kadastri--azmi-u--g1--v1,1,False,2025,275.8,dim_score_700,False,AzMİU,Yerquruluşu və daşınmaz əmlakın kadastrı,I qrup,dövlət sifarişli,True,https://sec.az/kecid-ballari,
AZ,yerqurulusu-ve-dasinmaz-emlakin-kadastri--azmi-u--g1--v2,2,False,2023,228.4,dim_score_700,False,AzMİU,Yerquruluşu və daşınmaz əmlakın kadastrı,I qrup,dövlət sifarişli,True,https://sec.az/kecid-ballari,
AZ,yerqurulusu-ve-dasinmaz-emlakin-kadastri--azmi-u--g1--v2,2,False,2024,250.6,dim_score_700,False,AzMİU,Yerquruluşu və daşınmaz əmlakın kadastrı,I qrup,dövlət sifarişli,True,https://sec.az/kecid-ballari,
AZ,yerqurulusu-ve-dasinmaz-emlakin-kadastri--azmi-u--g1--v2,2,False,2025,258.8,dim_score_700,False,AzMİU,Yerquruluşu və daşınmaz əmlakın kadastrı,I qrup,dövlət sifarişli,True,https://sec.az/kecid-ballari,
AZ,riyaziyyat-ve-informatika--bdu--g1,,True,2023,212.8,dim_score_700,False,BDU,Riyaziyyat və informatika,I qrup,dövlət sifarişli,True,https://sec.az/kecid-ballari,
AZ,riyaziyyat-ve-informatika--bdu--g1,,True,2024,308.4,dim_score_700,False,BDU,Riyaziyyat və informatika,I qrup,dövlət sifarişli,True,https://sec.az/kecid-ballari,
AZ,riyaziyyat-ve-informatika--bdu--g1,,True,2025,275.8,dim_score_700,False,BDU,Riyaziyyat və informatika,I qrup,dövlət sifarişli,True,https://sec.az/kecid-ballari,
AZ,baytarliq-tebabeti-tedris-ingilis-dilinde--adau--g4,,True,2023,245.5,dim_score_700,False,ADAU,Baytarlıq təbabəti (tədris ingilis dilində),IV qrup,dövlət sifarişli,True,https://sec.az/kecid-ballari,
AZ,baytarliq-tebabeti-tedris-ingilis-dilinde--adau--g4,,True,2024,266.5,dim_score_700,False,ADAU,Baytarlıq təbabəti (tədris ingilis dilində),IV qrup,dövlət sifarişli,True,https://sec.az/kecid-ballari,
AZ,baytarliq-tebabeti-tedris-ingilis-dilinde--adau--g4,,True,2025,275.8,dim_score_700,False,ADAU,Baytarlıq təbabəti (tədris ingilis dilində),IV qrup,dövlət sifarişli,True,https://sec.az/kecid-ballari,
AZ,texnologiya-muellimliyi--ldu--g1,,True,2025,275.4,dim_score_700,False,LDU,Texnologiya müəllimliyi,I qrup,dövlət sifarişli,True,https://sec.az/kecid-ballari,
AZ,tarix-ve-cografiya-muellimliyi--ldu--g2,,True,2023,277.4,dim_score_700,False,LDU,Tarix və coğrafiya müəllimliyi,II qrup,dövlət sifarişli,True,https://sec.az/kecid-ballari,
AZ,tarix-ve-cografiya-muellimliyi--ldu--g2,,True,2024,307.9,dim_score_700,False,LDU,Tarix və coğrafiya müəllimliyi,II qrup,dövlət sifarişli,True,https://sec.az/kecid-ballari,
AZ,tarix-ve-cografiya-muellimliyi--ldu--g2,,True,2025,274.1,dim_score_700,False,LDU,Tarix və coğrafiya müəllimliyi,II qrup,dövlət sifarişli,True,https://sec.az/kecid-ballari,
AZ,tarix-ve-cografiya-muellimliyi--bdu--g2,,True,2023,279.2,dim_score_700,False,BDU,Tarix və coğrafiya müəllimliyi,II qrup,dövlət sifarişli,True,https://sec.az/kecid-ballari,
AZ,tarix-ve-cografiya-muellimliyi--bdu--g2,,True,2024,311.3,dim_score_700,False,BDU,Tarix və coğrafiya müəllimliyi,II qrup,dövlət sifarişli,True,https://sec.az/kecid-ballari,
AZ,tarix-ve-cografiya-muellimliyi--bdu--g2,,True,2025,274.1,dim_score_700,False,BDU,Tarix və coğrafiya müəllimliyi,II qrup,dövlət sifarişli,True,https://sec.az/kecid-ballari,
AZ,metallurgiya-muhendisliyi--atu-gence--g1,,True,2024,274.0,dim_score_700,False,ATU (Gəncə),Metallurgiya mühəndisliyi,I qrup,dövlət sifarişli,True,https://sec.az/kecid-ballari,
AZ,metallurgiya-muhendisliyi--atu-gence--g1,,True,2025,274.0,dim_score_700,False,ATU (Gəncə),Metallurgiya mühəndisliyi,I qrup,dövlət sifarişli,True,https://sec.az/kecid-ballari,
AZ,kimya-muhendisliyi--gdu--g1,,True,2023,273.5,dim_score_700,False,GDU,Kimya mühəndisliyi,I qrup,dövlət sifarişli,True,https://sec.az/kecid-ballari,
AZ,kimya-muhendisliyi--gdu--g1,,True,2025,273.5,dim_score_700,False,GDU,Kimya mühəndisliyi,I qrup,dövlət sifarişli,True,https://sec.az/kecid-ballari,
AZ,i-nsaat-muhendisliyi--qarabag-uni--g1,,True,2024,363.9,dim_score_700,False,Qarabağ Uni,İnşaat mühəndisliyi,I qrup,dövlət sifarişli,True,https://sec.az/kecid-ballari,
AZ,i-nsaat-muhendisliyi--qarabag-uni--g1,,True,2025,273.2,dim_score_700,False,Qarabağ Uni,İnşaat mühəndisliyi,I qrup,dövlət sifarişli,True,https://sec.az/kecid-ballari,
AZ,turizm-beledciliyi--admi-u--g2,,True,2023,257.1,dim_score_700,False,ADMİU,Turizm bələdçiliyi,II qrup,dövlət sifarişli,True,https://sec.az/kecid-ballari,
AZ,turizm-beledciliyi--admi-u--g2,,True,2024,271.6,dim_score_700,False,ADMİU,Turizm bələdçiliyi,II qrup,dövlət sifarişli,True,https://sec.az/kecid-ballari,
AZ,turizm-beledciliyi--admi-u--g2,,True,2025,272.8,dim_score_700,False,ADMİU,Turizm bələdçiliyi,II qrup,dövlət sifarişli,True,https://sec.az/kecid-ballari,
AZ,komputer-elmleri--gdu--g1,,True,2023,265.8,dim_score_700,False,GDU,Kompüter elmləri,I qrup,dövlət sifarişli,True,https://sec.az/kecid-ballari,
AZ,komputer-elmleri--gdu--g1,,True,2024,299.5,dim_score_700,False,GDU,Kompüter elmləri,I qrup,dövlət sifarişli,True,https://sec.az/kecid-ballari,
AZ,komputer-elmleri--gdu--g1,,True,2025,272.6,dim_score_700,False,GDU,Kompüter elmləri,I qrup,dövlət sifarişli,True,https://sec.az/kecid-ballari,
AZ,fizika--sdu--g1,,True,2023,252.1,dim_score_700,False,SDU,Fizika,I qrup,dövlət sifarişli,True,https://sec.az/kecid-ballari,
AZ,fizika--sdu--g1,,True,2024,287.5,dim_score_700,False,SDU,Fizika,I qrup,dövlət sifarişli,True,https://sec.az/kecid-ballari,
AZ,fizika--sdu--g1,,True,2025,272.5,dim_score_700,False,SDU,Fizika,I qrup,dövlət sifarişli,True,https://sec.az/kecid-ballari,
AZ,turizm-isinin-teskili--aku--g2,,True,2023,230.9,dim_score_700,False,AKU,Turizm işinin təşkili,II qrup,dövlət sifarişli,True,https://sec.az/kecid-ballari,
AZ,turizm-isinin-teskili--aku--g2,,True,2024,274.8,dim_score_700,False,AKU,Turizm işinin təşkili,II qrup,dövlət sifarişli,True,https://sec.az/kecid-ballari,
AZ,turizm-isinin-teskili--aku--g2,,True,2025,271.1,dim_score_700,False,AKU,Turizm işinin təşkili,II qrup,dövlət sifarişli,True,https://sec.az/kecid-ballari,
AZ,komputer-muhendisliyi--mdu--g1,,True,2023,275.2,dim_score_700,False,MDU,Kompüter mühəndisliyi,I qrup,dövlət sifarişli,True,https://sec.az/kecid-ballari,
AZ,komputer-muhendisliyi--mdu--g1,,True,2024,258.6,dim_score_700,False,MDU,Kompüter mühəndisliyi,I qrup,dövlət sifarişli,True,https://sec.az/kecid-ballari,
AZ,komputer-muhendisliyi--mdu--g1,,True,2025,270.5,dim_score_700,False,MDU,Kompüter mühəndisliyi,I qrup,dövlət sifarişli,True,https://sec.az/kecid-ballari,
AZ,torpaqsunasliq-ve-aqrokimya--bdu--g1,,True,2023,238.5,dim_score_700,False,BDU,Torpaqşünaslıq və aqrokimya,I qrup,dövlət sifarişli,True,https://sec.az/kecid-ballari,
AZ,torpaqsunasliq-ve-aqrokimya--bdu--g1,,True,2024,267.2,dim_score_700,False,BDU,Torpaqşünaslıq və aqrokimya,I qrup,dövlət sifarişli,True,https://sec.az/kecid-ballari,
AZ,torpaqsunasliq-ve-aqrokimya--bdu--g1,,True,2025,270.5,dim_score_700,False,BDU,Torpaqşünaslıq və aqrokimya,I qrup,dövlət sifarişli,True,https://sec.az/kecid-ballari,
AZ,bitki-muhafizesi--bdu--g4,,True,2023,235.6,dim_score_700,False,BDU,Bitki mühafizəsi,IV qrup,dövlət sifarişli,True,https://sec.az/kecid-ballari,
AZ,bitki-muhafizesi--bdu--g4,,True,2024,252.6,dim_score_700,False,BDU,Bitki mühafizəsi,IV qrup,dövlət sifarişli,True,https://sec.az/kecid-ballari,
AZ,bitki-muhafizesi--bdu--g4,,True,2025,270.4,dim_score_700,False,BDU,Bitki mühafizəsi,IV qrup,dövlət sifarişli,True,https://sec.az/kecid-ballari,
AZ,turizm-isinin-teskili--gdu--g2,,True,2023,228.5,dim_score_700,False,GDU,Turizm işinin təşkili,II qrup,dövlət sifarişli,True,https://sec.az/kecid-ballari,
AZ,turizm-isinin-teskili--gdu--g2,,True,2024,275.0,dim_score_700,False,GDU,Turizm işinin təşkili,II qrup,dövlət sifarişli,True,https://sec.az/kecid-ballari,
AZ,turizm-isinin-teskili--gdu--g2,,True,2025,270.0,dim_score_700,False,GDU,Turizm işinin təşkili,II qrup,dövlət sifarişli,True,https://sec.az/kecid-ballari,
AZ,radiotexnika-ve-telekommunikasiya-muhendisliyi--atu-gence--g1,,True,2023,216.8,dim_score_700,False,ATU (Gəncə),Radiotexnika və telekommunikasiya mühəndisliyi,I qrup,dövlət sifarişli,True,https://sec.az/kecid-ballari,
AZ,radiotexnika-ve-telekommunikasiya-muhendisliyi--atu-gence--g1,,True,2024,306.3,dim_score_700,False,ATU (Gəncə),Radiotexnika və telekommunikasiya mühəndisliyi,I qrup,dövlət sifarişli,True,https://sec.az/kecid-ballari,
AZ,radiotexnika-ve-telekommunikasiya-muhendisliyi--atu-gence--g1,,True,2025,269.7,dim_score_700,False,ATU (Gəncə),Radiotexnika və telekommunikasiya mühəndisliyi,I qrup,dövlət sifarişli,True,https://sec.az/kecid-ballari,
AZ,ekologiya--oyu--g4,,True,2023,237.0,dim_score_700,False,OYU,Ekologiya,IV qrup,dövlət sifarişli,True,https://sec.az/kecid-ballari,
AZ,ekologiya--oyu--g4,,True,2024,238.8,dim_score_700,False,OYU,Ekologiya,IV qrup,dövlət sifarişli,True,https://sec.az/kecid-ballari,
AZ,ekologiya--oyu--g4,,True,2025,269.6,dim_score_700,False,OYU,Ekologiya,IV qrup,dövlət sifarişli,True,https://sec.az/kecid-ballari,
AZ,i-nformasiya-texnologiyalari--baau--g1,,True,2023,202.9,dim_score_700,False,BAAU,İnformasiya texnologiyaları,I qrup,dövlət sifarişli,True,https://sec.az/kecid-ballari,
AZ,i-nformasiya-texnologiyalari--baau--g1,,True,2024,204.4,dim_score_700,False,BAAU,İnformasiya texnologiyaları,I qrup,dövlət sifarişli,True,https://sec.az/kecid-ballari,
AZ,i-nformasiya-texnologiyalari--baau--g1,,True,2025,268.6,dim_score_700,False,BAAU,İnformasiya texnologiyaları,I qrup,dövlət sifarişli,True,https://sec.az/kecid-ballari,
AZ,komputer-muhendisliyi--oyu--g1--v1,1,False,2023,214.7,dim_score_700,False,OYU,Kompüter mühəndisliyi,I qrup,dövlət sifarişli,True,https://sec.az/kecid-ballari,
AZ,komputer-muhendisliyi--oyu--g1--v1,1,False,2024,241.3,dim_score_700,False,OYU,Kompüter mühəndisliyi,I qrup,dövlət sifarişli,True,https://sec.az/kecid-ballari,
AZ,komputer-muhendisliyi--oyu--g1--v1,1,False,2025,268.6,dim_score_700,False,OYU,Kompüter mühəndisliyi,I qrup,dövlət sifarişli,True,https://sec.az/kecid-ballari,
AZ,komputer-muhendisliyi--oyu--g1--v2,2,False,2023,264.2,dim_score_700,False,OYU,Kompüter mühəndisliyi,I qrup,dövlət sifarişli,True,https://sec.az/kecid-ballari,
AZ,komputer-muhendisliyi--oyu--g1--v2,2,False,2024,336.2,dim_score_700,False,OYU,Kompüter mühəndisliyi,I qrup,dövlət sifarişli,True,https://sec.az/kecid-ballari,
AZ,komputer-muhendisliyi--oyu--g1--v2,2,False,2025,253.0,dim_score_700,False,OYU,Kompüter mühəndisliyi,I qrup,dövlət sifarişli,True,https://sec.az/kecid-ballari,
AZ,turizm-beledciliyi--aku--g2,,True,2025,268.1,dim_score_700,False,AKU,Turizm bələdçiliyi,II qrup,dövlət sifarişli,True,https://sec.az/kecid-ballari,
AZ,ekologiya-muhendisliyi--azmi-u--g1--v1,1,False,2023,290.3,dim_score_700,False,AzMİU,Ekologiya mühəndisliyi,I qrup,dövlət sifarişli,True,https://sec.az/kecid-ballari,
AZ,ekologiya-muhendisliyi--azmi-u--g1--v1,1,False,2024,300.8,dim_score_700,False,AzMİU,Ekologiya mühəndisliyi,I qrup,dövlət sifarişli,True,https://sec.az/kecid-ballari,
AZ,ekologiya-muhendisliyi--azmi-u--g1--v1,1,False,2025,267.8,dim_score_700,False,AzMİU,Ekologiya mühəndisliyi,I qrup,dövlət sifarişli,True,https://sec.az/kecid-ballari,
AZ,ekologiya-muhendisliyi--azmi-u--g1--v2,2,False,2023,227.5,dim_score_700,False,AzMİU,Ekologiya mühəndisliyi,I qrup,dövlət sifarişli,True,https://sec.az/kecid-ballari,
AZ,ekologiya-muhendisliyi--azmi-u--g1--v2,2,False,2024,242.7,dim_score_700,False,AzMİU,Ekologiya mühəndisliyi,I qrup,dövlət sifarişli,True,https://sec.az/kecid-ballari,
AZ,ekologiya-muhendisliyi--azmi-u--g1--v2,2,False,2025,244.7,dim_score_700,False,AzMİU,Ekologiya mühəndisliyi,I qrup,dövlət sifarişli,True,https://sec.az/kecid-ballari,
AZ,turizm-isinin-teskili--au--g2--v1,1,False,2025,267.6,dim_score_700,False,AU,Turizm işinin təşkili,II qrup,dövlət sifarişli,True,https://sec.az/kecid-ballari,
AZ,turizm-isinin-teskili--au--g2--v2,2,False,2023,223.3,dim_score_700,False,AU,Turizm işinin təşkili,II qrup,dövlət sifarişli,True,https://sec.az/kecid-ballari,
AZ,turizm-isinin-teskili--au--g2--v2,2,False,2024,273.9,dim_score_700,False,AU,Turizm işinin təşkili,II qrup,dövlət sifarişli,True,https://sec.az/kecid-ballari,
AZ,turizm-isinin-teskili--au--g2--v2,2,False,2025,255.3,dim_score_700,False,AU,Turizm işinin təşkili,II qrup,dövlət sifarişli,True,https://sec.az/kecid-ballari,
AZ,logistika-ve-neqliyyat-texnologiyalari-muhendisliyi--bmu--g1--v1,1,False,2023,210.3,dim_score_700,False,BMU,Logistika və nəqliyyat texnologiyaları mühəndisliyi,I qrup,dövlət sifarişli,True,https://sec.az/kecid-ballari,
AZ,logistika-ve-neqliyyat-texnologiyalari-muhendisliyi--bmu--g1--v1,1,False,2024,270.4,dim_score_700,False,BMU,Logistika və nəqliyyat texnologiyaları mühəndisliyi,I qrup,dövlət sifarişli,True,https://sec.az/kecid-ballari,
AZ,logistika-ve-neqliyyat-texnologiyalari-muhendisliyi--bmu--g1--v1,1,False,2025,267.3,dim_score_700,False,BMU,Logistika və nəqliyyat texnologiyaları mühəndisliyi,I qrup,dövlət sifarişli,True,https://sec.az/kecid-ballari,
AZ,logistika-ve-neqliyyat-texnologiyalari-muhendisliyi--bmu--g1--v2,2,False,2023,251.4,dim_score_700,False,BMU,Logistika və nəqliyyat texnologiyaları mühəndisliyi,I qrup,dövlət sifarişli,True,https://sec.az/kecid-ballari,
AZ,logistika-ve-neqliyyat-texnologiyalari-muhendisliyi--bmu--g1--v2,2,False,2024,269.3,dim_score_700,False,BMU,Logistika və nəqliyyat texnologiyaları mühəndisliyi,I qrup,dövlət sifarişli,True,https://sec.az/kecid-ballari,
AZ,logistika-ve-neqliyyat-texnologiyalari-muhendisliyi--bmu--g1--v2,2,False,2025,221.8,dim_score_700,False,BMU,Logistika və nəqliyyat texnologiyaları mühəndisliyi,I qrup,dövlət sifarişli,True,https://sec.az/kecid-ballari,
AZ,turizm-isinin-teskili--qku--g2--v1,1,False,2024,274.0,dim_score_700,False,QKU,Turizm işinin təşkili,II qrup,dövlət sifarişli,True,https://sec.az/kecid-ballari,
AZ,turizm-isinin-teskili--qku--g2--v1,1,False,2025,267.1,dim_score_700,False,QKU,Turizm işinin təşkili,II qrup,dövlət sifarişli,True,https://sec.az/kecid-ballari,
AZ,turizm-isinin-teskili--qku--g2--v2,2,False,2023,232.9,dim_score_700,False,QKU,Turizm işinin təşkili,II qrup,dövlət sifarişli,True,https://sec.az/kecid-ballari,
AZ,turizm-isinin-teskili--qku--g2--v2,2,False,2024,274.4,dim_score_700,False,QKU,Turizm işinin təşkili,II qrup,dövlət sifarişli,True,https://sec.az/kecid-ballari,
AZ,turizm-isinin-teskili--qku--g2--v2,2,False,2025,257.3,dim_score_700,False,QKU,Turizm işinin təşkili,II qrup,dövlət sifarişli,True,https://sec.az/kecid-ballari,
AZ,logistika-ve-neqliyyat-texnologiyalari-muhendisliyi--adau--g1,,True,2024,312.6,dim_score_700,False,ADAU,Logistika və nəqliyyat texnologiyaları mühəndisliyi,I qrup,dövlət sifarişli,True,https://sec.az/kecid-ballari,
AZ,logistika-ve-neqliyyat-texnologiyalari-muhendisliyi--adau--g1,,True,2025,267.1,dim_score_700,False,ADAU,Logistika və nəqliyyat texnologiyaları mühəndisliyi,I qrup,dövlət sifarişli,True,https://sec.az/kecid-ballari,
AZ,ekologiya-muhendisliyi--bdu--g1,,True,2024,272.2,dim_score_700,False,BDU,Ekologiya mühəndisliyi,I qrup,dövlət sifarişli,True,https://sec.az/kecid-ballari,
AZ,ekologiya-muhendisliyi--bdu--g1,,True,2025,266.5,dim_score_700,False,BDU,Ekologiya mühəndisliyi,I qrup,dövlət sifarişli,True,https://sec.az/kecid-ballari,
AZ,su-bioehtiyatlari-ve-akvakultura--bdu--g4,,True,2023,232.6,dim_score_700,False,BDU,Su bioehtiyatları və akvakultura,IV qrup,dövlət sifarişli,True,https://sec.az/kecid-ballari,
AZ,su-bioehtiyatlari-ve-akvakultura--bdu--g4,,True,2024,249.3,dim_score_700,False,BDU,Su bioehtiyatları və akvakultura,IV qrup,dövlət sifarişli,True,https://sec.az/kecid-ballari,
AZ,su-bioehtiyatlari-ve-akvakultura--bdu--g4,,True,2025,266.2,dim_score_700,False,BDU,Su bioehtiyatları və akvakultura,IV qrup,dövlət sifarişli,True,https://sec.az/kecid-ballari,
AZ,geologiya-ve-geofizika-muhendisliyi--bdu--g1--v1,1,False,2023,244.6,dim_score_700,False,BDU,Geologiya və geofizika mühəndisliyi,I qrup,dövlət sifarişli,True,https://sec.az/kecid-ballari,
AZ,geologiya-ve-geofizika-muhendisliyi--bdu--g1--v1,1,False,2024,248.0,dim_score_700,False,BDU,Geologiya və geofizika mühəndisliyi,I qrup,dövlət sifarişli,True,https://sec.az/kecid-ballari,
AZ,geologiya-ve-geofizika-muhendisliyi--bdu--g1--v1,1,False,2025,266.1,dim_score_700,False,BDU,Geologiya və geofizika mühəndisliyi,I qrup,dövlət sifarişli,True,https://sec.az/kecid-ballari,
AZ,geologiya-ve-geofizika-muhendisliyi--bdu--g1--v2,2,False,2023,223.1,dim_score_700,False,BDU,Geologiya və geofizika mühəndisliyi,I qrup,dövlət sifarişli,True,https://sec.az/kecid-ballari,
AZ,geologiya-ve-geofizika-muhendisliyi--bdu--g1--v2,2,False,2024,230.0,dim_score_700,False,BDU,Geologiya və geofizika mühəndisliyi,I qrup,dövlət sifarişli,True,https://sec.az/kecid-ballari,
AZ,geologiya-ve-geofizika-muhendisliyi--bdu--g1--v2,2,False,2025,206.0,dim_score_700,False,BDU,Geologiya və geofizika mühəndisliyi,I qrup,dövlət sifarişli,True,https://sec.az/kecid-ballari,
AZ,meliorasiya-muhendisliyi--bdu--g1,,True,2023,233.6,dim_score_700,False,BDU,Meliorasiya mühəndisliyi,I qrup,dövlət sifarişli,True,https://sec.az/kecid-ballari,
AZ,meliorasiya-muhendisliyi--bdu--g1,,True,2024,265.8,dim_score_700,False,BDU,Meliorasiya mühəndisliyi,I qrup,dövlət sifarişli,True,https://sec.az/kecid-ballari,
AZ,meliorasiya-muhendisliyi--bdu--g1,,True,2025,265.8,dim_score_700,False,BDU,Meliorasiya mühəndisliyi,I qrup,dövlət sifarişli,True,https://sec.az/kecid-ballari,
AZ,ekologiya--gdu--g4,,True,2024,273.2,dim_score_700,False,GDU,Ekologiya,IV qrup,dövlət sifarişli,True,https://sec.az/kecid-ballari,
AZ,ekologiya--gdu--g4,,True,2025,265.3,dim_score_700,False,GDU,Ekologiya,IV qrup,dövlət sifarişli,True,https://sec.az/kecid-ballari,
AZ,metallurgiya-muhendisliyi--aztu--g1,,True,2023,204.2,dim_score_700,False,AzTU,Metallurgiya mühəndisliyi,I qrup,dövlət sifarişli,True,https://sec.az/kecid-ballari,
AZ,metallurgiya-muhendisliyi--aztu--g1,,True,2024,261.1,dim_score_700,False,AzTU,Metallurgiya mühəndisliyi,I qrup,dövlət sifarişli,True,https://sec.az/kecid-ballari,
AZ,metallurgiya-muhendisliyi--aztu--g1,,True,2025,264.3,dim_score_700,False,AzTU,Metallurgiya mühəndisliyi,I qrup,dövlət sifarişli,True,https://sec.az/kecid-ballari,
AZ,muhendislik-fizikasi--bdu--g1,,True,2023,252.2,dim_score_700,False,BDU,Mühəndislik fizikası,I qrup,dövlət sifarişli,True,https://sec.az/kecid-ballari,
AZ,muhendislik-fizikasi--bdu--g1,,True,2024,268.3,dim_score_700,False,BDU,Mühəndislik fizikası,I qrup,dövlət sifarişli,True,https://sec.az/kecid-ballari,
AZ,muhendislik-fizikasi--bdu--g1,,True,2025,263.9,dim_score_700,False,BDU,Mühəndislik fizikası,I qrup,dövlət sifarişli,True,https://sec.az/kecid-ballari,
AZ,komputer-muhendisliyi--ndu--g1--v1,1,False,2025,263.6,dim_score_700,False,NDU,Kompüter mühəndisliyi,I qrup,dövlət sifarişli,True,https://sec.az/kecid-ballari,
AZ,komputer-muhendisliyi--ndu--g1--v2,2,False,2023,412.4,dim_score_700,False,NDU,Kompüter mühəndisliyi,I qrup,dövlət sifarişli,True,https://sec.az/kecid-ballari,
AZ,komputer-muhendisliyi--ndu--g1--v2,2,False,2024,371.2,dim_score_700,False,NDU,Kompüter mühəndisliyi,I qrup,dövlət sifarişli,True,https://sec.az/kecid-ballari,
AZ,komputer-muhendisliyi--ndu--g1--v2,2,False,2025,256.0,dim_score_700,False,NDU,Kompüter mühəndisliyi,I qrup,dövlət sifarişli,True,https://sec.az/kecid-ballari,
AZ,komputer-muhendisliyi--ndu--g1--v3,3,False,2023,298.7,dim_score_700,False,NDU,Kompüter mühəndisliyi,I qrup,dövlət sifarişli,True,https://sec.az/kecid-ballari,
AZ,komputer-muhendisliyi--ndu--g1--v3,3,False,2024,244.7,dim_score_700,False,NDU,Kompüter mühəndisliyi,I qrup,dövlət sifarişli,True,https://sec.az/kecid-ballari,
AZ,komputer-muhendisliyi--ndu--g1--v3,3,False,2025,227.6,dim_score_700,False,NDU,Kompüter mühəndisliyi,I qrup,dövlət sifarişli,True,https://sec.az/kecid-ballari,
AZ,ekologiya--atu-gence--g4,,True,2024,263.5,dim_score_700,False,ATU (Gəncə),Ekologiya,IV qrup,dövlət sifarişli,True,https://sec.az/kecid-ballari,
AZ,ekologiya--atu-gence--g4,,True,2025,263.5,dim_score_700,False,ATU (Gəncə),Ekologiya,IV qrup,dövlət sifarişli,True,https://sec.az/kecid-ballari,
AZ,radiotexnika-ve-telekommunikasiya-muhendisliyi--adnsu--g1--v1,1,False,2023,272.5,dim_score_700,False,ADNSU,Radiotexnika və telekommunikasiya mühəndisliyi,I qrup,dövlət sifarişli,True,https://sec.az/kecid-ballari,
AZ,radiotexnika-ve-telekommunikasiya-muhendisliyi--adnsu--g1--v1,1,False,2024,257.9,dim_score_700,False,ADNSU,Radiotexnika və telekommunikasiya mühəndisliyi,I qrup,dövlət sifarişli,True,https://sec.az/kecid-ballari,
AZ,radiotexnika-ve-telekommunikasiya-muhendisliyi--adnsu--g1--v1,1,False,2025,263.1,dim_score_700,False,ADNSU,Radiotexnika və telekommunikasiya mühəndisliyi,I qrup,dövlət sifarişli,True,https://sec.az/kecid-ballari,
AZ,radiotexnika-ve-telekommunikasiya-muhendisliyi--adnsu--g1--v2,2,False,2023,224.5,dim_score_700,False,ADNSU,Radiotexnika və telekommunikasiya mühəndisliyi,I qrup,dövlət sifarişli,True,https://sec.az/kecid-ballari,
AZ,radiotexnika-ve-telekommunikasiya-muhendisliyi--adnsu--g1--v2,2,False,2024,224.5,dim_score_700,False,ADNSU,Radiotexnika və telekommunikasiya mühəndisliyi,I qrup,dövlət sifarişli,True,https://sec.az/kecid-ballari,
AZ,radiotexnika-ve-telekommunikasiya-muhendisliyi--adnsu--g1--v2,2,False,2025,224.2,dim_score_700,False,ADNSU,Radiotexnika və telekommunikasiya mühəndisliyi,I qrup,dövlət sifarişli,True,https://sec.az/kecid-ballari,
AZ,energetika-muhendisliyi--mdu--g1,,True,2023,212.3,dim_score_700,False,MDU,Energetika mühəndisliyi,I qrup,dövlət sifarişli,True,https://sec.az/kecid-ballari,
AZ,energetika-muhendisliyi--mdu--g1,,True,2024,233.8,dim_score_700,False,MDU,Energetika mühəndisliyi,I qrup,dövlət sifarişli,True,https://sec.az/kecid-ballari,
AZ,energetika-muhendisliyi--mdu--g1,,True,2025,262.9,dim_score_700,False,MDU,Energetika mühəndisliyi,I qrup,dövlət sifarişli,True,https://sec.az/kecid-ballari,
AZ,turizm-isinin-teskili--mdu--g2,,True,2023,224.0,dim_score_700,False,MDU,Turizm işinin təşkili,II qrup,dövlət sifarişli,True,https://sec.az/kecid-ballari,
AZ,turizm-isinin-teskili--mdu--g2,,True,2024,277.6,dim_score_700,False,MDU,Turizm işinin təşkili,II qrup,dövlət sifarişli,True,https://sec.az/kecid-ballari,
AZ,turizm-isinin-teskili--mdu--g2,,True,2025,262.9,dim_score_700,False,MDU,Turizm işinin təşkili,II qrup,dövlət sifarişli,True,https://sec.az/kecid-ballari,
AZ,komputer-muhendisliyi--qarabag-uni--g1,,True,2024,442.3,dim_score_700,False,Qarabağ Uni,Kompüter mühəndisliyi,I qrup,dövlət sifarişli,True,https://sec.az/kecid-ballari,
AZ,komputer-muhendisliyi--qarabag-uni--g1,,True,2025,262.8,dim_score_700,False,Qarabağ Uni,Kompüter mühəndisliyi,I qrup,dövlət sifarişli,True,https://sec.az/kecid-ballari,
AZ,radiotexnika-ve-telekommunikasiya-muhendisliyi--aztu--g1--v1,1,False,2023,259.7,dim_score_700,False,AzTU,Radiotexnika və telekommunikasiya mühəndisliyi,I qrup,dövlət sifarişli,True,https://sec.az/kecid-ballari,
AZ,radiotexnika-ve-telekommunikasiya-muhendisliyi--aztu--g1--v1,1,False,2024,256.4,dim_score_700,False,AzTU,Radiotexnika və telekommunikasiya mühəndisliyi,I qrup,dövlət sifarişli,True,https://sec.az/kecid-ballari,
AZ,radiotexnika-ve-telekommunikasiya-muhendisliyi--aztu--g1--v1,1,False,2025,262.0,dim_score_700,False,AzTU,Radiotexnika və telekommunikasiya mühəndisliyi,I qrup,dövlət sifarişli,True,https://sec.az/kecid-ballari,
AZ,radiotexnika-ve-telekommunikasiya-muhendisliyi--aztu--g1--v2,2,False,2023,232.0,dim_score_700,False,AzTU,Radiotexnika və telekommunikasiya mühəndisliyi,I qrup,dövlət sifarişli,True,https://sec.az/kecid-ballari,
AZ,radiotexnika-ve-telekommunikasiya-muhendisliyi--aztu--g1--v2,2,False,2024,215.6,dim_score_700,False,AzTU,Radiotexnika və telekommunikasiya mühəndisliyi,I qrup,dövlət sifarişli,True,https://sec.az/kecid-ballari,
AZ,radiotexnika-ve-telekommunikasiya-muhendisliyi--aztu--g1--v2,2,False,2025,229.4,dim_score_700,False,AzTU,Radiotexnika və telekommunikasiya mühəndisliyi,I qrup,dövlət sifarişli,True,https://sec.az/kecid-ballari,
AZ,logistika-ve-neqliyyat-texnologiyalari-muhendisliyi--aztu--g1,,True,2023,204.6,dim_score_700,False,AzTU,Logistika və nəqliyyat texnologiyaları mühəndisliyi,I qrup,dövlət sifarişli,True,https://sec.az/kecid-ballari,
AZ,logistika-ve-neqliyyat-texnologiyalari-muhendisliyi--aztu--g1,,True,2024,270.5,dim_score_700,False,AzTU,Logistika və nəqliyyat texnologiyaları mühəndisliyi,I qrup,dövlət sifarişli,True,https://sec.az/kecid-ballari,
AZ,logistika-ve-neqliyyat-texnologiyalari-muhendisliyi--aztu--g1,,True,2025,261.8,dim_score_700,False,AzTU,Logistika və nəqliyyat texnologiyaları mühəndisliyi,I qrup,dövlət sifarişli,True,https://sec.az/kecid-ballari,
AZ,dizayn--qku--g5,,True,2025,261.3,dim_score_700,False,QKU,Dizayn,V qrup,dövlət sifarişli,True,https://sec.az/kecid-ballari,
AZ,fizika--bmu--g1,,True,2024,291.7,dim_score_700,False,BMU,Fizika,I qrup,dövlət sifarişli,True,https://sec.az/kecid-ballari,
AZ,fizika--bmu--g1,,True,2025,260.4,dim_score_700,False,BMU,Fizika,I qrup,dövlət sifarişli,True,https://sec.az/kecid-ballari,
AZ,logistika-ve-neqliyyat-texnologiyalari-muhendisliyi--sdu--g1,,True,2023,226.3,dim_score_700,False,SDU,Logistika və nəqliyyat texnologiyaları mühəndisliyi,I qrup,dövlət sifarişli,True,https://sec.az/kecid-ballari,
AZ,logistika-ve-neqliyyat-texnologiyalari-muhendisliyi--sdu--g1,,True,2024,293.6,dim_score_700,False,SDU,Logistika və nəqliyyat texnologiyaları mühəndisliyi,I qrup,dövlət sifarişli,True,https://sec.az/kecid-ballari,
AZ,logistika-ve-neqliyyat-texnologiyalari-muhendisliyi--sdu--g1,,True,2025,260.3,dim_score_700,False,SDU,Logistika və nəqliyyat texnologiyaları mühəndisliyi,I qrup,dövlət sifarişli,True,https://sec.az/kecid-ballari,
AZ,geomatika-ve-geodeziya-muhendisliyi--azmi-u--g1,,True,2023,202.6,dim_score_700,False,AzMİU,Geomatika və geodeziya mühəndisliyi,I qrup,dövlət sifarişli,True,https://sec.az/kecid-ballari,
AZ,geomatika-ve-geodeziya-muhendisliyi--azmi-u--g1,,True,2024,235.1,dim_score_700,False,AzMİU,Geomatika və geodeziya mühəndisliyi,I qrup,dövlət sifarişli,True,https://sec.az/kecid-ballari,
AZ,geomatika-ve-geodeziya-muhendisliyi--azmi-u--g1,,True,2025,260.2,dim_score_700,False,AzMİU,Geomatika və geodeziya mühəndisliyi,I qrup,dövlət sifarişli,True,https://sec.az/kecid-ballari,
AZ,logistika-ve-neqliyyat-texnologiyalari-muhendisliyi--azmi-u--g1,,True,2023,209.2,dim_score_700,False,AzMİU,Logistika və nəqliyyat texnologiyaları mühəndisliyi,I qrup,dövlət sifarişli,True,https://sec.az/kecid-ballari,
AZ,logistika-ve-neqliyyat-texnologiyalari-muhendisliyi--azmi-u--g1,,True,2024,269.4,dim_score_700,False,AzMİU,Logistika və nəqliyyat texnologiyaları mühəndisliyi,I qrup,dövlət sifarişli,True,https://sec.az/kecid-ballari,
AZ,logistika-ve-neqliyyat-texnologiyalari-muhendisliyi--azmi-u--g1,,True,2025,259.1,dim_score_700,False,AzMİU,Logistika və nəqliyyat texnologiyaları mühəndisliyi,I qrup,dövlət sifarişli,True,https://sec.az/kecid-ballari,
AZ,beynelxalq-ticaret-ve-logistika--qarabag-uni--g2,,True,2024,382.7,dim_score_700,False,Qarabağ Uni,Beynəlxalq ticarət və logistika,II qrup,dövlət sifarişli,True,https://sec.az/kecid-ballari,
AZ,beynelxalq-ticaret-ve-logistika--qarabag-uni--g2,,True,2025,259.1,dim_score_700,False,Qarabağ Uni,Beynəlxalq ticarət və logistika,II qrup,dövlət sifarişli,True,https://sec.az/kecid-ballari,
AZ,muhendislik-fizikasi--maa--g1,,True,2023,270.2,dim_score_700,False,MAA,Mühəndislik fizikası,I qrup,dövlət sifarişli,True,https://sec.az/kecid-ballari,
AZ,muhendislik-fizikasi--maa--g1,,True,2024,258.3,dim_score_700,False,MAA,Mühəndislik fizikası,I qrup,dövlət sifarişli,True,https://sec.az/kecid-ballari,
AZ,muhendislik-fizikasi--maa--g1,,True,2025,258.9,dim_score_700,False,MAA,Mühəndislik fizikası,I qrup,dövlət sifarişli,True,https://sec.az/kecid-ballari,
AZ,turizm-isinin-teskili--bmu--g2,,True,2025,258.3,dim_score_700,False,BMU,Turizm işinin təşkili,II qrup,dövlət sifarişli,True,https://sec.az/kecid-ballari,
AZ,gemiqayirma-ve-gemi-temiri-muhendisliyi--adda--g1,,True,2023,321.9,dim_score_700,False,ADDA,Gəmiqayırma və gəmi təmiri mühəndisliyi,I qrup,dövlət sifarişli,True,https://sec.az/kecid-ballari,
AZ,gemiqayirma-ve-gemi-temiri-muhendisliyi--adda--g1,,True,2024,320.7,dim_score_700,False,ADDA,Gəmiqayırma və gəmi təmiri mühəndisliyi,I qrup,dövlət sifarişli,True,https://sec.az/kecid-ballari,
AZ,gemiqayirma-ve-gemi-temiri-muhendisliyi--adda--g1,,True,2025,257.9,dim_score_700,False,ADDA,Gəmiqayırma və gəmi təmiri mühəndisliyi,I qrup,dövlət sifarişli,True,https://sec.az/kecid-ballari,
AZ,kommunikasiya-sistemleri-muhendisliyi--azmi-u--g1--v1,1,False,2023,259.2,dim_score_700,False,AzMİU,Kommunikasiya sistemləri mühəndisliyi,I qrup,dövlət sifarişli,True,https://sec.az/kecid-ballari,
AZ,kommunikasiya-sistemleri-muhendisliyi--azmi-u--g1--v1,1,False,2024,297.7,dim_score_700,False,AzMİU,Kommunikasiya sistemləri mühəndisliyi,I qrup,dövlət sifarişli,True,https://sec.az/kecid-ballari,
AZ,kommunikasiya-sistemleri-muhendisliyi--azmi-u--g1--v1,1,False,2025,257.5,dim_score_700,False,AzMİU,Kommunikasiya sistemləri mühəndisliyi,I qrup,dövlət sifarişli,True,https://sec.az/kecid-ballari,
AZ,kommunikasiya-sistemleri-muhendisliyi--azmi-u--g1--v2,2,False,2023,202.3,dim_score_700,False,AzMİU,Kommunikasiya sistemləri mühəndisliyi,I qrup,dövlət sifarişli,True,https://sec.az/kecid-ballari,
AZ,kommunikasiya-sistemleri-muhendisliyi--azmi-u--g1--v2,2,False,2025,247.2,dim_score_700,False,AzMİU,Kommunikasiya sistemləri mühəndisliyi,I qrup,dövlət sifarişli,True,https://sec.az/kecid-ballari,
AZ,kommunikasiya-sistemleri-muhendisliyi--azmi-u--g1--v3,3,False,2024,224.5,dim_score_700,False,AzMİU,Kommunikasiya sistemləri mühəndisliyi,I qrup,dövlət sifarişli,True,https://sec.az/kecid-ballari,
AZ,kommunikasiya-sistemleri-muhendisliyi--azmi-u--g1--v3,3,False,2025,223.5,dim_score_700,False,AzMİU,Kommunikasiya sistemləri mühəndisliyi,I qrup,dövlət sifarişli,True,https://sec.az/kecid-ballari,
AZ,turizm-beledciliyi--ldu--g2,,True,2024,269.1,dim_score_700,False,LDU,Turizm bələdçiliyi,II qrup,dövlət sifarişli,True,https://sec.az/kecid-ballari,
AZ,turizm-beledciliyi--ldu--g2,,True,2025,256.7,dim_score_700,False,LDU,Turizm bələdçiliyi,II qrup,dövlət sifarişli,True,https://sec.az/kecid-ballari,
AZ,turizm-isinin-teskili--baau--g2,,True,2023,226.5,dim_score_700,False,BAAU,Turizm işinin təşkili,II qrup,dövlət sifarişli,True,https://sec.az/kecid-ballari,
AZ,turizm-isinin-teskili--baau--g2,,True,2024,274.9,dim_score_700,False,BAAU,Turizm işinin təşkili,II qrup,dövlət sifarişli,True,https://sec.az/kecid-ballari,
AZ,turizm-isinin-teskili--baau--g2,,True,2025,256.0,dim_score_700,False,BAAU,Turizm işinin təşkili,II qrup,dövlət sifarişli,True,https://sec.az/kecid-ballari,
AZ,proseslerin-avtomatlasdirilmasi-muhendisliyi--ndu--g1,,True,2023,255.9,dim_score_700,False,NDU,Proseslərin avtomatlaşdırılması mühəndisliyi,I qrup,dövlət sifarişli,True,https://sec.az/kecid-ballari,
AZ,proseslerin-avtomatlasdirilmasi-muhendisliyi--ndu--g1,,True,2025,255.9,dim_score_700,False,NDU,Proseslərin avtomatlaşdırılması mühəndisliyi,I qrup,dövlət sifarişli,True,https://sec.az/kecid-ballari,
AZ,riyaziyyat-ve-informatika--ldu--g1,,True,2023,229.9,dim_score_700,False,LDU,Riyaziyyat və informatika,I qrup,dövlət sifarişli,True,https://sec.az/kecid-ballari,
AZ,riyaziyyat-ve-informatika--ldu--g1,,True,2024,306.8,dim_score_700,False,LDU,Riyaziyyat və informatika,I qrup,dövlət sifarişli,True,https://sec.az/kecid-ballari,
AZ,riyaziyyat-ve-informatika--ldu--g1,,True,2025,255.6,dim_score_700,False,LDU,Riyaziyyat və informatika,I qrup,dövlət sifarişli,True,https://sec.az/kecid-ballari,
AZ,komputer-elmleri--mdu--g1,,True,2023,257.9,dim_score_700,False,MDU,Kompüter elmləri,I qrup,dövlət sifarişli,True,https://sec.az/kecid-ballari,
AZ,komputer-elmleri--mdu--g1,,True,2024,292.3,dim_score_700,False,MDU,Kompüter elmləri,I qrup,dövlət sifarişli,True,https://sec.az/kecid-ballari,
AZ,komputer-elmleri--mdu--g1,,True,2025,255.3,dim_score_700,False,MDU,Kompüter elmləri,I qrup,dövlət sifarişli,True,https://sec.az/kecid-ballari,
AZ,energetika-muhendisliyi--sdu--g1,,True,2023,218.1,dim_score_700,False,SDU,Energetika mühəndisliyi,I qrup,dövlət sifarişli,True,https://sec.az/kecid-ballari,
AZ,energetika-muhendisliyi--sdu--g1,,True,2024,217.9,dim_score_700,False,SDU,Energetika mühəndisliyi,I qrup,dövlət sifarişli,True,https://sec.az/kecid-ballari,
AZ,energetika-muhendisliyi--sdu--g1,,True,2025,255.1,dim_score_700,False,SDU,Energetika mühəndisliyi,I qrup,dövlət sifarişli,True,https://sec.az/kecid-ballari,
AZ,neqliyyat-tikintisi-muhendisliyi--bmu--g1,,True,2024,384.4,dim_score_700,False,BMU,Nəqliyyat tikintisi mühəndisliyi,I qrup,dövlət sifarişli,True,https://sec.az/kecid-ballari,
AZ,neqliyyat-tikintisi-muhendisliyi--bmu--g1,,True,2025,254.7,dim_score_700,False,BMU,Nəqliyyat tikintisi mühəndisliyi,I qrup,dövlət sifarişli,True,https://sec.az/kecid-ballari,
AZ,elektrik-ve-elektronika-muhendisliyi--atu-gence--g1,,True,2023,202.4,dim_score_700,False,ATU (Gəncə),Elektrik və elektronika mühəndisliyi,I qrup,dövlət sifarişli,True,https://sec.az/kecid-ballari,
AZ,elektrik-ve-elektronika-muhendisliyi--atu-gence--g1,,True,2024,270.7,dim_score_700,False,ATU (Gəncə),Elektrik və elektronika mühəndisliyi,I qrup,dövlət sifarişli,True,https://sec.az/kecid-ballari,
AZ,elektrik-ve-elektronika-muhendisliyi--atu-gence--g1,,True,2025,254.4,dim_score_700,False,ATU (Gəncə),Elektrik və elektronika mühəndisliyi,I qrup,dövlət sifarişli,True,https://sec.az/kecid-ballari,
AZ,geologiya-ve-geofizika-muhendisliyi--adnsu--g1--v1,1,False,2023,252.5,dim_score_700,False,ADNSU,Geologiya və geofizika mühəndisliyi,I qrup,dövlət sifarişli,True,https://sec.az/kecid-ballari,
AZ,geologiya-ve-geofizika-muhendisliyi--adnsu--g1--v1,1,False,2024,261.1,dim_score_700,False,ADNSU,Geologiya və geofizika mühəndisliyi,I qrup,dövlət sifarişli,True,https://sec.az/kecid-ballari,
AZ,geologiya-ve-geofizika-muhendisliyi--adnsu--g1--v1,1,False,2025,254.3,dim_score_700,False,ADNSU,Geologiya və geofizika mühəndisliyi,I qrup,dövlət sifarişli,True,https://sec.az/kecid-ballari,
AZ,geologiya-ve-geofizika-muhendisliyi--adnsu--g1--v2,2,False,2023,200.2,dim_score_700,False,ADNSU,Geologiya və geofizika mühəndisliyi,I qrup,dövlət sifarişli,True,https://sec.az/kecid-ballari,
AZ,geologiya-ve-geofizika-muhendisliyi--adnsu--g1--v2,2,False,2024,203.7,dim_score_700,False,ADNSU,Geologiya və geofizika mühəndisliyi,I qrup,dövlət sifarişli,True,https://sec.az/kecid-ballari,
AZ,geologiya-ve-geofizika-muhendisliyi--adnsu--g1--v2,2,False,2025,231.5,dim_score_700,False,ADNSU,Geologiya və geofizika mühəndisliyi,I qrup,dövlət sifarişli,True,https://sec.az/kecid-ballari,
AZ,elektrik-ve-elektronika-muhendisliyi--khazar--g1,,True,2023,224.8,dim_score_700,False,Khazar,Elektrik və elektronika mühəndisliyi,I qrup,dövlət sifarişli,True,https://sec.az/kecid-ballari,
AZ,elektrik-ve-elektronika-muhendisliyi--khazar--g1,,True,2024,248.8,dim_score_700,False,Khazar,Elektrik və elektronika mühəndisliyi,I qrup,dövlət sifarişli,True,https://sec.az/kecid-ballari,
AZ,elektrik-ve-elektronika-muhendisliyi--khazar--g1,,True,2025,254.1,dim_score_700,False,Khazar,Elektrik və elektronika mühəndisliyi,I qrup,dövlət sifarişli,True,https://sec.az/kecid-ballari,
AZ,fizika--ndu--g1,,True,2023,258.3,dim_score_700,False,NDU,Fizika,I qrup,dövlət sifarişli,True,https://sec.az/kecid-ballari,
AZ,fizika--ndu--g1,,True,2024,278.5,dim_score_700,False,NDU,Fizika,I qrup,dövlət sifarişli,True,https://sec.az/kecid-ballari,
AZ,fizika--ndu--g1,,True,2025,254.1,dim_score_700,False,NDU,Fizika,I qrup,dövlət sifarişli,True,https://sec.az/kecid-ballari,
AZ,sehersalma--azmi-u--g1--v1,1,False,2024,234.2,dim_score_700,False,AzMİU,Şəhərsalma,I qrup,dövlət sifarişli,True,https://sec.az/kecid-ballari,
AZ,sehersalma--azmi-u--g1--v1,1,False,2025,252.3,dim_score_700,False,AzMİU,Şəhərsalma,I qrup,dövlət sifarişli,True,https://sec.az/kecid-ballari,
AZ,sehersalma--azmi-u--g1--v2,2,False,2023,212.1,dim_score_700,False,AzMİU,Şəhərsalma,I qrup,dövlət sifarişli,True,https://sec.az/kecid-ballari,
AZ,sehersalma--azmi-u--g1--v2,2,False,2025,243.7,dim_score_700,False,AzMİU,Şəhərsalma,I qrup,dövlət sifarişli,True,https://sec.az/kecid-ballari,
AZ,mexanika-muhendisliyi--bmu--g1--v1,1,False,2023,252.6,dim_score_700,False,BMU,Mexanika mühəndisliyi,I qrup,dövlət sifarişli,True,https://sec.az/kecid-ballari,
AZ,mexanika-muhendisliyi--bmu--g1--v1,1,False,2024,252.7,dim_score_700,False,BMU,Mexanika mühəndisliyi,I qrup,dövlət sifarişli,True,https://sec.az/kecid-ballari,
AZ,mexanika-muhendisliyi--bmu--g1--v1,1,False,2025,252.3,dim_score_700,False,BMU,Mexanika mühəndisliyi,I qrup,dövlət sifarişli,True,https://sec.az/kecid-ballari,
AZ,mexanika-muhendisliyi--bmu--g1--v2,2,False,2023,216.2,dim_score_700,False,BMU,Mexanika mühəndisliyi,I qrup,dövlət sifarişli,True,https://sec.az/kecid-ballari,
AZ,mexanika-muhendisliyi--bmu--g1--v2,2,False,2024,223.4,dim_score_700,False,BMU,Mexanika mühəndisliyi,I qrup,dövlət sifarişli,True,https://sec.az/kecid-ballari,
AZ,mexanika-muhendisliyi--bmu--g1--v2,2,False,2025,249.5,dim_score_700,False,BMU,Mexanika mühəndisliyi,I qrup,dövlət sifarişli,True,https://sec.az/kecid-ballari,
AZ,logistika-ve-neqliyyat-texnologiyalari-muhendisliyi--atu-gence--g1,,True,2023,213.9,dim_score_700,False,ATU (Gəncə),Logistika və nəqliyyat texnologiyaları mühəndisliyi,I qrup,dövlət sifarişli,True,https://sec.az/kecid-ballari,
AZ,logistika-ve-neqliyyat-texnologiyalari-muhendisliyi--atu-gence--g1,,True,2024,272.6,dim_score_700,False,ATU (Gəncə),Logistika və nəqliyyat texnologiyaları mühəndisliyi,I qrup,dövlət sifarişli,True,https://sec.az/kecid-ballari,
AZ,logistika-ve-neqliyyat-texnologiyalari-muhendisliyi--atu-gence--g1,,True,2025,250.9,dim_score_700,False,ATU (Gəncə),Logistika və nəqliyyat texnologiyaları mühəndisliyi,I qrup,dövlət sifarişli,True,https://sec.az/kecid-ballari,
AZ,dizayn--ndu--g5,,True,2024,250.9,dim_score_700,False,NDU,Dizayn,V qrup,dövlət sifarişli,True,https://sec.az/kecid-ballari,
AZ,dizayn--ndu--g5,,True,2025,250.9,dim_score_700,False,NDU,Dizayn,V qrup,dövlət sifarişli,True,https://sec.az/kecid-ballari,
AZ,yerqurulusu-ve-dasinmaz-emlakin-kadastri--adau--g1--v1,1,False,2023,228.8,dim_score_700,False,ADAU,Yerquruluşu və daşınmaz əmlakın kadastrı,I qrup,dövlət sifarişli,True,https://sec.az/kecid-ballari,
AZ,yerqurulusu-ve-dasinmaz-emlakin-kadastri--adau--g1--v1,1,False,2024,250.0,dim_score_700,False,ADAU,Yerquruluşu və daşınmaz əmlakın kadastrı,I qrup,dövlət sifarişli,True,https://sec.az/kecid-ballari,
AZ,yerqurulusu-ve-dasinmaz-emlakin-kadastri--adau--g1--v1,1,False,2025,250.7,dim_score_700,False,ADAU,Yerquruluşu və daşınmaz əmlakın kadastrı,I qrup,dövlət sifarişli,True,https://sec.az/kecid-ballari,
AZ,yerqurulusu-ve-dasinmaz-emlakin-kadastri--adau--g1--v2,2,False,2023,267.4,dim_score_700,False,ADAU,Yerquruluşu və daşınmaz əmlakın kadastrı,I qrup,dövlət sifarişli,True,https://sec.az/kecid-ballari,
AZ,yerqurulusu-ve-dasinmaz-emlakin-kadastri--adau--g1--v2,2,False,2025,249.8,dim_score_700,False,ADAU,Yerquruluşu və daşınmaz əmlakın kadastrı,I qrup,dövlət sifarişli,True,https://sec.az/kecid-ballari,
AZ,ekologiya-muhendisliyi--sdu--g1,,True,2023,232.2,dim_score_700,False,SDU,Ekologiya mühəndisliyi,I qrup,dövlət sifarişli,True,https://sec.az/kecid-ballari,
AZ,ekologiya-muhendisliyi--sdu--g1,,True,2024,250.7,dim_score_700,False,SDU,Ekologiya mühəndisliyi,I qrup,dövlət sifarişli,True,https://sec.az/kecid-ballari,
AZ,ekologiya-muhendisliyi--sdu--g1,,True,2025,250.7,dim_score_700,False,SDU,Ekologiya mühəndisliyi,I qrup,dövlət sifarişli,True,https://sec.az/kecid-ballari,
AZ,yerqurulusu-ve-dasinmaz-emlakin-kadastri--aku--g1,,True,2023,229.4,dim_score_700,False,AKU,Yerquruluşu və daşınmaz əmlakın kadastrı,I qrup,dövlət sifarişli,True,https://sec.az/kecid-ballari,
AZ,yerqurulusu-ve-dasinmaz-emlakin-kadastri--aku--g1,,True,2024,251.4,dim_score_700,False,AKU,Yerquruluşu və daşınmaz əmlakın kadastrı,I qrup,dövlət sifarişli,True,https://sec.az/kecid-ballari,
AZ,yerqurulusu-ve-dasinmaz-emlakin-kadastri--aku--g1,,True,2025,250.4,dim_score_700,False,AKU,Yerquruluşu və daşınmaz əmlakın kadastrı,I qrup,dövlət sifarişli,True,https://sec.az/kecid-ballari,
AZ,dovlet-ve-belediyye-idareetmesi--qarabag-uni--g2,,True,2024,335.7,dim_score_700,False,Qarabağ Uni,Dövlət və bələdiyyə idarəetməsi,II qrup,dövlət sifarişli,True,https://sec.az/kecid-ballari,
AZ,dovlet-ve-belediyye-idareetmesi--qarabag-uni--g2,,True,2025,250.4,dim_score_700,False,Qarabağ Uni,Dövlət və bələdiyyə idarəetməsi,II qrup,dövlət sifarişli,True,https://sec.az/kecid-ballari,
AZ,sehersalma--bmu--g1,,True,2023,213.5,dim_score_700,False,BMU,Şəhərsalma,I qrup,dövlət sifarişli,True,https://sec.az/kecid-ballari,
AZ,sehersalma--bmu--g1,,True,2024,219.7,dim_score_700,False,BMU,Şəhərsalma,I qrup,dövlət sifarişli,True,https://sec.az/kecid-ballari,
AZ,sehersalma--bmu--g1,,True,2025,250.2,dim_score_700,False,BMU,Şəhərsalma,I qrup,dövlət sifarişli,True,https://sec.az/kecid-ballari,
AZ,ekologiya-muhendisliyi--aztu--g1,,True,2023,237.7,dim_score_700,False,AzTU,Ekologiya mühəndisliyi,I qrup,dövlət sifarişli,True,https://sec.az/kecid-ballari,
AZ,ekologiya-muhendisliyi--aztu--g1,,True,2024,251.6,dim_score_700,False,AzTU,Ekologiya mühəndisliyi,I qrup,dövlət sifarişli,True,https://sec.az/kecid-ballari,
AZ,ekologiya-muhendisliyi--aztu--g1,,True,2025,250.0,dim_score_700,False,AzTU,Ekologiya mühəndisliyi,I qrup,dövlət sifarişli,True,https://sec.az/kecid-ballari,
AZ,neqliyyat-muhendisliyi--atu-gence--g1,,True,2023,255.0,dim_score_700,False,ATU (Gəncə),Nəqliyyat mühəndisliyi,I qrup,dövlət sifarişli,True,https://sec.az/kecid-ballari,
AZ,neqliyyat-muhendisliyi--atu-gence--g1,,True,2024,249.9,dim_score_700,False,ATU (Gəncə),Nəqliyyat mühəndisliyi,I qrup,dövlət sifarişli,True,https://sec.az/kecid-ballari,
AZ,neqliyyat-muhendisliyi--atu-gence--g1,,True,2025,249.9,dim_score_700,False,ATU (Gəncə),Nəqliyyat mühəndisliyi,I qrup,dövlət sifarişli,True,https://sec.az/kecid-ballari,
AZ,yerqurulusu-ve-dasinmaz-emlakin-kadastri--ndu--g1,,True,2023,232.1,dim_score_700,False,NDU,Yerquruluşu və daşınmaz əmlakın kadastrı,I qrup,dövlət sifarişli,True,https://sec.az/kecid-ballari,
AZ,yerqurulusu-ve-dasinmaz-emlakin-kadastri--ndu--g1,,True,2024,249.3,dim_score_700,False,NDU,Yerquruluşu və daşınmaz əmlakın kadastrı,I qrup,dövlət sifarişli,True,https://sec.az/kecid-ballari,
AZ,yerqurulusu-ve-dasinmaz-emlakin-kadastri--ndu--g1,,True,2025,249.6,dim_score_700,False,NDU,Yerquruluşu və daşınmaz əmlakın kadastrı,I qrup,dövlət sifarişli,True,https://sec.az/kecid-ballari,
AZ,masin-muhendisliyi--azmi-u--g1,,True,2023,211.6,dim_score_700,False,AzMİU,Maşın mühəndisliyi,I qrup,dövlət sifarişli,True,https://sec.az/kecid-ballari,
AZ,masin-muhendisliyi--azmi-u--g1,,True,2024,203.0,dim_score_700,False,AzMİU,Maşın mühəndisliyi,I qrup,dövlət sifarişli,True,https://sec.az/kecid-ballari,
AZ,masin-muhendisliyi--azmi-u--g1,,True,2025,247.4,dim_score_700,False,AzMİU,Maşın mühəndisliyi,I qrup,dövlət sifarişli,True,https://sec.az/kecid-ballari,
AZ,i-nformasiya-texnologiyalari--bbu--g1,,True,2023,225.1,dim_score_700,False,BBU,İnformasiya texnologiyaları,I qrup,dövlət sifarişli,True,https://sec.az/kecid-ballari,
AZ,i-nformasiya-texnologiyalari--bbu--g1,,True,2024,219.5,dim_score_700,False,BBU,İnformasiya texnologiyaları,I qrup,dövlət sifarişli,True,https://sec.az/kecid-ballari,
AZ,i-nformasiya-texnologiyalari--bbu--g1,,True,2025,246.5,dim_score_700,False,BBU,İnformasiya texnologiyaları,I qrup,dövlət sifarişli,True,https://sec.az/kecid-ballari,
AZ,energetika-muhendisliyi--bmu--g1,,True,2023,215.5,dim_score_700,False,BMU,Energetika mühəndisliyi,I qrup,dövlət sifarişli,True,https://sec.az/kecid-ballari,
AZ,energetika-muhendisliyi--bmu--g1,,True,2024,227.9,dim_score_700,False,BMU,Energetika mühəndisliyi,I qrup,dövlət sifarişli,True,https://sec.az/kecid-ballari,
AZ,energetika-muhendisliyi--bmu--g1,,True,2025,244.9,dim_score_700,False,BMU,Energetika mühəndisliyi,I qrup,dövlət sifarişli,True,https://sec.az/kecid-ballari,
AZ,elektrik-ve-elektronika-muhendisliyi--qarabag-uni--g1,,True,2024,363.9,dim_score_700,False,Qarabağ Uni,Elektrik və elektronika mühəndisliyi,I qrup,dövlət sifarişli,True,https://sec.az/kecid-ballari,
AZ,elektrik-ve-elektronika-muhendisliyi--qarabag-uni--g1,,True,2025,244.8,dim_score_700,False,Qarabağ Uni,Elektrik və elektronika mühəndisliyi,I qrup,dövlət sifarişli,True,https://sec.az/kecid-ballari,
AZ,kommunikasiya-sistemleri-muhendisliyi--bmu--g1,,True,2023,283.4,dim_score_700,False,BMU,Kommunikasiya sistemləri mühəndisliyi,I qrup,dövlət sifarişli,True,https://sec.az/kecid-ballari,
AZ,kommunikasiya-sistemleri-muhendisliyi--bmu--g1,,True,2024,229.1,dim_score_700,False,BMU,Kommunikasiya sistemləri mühəndisliyi,I qrup,dövlət sifarişli,True,https://sec.az/kecid-ballari,
AZ,kommunikasiya-sistemleri-muhendisliyi--bmu--g1,,True,2025,244.4,dim_score_700,False,BMU,Kommunikasiya sistemləri mühəndisliyi,I qrup,dövlət sifarişli,True,https://sec.az/kecid-ballari,
AZ,dizayn--khazar--g5,,True,2023,183.4,dim_score_700,False,Khazar,Dizayn,V qrup,dövlət sifarişli,True,https://sec.az/kecid-ballari,
AZ,dizayn--khazar--g5,,True,2025,243.9,dim_score_700,False,Khazar,Dizayn,V qrup,dövlət sifarişli,True,https://sec.az/kecid-ballari,
AZ,texnologiya-muellimliyi--mdu--g1,,True,2024,229.2,dim_score_700,False,MDU,Texnologiya müəllimliyi,I qrup,dövlət sifarişli,True,https://sec.az/kecid-ballari,
AZ,texnologiya-muellimliyi--mdu--g1,,True,2025,243.8,dim_score_700,False,MDU,Texnologiya müəllimliyi,I qrup,dövlət sifarişli,True,https://sec.az/kecid-ballari,
AZ,neqliyyat-muhendisliyi--ndu--g1,,True,2024,226.4,dim_score_700,False,NDU,Nəqliyyat mühəndisliyi,I qrup,dövlət sifarişli,True,https://sec.az/kecid-ballari,
AZ,neqliyyat-muhendisliyi--ndu--g1,,True,2025,242.7,dim_score_700,False,NDU,Nəqliyyat mühəndisliyi,I qrup,dövlət sifarişli,True,https://sec.az/kecid-ballari,
AZ,heyat-fealiyyetinin-tehlukesizliyi-muhendisliyi--adau--g1,,True,2023,220.7,dim_score_700,False,ADAU,Həyat fəaliyyətinin təhlükəsizliyi mühəndisliyi,I qrup,dövlət sifarişli,True,https://sec.az/kecid-ballari,
AZ,heyat-fealiyyetinin-tehlukesizliyi-muhendisliyi--adau--g1,,True,2024,230.8,dim_score_700,False,ADAU,Həyat fəaliyyətinin təhlükəsizliyi mühəndisliyi,I qrup,dövlət sifarişli,True,https://sec.az/kecid-ballari,
AZ,heyat-fealiyyetinin-tehlukesizliyi-muhendisliyi--adau--g1,,True,2025,242.5,dim_score_700,False,ADAU,Həyat fəaliyyətinin təhlükəsizliyi mühəndisliyi,I qrup,dövlət sifarişli,True,https://sec.az/kecid-ballari,
AZ,baytarliq-tebabeti--khazar--g4,,True,2023,229.4,dim_score_700,False,Khazar,Baytarlıq təbabəti,IV qrup,dövlət sifarişli,True,https://sec.az/kecid-ballari,
AZ,baytarliq-tebabeti--khazar--g4,,True,2024,246.5,dim_score_700,False,Khazar,Baytarlıq təbabəti,IV qrup,dövlət sifarişli,True,https://sec.az/kecid-ballari,
AZ,baytarliq-tebabeti--khazar--g4,,True,2025,242.0,dim_score_700,False,Khazar,Baytarlıq təbabəti,IV qrup,dövlət sifarişli,True,https://sec.az/kecid-ballari,
AZ,aerokosmik-muhendislik--aztu--g1,,True,2023,230.4,dim_score_700,False,AzTU,Aerokosmik mühəndislik,I qrup,dövlət sifarişli,True,https://sec.az/kecid-ballari,
AZ,aerokosmik-muhendislik--aztu--g1,,True,2024,233.2,dim_score_700,False,AzTU,Aerokosmik mühəndislik,I qrup,dövlət sifarişli,True,https://sec.az/kecid-ballari,
AZ,aerokosmik-muhendislik--aztu--g1,,True,2025,241.9,dim_score_700,False,AzTU,Aerokosmik mühəndislik,I qrup,dövlət sifarişli,True,https://sec.az/kecid-ballari,
AZ,dizayn--adau--g5,,True,2025,241.9,dim_score_700,False,ADAU,Dizayn,V qrup,dövlət sifarişli,True,https://sec.az/kecid-ballari,
AZ,mexanika-muhendisliyi--azmi-u--g1,,True,2023,237.4,dim_score_700,False,AzMİU,Mexanika mühəndisliyi,I qrup,dövlət sifarişli,True,https://sec.az/kecid-ballari,
AZ,mexanika-muhendisliyi--azmi-u--g1,,True,2024,236.9,dim_score_700,False,AzMİU,Mexanika mühəndisliyi,I qrup,dövlət sifarişli,True,https://sec.az/kecid-ballari,
AZ,mexanika-muhendisliyi--azmi-u--g1,,True,2025,241.6,dim_score_700,False,AzMİU,Mexanika mühəndisliyi,I qrup,dövlət sifarişli,True,https://sec.az/kecid-ballari,
AZ,riyaziyyat-ve-informatika--mdu--g1,,True,2023,246.9,dim_score_700,False,MDU,Riyaziyyat və informatika,I qrup,dövlət sifarişli,True,https://sec.az/kecid-ballari,
AZ,riyaziyyat-ve-informatika--mdu--g1,,True,2024,308.3,dim_score_700,False,MDU,Riyaziyyat və informatika,I qrup,dövlət sifarişli,True,https://sec.az/kecid-ballari,
AZ,riyaziyyat-ve-informatika--mdu--g1,,True,2025,241.2,dim_score_700,False,MDU,Riyaziyyat və informatika,I qrup,dövlət sifarişli,True,https://sec.az/kecid-ballari,
AZ,dizayn--bmu--g5--v1,1,False,2025,241.1,dim_score_700,False,BMU,Dizayn,V qrup,dövlət sifarişli,True,https://sec.az/kecid-ballari,
AZ,dizayn--bmu--g5--v2,2,False,2023,202.5,dim_score_700,False,BMU,Dizayn,V qrup,dövlət sifarişli,True,https://sec.az/kecid-ballari,
AZ,dizayn--bmu--g5--v2,2,False,2024,239.4,dim_score_700,False,BMU,Dizayn,V qrup,dövlət sifarişli,True,https://sec.az/kecid-ballari,
AZ,dizayn--bmu--g5--v2,2,False,2025,241.1,dim_score_700,False,BMU,Dizayn,V qrup,dövlət sifarişli,True,https://sec.az/kecid-ballari,
AZ,dizayn--atu-gence--g5,,True,2023,203.0,dim_score_700,False,ATU (Gəncə),Dizayn,V qrup,dövlət sifarişli,True,https://sec.az/kecid-ballari,
AZ,dizayn--atu-gence--g5,,True,2024,240.3,dim_score_700,False,ATU (Gəncə),Dizayn,V qrup,dövlət sifarişli,True,https://sec.az/kecid-ballari,
AZ,dizayn--atu-gence--g5,,True,2025,240.3,dim_score_700,False,ATU (Gəncə),Dizayn,V qrup,dövlət sifarişli,True,https://sec.az/kecid-ballari,
AZ,riyaziyyat-ve-informatika--ndu--g1,,True,2023,237.1,dim_score_700,False,NDU,Riyaziyyat və informatika,I qrup,dövlət sifarişli,True,https://sec.az/kecid-ballari,
AZ,riyaziyyat-ve-informatika--ndu--g1,,True,2024,324.0,dim_score_700,False,NDU,Riyaziyyat və informatika,I qrup,dövlət sifarişli,True,https://sec.az/kecid-ballari,
AZ,riyaziyyat-ve-informatika--ndu--g1,,True,2025,240.0,dim_score_700,False,NDU,Riyaziyyat və informatika,I qrup,dövlət sifarişli,True,https://sec.az/kecid-ballari,
AZ,dizayn--unec--g5,,True,2023,201.2,dim_score_700,False,UNEC,Dizayn,V qrup,dövlət sifarişli,True,https://sec.az/kecid-ballari,
AZ,dizayn--unec--g5,,True,2024,236.9,dim_score_700,False,UNEC,Dizayn,V qrup,dövlət sifarişli,True,https://sec.az/kecid-ballari,
AZ,dizayn--unec--g5,,True,2025,239.9,dim_score_700,False,UNEC,Dizayn,V qrup,dövlət sifarişli,True,https://sec.az/kecid-ballari,
AZ,meliorasiya-muhendisliyi--azmi-u--g1,,True,2023,215.9,dim_score_700,False,AzMİU,Meliorasiya mühəndisliyi,I qrup,dövlət sifarişli,True,https://sec.az/kecid-ballari,
AZ,meliorasiya-muhendisliyi--azmi-u--g1,,True,2024,235.0,dim_score_700,False,AzMİU,Meliorasiya mühəndisliyi,I qrup,dövlət sifarişli,True,https://sec.az/kecid-ballari,
AZ,meliorasiya-muhendisliyi--azmi-u--g1,,True,2025,238.6,dim_score_700,False,AzMİU,Meliorasiya mühəndisliyi,I qrup,dövlət sifarişli,True,https://sec.az/kecid-ballari,
AZ,masin-muhendisliyi--unec--g1,,True,2023,267.3,dim_score_700,False,UNEC,Maşın mühəndisliyi,I qrup,dövlət sifarişli,True,https://sec.az/kecid-ballari,
AZ,masin-muhendisliyi--unec--g1,,True,2024,265.9,dim_score_700,False,UNEC,Maşın mühəndisliyi,I qrup,dövlət sifarişli,True,https://sec.az/kecid-ballari,
AZ,masin-muhendisliyi--unec--g1,,True,2025,238.5,dim_score_700,False,UNEC,Maşın mühəndisliyi,I qrup,dövlət sifarişli,True,https://sec.az/kecid-ballari,
AZ,eczaciliq--adau--g4,,True,2023,201.4,dim_score_700,False,ADAU,Əczaçılıq,IV qrup,dövlət sifarişli,True,https://sec.az/kecid-ballari,
AZ,eczaciliq--adau--g4,,True,2024,230.7,dim_score_700,False,ADAU,Əczaçılıq,IV qrup,dövlət sifarişli,True,https://sec.az/kecid-ballari,
AZ,eczaciliq--adau--g4,,True,2025,238.2,dim_score_700,False,ADAU,Əczaçılıq,IV qrup,dövlət sifarişli,True,https://sec.az/kecid-ballari,
AZ,heyat-fealiyyetinin-tehlukesizliyi-muhendisliyi--adnsu--g1,,True,2023,200.8,dim_score_700,False,ADNSU,Həyat fəaliyyətinin təhlükəsizliyi mühəndisliyi,I qrup,dövlət sifarişli,True,https://sec.az/kecid-ballari,
AZ,heyat-fealiyyetinin-tehlukesizliyi-muhendisliyi--adnsu--g1,,True,2024,206.4,dim_score_700,False,ADNSU,Həyat fəaliyyətinin təhlükəsizliyi mühəndisliyi,I qrup,dövlət sifarişli,True,https://sec.az/kecid-ballari,
AZ,heyat-fealiyyetinin-tehlukesizliyi-muhendisliyi--adnsu--g1,,True,2025,237.0,dim_score_700,False,ADNSU,Həyat fəaliyyətinin təhlükəsizliyi mühəndisliyi,I qrup,dövlət sifarişli,True,https://sec.az/kecid-ballari,
AZ,komputer-muhendisliyi--ldu--g1,,True,2023,223.8,dim_score_700,False,LDU,Kompüter mühəndisliyi,I qrup,dövlət sifarişli,True,https://sec.az/kecid-ballari,
AZ,komputer-muhendisliyi--ldu--g1,,True,2024,249.1,dim_score_700,False,LDU,Kompüter mühəndisliyi,I qrup,dövlət sifarişli,True,https://sec.az/kecid-ballari,
AZ,komputer-muhendisliyi--ldu--g1,,True,2025,236.9,dim_score_700,False,LDU,Kompüter mühəndisliyi,I qrup,dövlət sifarişli,True,https://sec.az/kecid-ballari,
AZ,torpaqsunasliq-ve-aqrokimya--aku--g1,,True,2023,222.0,dim_score_700,False,AKU,Torpaqşünaslıq və aqrokimya,I qrup,dövlət sifarişli,True,https://sec.az/kecid-ballari,
AZ,torpaqsunasliq-ve-aqrokimya--aku--g1,,True,2024,243.0,dim_score_700,False,AKU,Torpaqşünaslıq və aqrokimya,I qrup,dövlət sifarişli,True,https://sec.az/kecid-ballari,
AZ,torpaqsunasliq-ve-aqrokimya--aku--g1,,True,2025,236.1,dim_score_700,False,AKU,Torpaqşünaslıq və aqrokimya,I qrup,dövlət sifarişli,True,https://sec.az/kecid-ballari,
AZ,i-nformasiya-texnologiyalari--ndu--g1,,True,2023,217.2,dim_score_700,False,NDU,İnformasiya texnologiyaları,I qrup,dövlət sifarişli,True,https://sec.az/kecid-ballari,
AZ,i-nformasiya-texnologiyalari--ndu--g1,,True,2024,248.8,dim_score_700,False,NDU,İnformasiya texnologiyaları,I qrup,dövlət sifarişli,True,https://sec.az/kecid-ballari,
AZ,i-nformasiya-texnologiyalari--ndu--g1,,True,2025,234.2,dim_score_700,False,NDU,İnformasiya texnologiyaları,I qrup,dövlət sifarişli,True,https://sec.az/kecid-ballari,
AZ,mexanika--bdu--g1,,True,2023,257.2,dim_score_700,False,BDU,Mexanika,I qrup,dövlət sifarişli,True,https://sec.az/kecid-ballari,
AZ,mexanika--bdu--g1,,True,2024,285.4,dim_score_700,False,BDU,Mexanika,I qrup,dövlət sifarişli,True,https://sec.az/kecid-ballari,
AZ,mexanika--bdu--g1,,True,2025,233.9,dim_score_700,False,BDU,Mexanika,I qrup,dövlət sifarişli,True,https://sec.az/kecid-ballari,
AZ,neqliyyat-muhendisliyi--bmu--g1,,True,2025,233.9,dim_score_700,False,BMU,Nəqliyyat mühəndisliyi,I qrup,dövlət sifarişli,True,https://sec.az/kecid-ballari,
AZ,komputer-muhendisliyi--adau--g1,,True,2023,233.3,dim_score_700,False,ADAU,Kompüter mühəndisliyi,I qrup,dövlət sifarişli,True,https://sec.az/kecid-ballari,
AZ,komputer-muhendisliyi--adau--g1,,True,2024,240.1,dim_score_700,False,ADAU,Kompüter mühəndisliyi,I qrup,dövlət sifarişli,True,https://sec.az/kecid-ballari,
AZ,komputer-muhendisliyi--adau--g1,,True,2025,233.3,dim_score_700,False,ADAU,Kompüter mühəndisliyi,I qrup,dövlət sifarişli,True,https://sec.az/kecid-ballari,
AZ,elektrik-ve-elektronika-muhendisliyi--ndu--g1,,True,2023,216.8,dim_score_700,False,NDU,Elektrik və elektronika mühəndisliyi,I qrup,dövlət sifarişli,True,https://sec.az/kecid-ballari,
AZ,elektrik-ve-elektronika-muhendisliyi--ndu--g1,,True,2024,256.0,dim_score_700,False,NDU,Elektrik və elektronika mühəndisliyi,I qrup,dövlət sifarişli,True,https://sec.az/kecid-ballari,
AZ,elektrik-ve-elektronika-muhendisliyi--ndu--g1,,True,2025,233.2,dim_score_700,False,NDU,Elektrik və elektronika mühəndisliyi,I qrup,dövlət sifarişli,True,https://sec.az/kecid-ballari,
AZ,energetika-muhendisliyi--adau--g1,,True,2023,204.1,dim_score_700,False,ADAU,Energetika mühəndisliyi,I qrup,dövlət sifarişli,True,https://sec.az/kecid-ballari,
AZ,energetika-muhendisliyi--adau--g1,,True,2024,203.3,dim_score_700,False,ADAU,Energetika mühəndisliyi,I qrup,dövlət sifarişli,True,https://sec.az/kecid-ballari,
AZ,energetika-muhendisliyi--adau--g1,,True,2025,232.7,dim_score_700,False,ADAU,Energetika mühəndisliyi,I qrup,dövlət sifarişli,True,https://sec.az/kecid-ballari,
AZ,materiallar-muhendisliyi--unec--g1,,True,2023,223.3,dim_score_700,False,UNEC,Materiallar mühəndisliyi,I qrup,dövlət sifarişli,True,https://sec.az/kecid-ballari,
AZ,materiallar-muhendisliyi--unec--g1,,True,2024,222.9,dim_score_700,False,UNEC,Materiallar mühəndisliyi,I qrup,dövlət sifarişli,True,https://sec.az/kecid-ballari,
AZ,materiallar-muhendisliyi--unec--g1,,True,2025,232.4,dim_score_700,False,UNEC,Materiallar mühəndisliyi,I qrup,dövlət sifarişli,True,https://sec.az/kecid-ballari,
AZ,i-nformasiya-texnologiyalari--adau--g1,,True,2023,275.1,dim_score_700,False,ADAU,İnformasiya texnologiyaları,I qrup,dövlət sifarişli,True,https://sec.az/kecid-ballari,
AZ,i-nformasiya-texnologiyalari--adau--g1,,True,2024,296.6,dim_score_700,False,ADAU,İnformasiya texnologiyaları,I qrup,dövlət sifarişli,True,https://sec.az/kecid-ballari,
AZ,i-nformasiya-texnologiyalari--adau--g1,,True,2025,232.0,dim_score_700,False,ADAU,İnformasiya texnologiyaları,I qrup,dövlət sifarişli,True,https://sec.az/kecid-ballari,
AZ,texnologiya-muellimliyi--adpu--g1,,True,2023,258.9,dim_score_700,False,ADPU,Texnologiya müəllimliyi,I qrup,dövlət sifarişli,True,https://sec.az/kecid-ballari,
AZ,texnologiya-muellimliyi--adpu--g1,,True,2024,249.4,dim_score_700,False,ADPU,Texnologiya müəllimliyi,I qrup,dövlət sifarişli,True,https://sec.az/kecid-ballari,
AZ,texnologiya-muellimliyi--adpu--g1,,True,2025,231.6,dim_score_700,False,ADPU,Texnologiya müəllimliyi,I qrup,dövlət sifarişli,True,https://sec.az/kecid-ballari,
AZ,mexanika-muhendisliyi--aztu--g1,,True,2023,214.4,dim_score_700,False,AzTU,Mexanika mühəndisliyi,I qrup,dövlət sifarişli,True,https://sec.az/kecid-ballari,
AZ,mexanika-muhendisliyi--aztu--g1,,True,2024,212.4,dim_score_700,False,AzTU,Mexanika mühəndisliyi,I qrup,dövlət sifarişli,True,https://sec.az/kecid-ballari,
AZ,mexanika-muhendisliyi--aztu--g1,,True,2025,231.5,dim_score_700,False,AzTU,Mexanika mühəndisliyi,I qrup,dövlət sifarişli,True,https://sec.az/kecid-ballari,
AZ,neqliyyat-muhendisliyi--aztu--g1,,True,2023,202.4,dim_score_700,False,AzTU,Nəqliyyat mühəndisliyi,I qrup,dövlət sifarişli,True,https://sec.az/kecid-ballari,
AZ,neqliyyat-muhendisliyi--aztu--g1,,True,2024,214.5,dim_score_700,False,AzTU,Nəqliyyat mühəndisliyi,I qrup,dövlət sifarişli,True,https://sec.az/kecid-ballari,
AZ,neqliyyat-muhendisliyi--aztu--g1,,True,2025,231.3,dim_score_700,False,AzTU,Nəqliyyat mühəndisliyi,I qrup,dövlət sifarişli,True,https://sec.az/kecid-ballari,
AZ,turizm-beledciliyi--gdu--g2,,True,2023,269.2,dim_score_700,False,GDU,Turizm bələdçiliyi,II qrup,dövlət sifarişli,True,https://sec.az/kecid-ballari,
AZ,turizm-beledciliyi--gdu--g2,,True,2024,268.8,dim_score_700,False,GDU,Turizm bələdçiliyi,II qrup,dövlət sifarişli,True,https://sec.az/kecid-ballari,
AZ,turizm-beledciliyi--gdu--g2,,True,2025,230.8,dim_score_700,False,GDU,Turizm bələdçiliyi,II qrup,dövlət sifarişli,True,https://sec.az/kecid-ballari,
AZ,neqliyyat-tikintisi-muhendisliyi--azmi-u--g1,,True,2023,206.4,dim_score_700,False,AzMİU,Nəqliyyat tikintisi mühəndisliyi,I qrup,dövlət sifarişli,True,https://sec.az/kecid-ballari,
AZ,neqliyyat-tikintisi-muhendisliyi--azmi-u--g1,,True,2024,211.4,dim_score_700,False,AzMİU,Nəqliyyat tikintisi mühəndisliyi,I qrup,dövlət sifarişli,True,https://sec.az/kecid-ballari,
AZ,neqliyyat-tikintisi-muhendisliyi--azmi-u--g1,,True,2025,230.5,dim_score_700,False,AzMİU,Nəqliyyat tikintisi mühəndisliyi,I qrup,dövlət sifarişli,True,https://sec.az/kecid-ballari,
AZ,meden-muhendisliyi--bdu--g1,,True,2023,209.6,dim_score_700,False,BDU,Mədən mühəndisliyi,I qrup,dövlət sifarişli,True,https://sec.az/kecid-ballari,
AZ,meden-muhendisliyi--bdu--g1,,True,2024,208.9,dim_score_700,False,BDU,Mədən mühəndisliyi,I qrup,dövlət sifarişli,True,https://sec.az/kecid-ballari,
AZ,meden-muhendisliyi--bdu--g1,,True,2025,230.0,dim_score_700,False,BDU,Mədən mühəndisliyi,I qrup,dövlət sifarişli,True,https://sec.az/kecid-ballari,
AZ,elektrik-ve-elektronika-muhendisliyi--mdu--g1,,True,2023,212.2,dim_score_700,False,MDU,Elektrik və elektronika mühəndisliyi,I qrup,dövlət sifarişli,True,https://sec.az/kecid-ballari,
AZ,elektrik-ve-elektronika-muhendisliyi--mdu--g1,,True,2024,252.9,dim_score_700,False,MDU,Elektrik və elektronika mühəndisliyi,I qrup,dövlət sifarişli,True,https://sec.az/kecid-ballari,
AZ,elektrik-ve-elektronika-muhendisliyi--mdu--g1,,True,2025,229.4,dim_score_700,False,MDU,Elektrik və elektronika mühəndisliyi,I qrup,dövlət sifarişli,True,https://sec.az/kecid-ballari,
AZ,riyaziyyat-ve-informatika--sdu--g1,,True,2023,225.8,dim_score_700,False,SDU,Riyaziyyat və informatika,I qrup,dövlət sifarişli,True,https://sec.az/kecid-ballari,
AZ,riyaziyyat-ve-informatika--sdu--g1,,True,2024,321.7,dim_score_700,False,SDU,Riyaziyyat və informatika,I qrup,dövlət sifarişli,True,https://sec.az/kecid-ballari,
AZ,riyaziyyat-ve-informatika--sdu--g1,,True,2025,229.3,dim_score_700,False,SDU,Riyaziyyat və informatika,I qrup,dövlət sifarişli,True,https://sec.az/kecid-ballari,
AZ,dekorativ-tetbiqi-senet--bmu--g5,,True,2025,228.6,dim_score_700,False,BMU,Dekorativ-tətbiqi sənət,V qrup,dövlət sifarişli,True,https://sec.az/kecid-ballari,
AZ,ekologiya-muhendisliyi--aku--g1,,True,2023,211.3,dim_score_700,False,AKU,Ekologiya mühəndisliyi,I qrup,dövlət sifarişli,True,https://sec.az/kecid-ballari,
AZ,ekologiya-muhendisliyi--aku--g1,,True,2024,227.9,dim_score_700,False,AKU,Ekologiya mühəndisliyi,I qrup,dövlət sifarişli,True,https://sec.az/kecid-ballari,
AZ,ekologiya-muhendisliyi--aku--g1,,True,2025,227.9,dim_score_700,False,AKU,Ekologiya mühəndisliyi,I qrup,dövlət sifarişli,True,https://sec.az/kecid-ballari,
AZ,i-nstrumental-ifaciliq--ndu--g5--v1,1,False,2023,129.3,dim_score_700,False,NDU,İnstrumental ifaçılıq,V qrup,dövlət sifarişli,True,https://sec.az/kecid-ballari,
AZ,i-nstrumental-ifaciliq--ndu--g5--v1,1,False,2024,227.5,dim_score_700,False,NDU,İnstrumental ifaçılıq,V qrup,dövlət sifarişli,True,https://sec.az/kecid-ballari,
AZ,i-nstrumental-ifaciliq--ndu--g5--v1,1,False,2025,227.5,dim_score_700,False,NDU,İnstrumental ifaçılıq,V qrup,dövlət sifarişli,True,https://sec.az/kecid-ballari,
AZ,i-nstrumental-ifaciliq--ndu--g5--v2,2,False,2023,64.7,dim_score_700,False,NDU,İnstrumental ifaçılıq,V qrup,dövlət sifarişli,True,https://sec.az/kecid-ballari,
AZ,i-nstrumental-ifaciliq--ndu--g5--v2,2,False,2024,184.8,dim_score_700,False,NDU,İnstrumental ifaçılıq,V qrup,dövlət sifarişli,True,https://sec.az/kecid-ballari,
AZ,i-nstrumental-ifaciliq--ndu--g5--v2,2,False,2025,112.4,dim_score_700,False,NDU,İnstrumental ifaçılıq,V qrup,dövlət sifarişli,True,https://sec.az/kecid-ballari,
AZ,i-nstrumental-ifaciliq--ndu--g5--v3,3,False,2023,63.5,dim_score_700,False,NDU,İnstrumental ifaçılıq,V qrup,dövlət sifarişli,True,https://sec.az/kecid-ballari,
AZ,i-nstrumental-ifaciliq--ndu--g5--v3,3,False,2024,76.2,dim_score_700,False,NDU,İnstrumental ifaçılıq,V qrup,dövlət sifarişli,True,https://sec.az/kecid-ballari,
AZ,i-nstrumental-ifaciliq--ndu--g5--v3,3,False,2025,94.5,dim_score_700,False,NDU,İnstrumental ifaçılıq,V qrup,dövlət sifarişli,True,https://sec.az/kecid-ballari,
AZ,i-nstrumental-ifaciliq--ndu--g5--v4,4,False,2023,82.2,dim_score_700,False,NDU,İnstrumental ifaçılıq,V qrup,dövlət sifarişli,True,https://sec.az/kecid-ballari,
AZ,i-nstrumental-ifaciliq--ndu--g5--v4,4,False,2024,198.9,dim_score_700,False,NDU,İnstrumental ifaçılıq,V qrup,dövlət sifarişli,True,https://sec.az/kecid-ballari,
AZ,i-nstrumental-ifaciliq--ndu--g5--v4,4,False,2025,63.5,dim_score_700,False,NDU,İnstrumental ifaçılıq,V qrup,dövlət sifarişli,True,https://sec.az/kecid-ballari,
AZ,elektrik-ve-elektronika-muhendisliyi--adau--g1,,True,2023,219.2,dim_score_700,False,ADAU,Elektrik və elektronika mühəndisliyi,I qrup,dövlət sifarişli,True,https://sec.az/kecid-ballari,
AZ,elektrik-ve-elektronika-muhendisliyi--adau--g1,,True,2024,232.8,dim_score_700,False,ADAU,Elektrik və elektronika mühəndisliyi,I qrup,dövlət sifarişli,True,https://sec.az/kecid-ballari,
AZ,elektrik-ve-elektronika-muhendisliyi--adau--g1,,True,2025,226.8,dim_score_700,False,ADAU,Elektrik və elektronika mühəndisliyi,I qrup,dövlət sifarişli,True,https://sec.az/kecid-ballari,
AZ,proseslerin-avtomatlasdirilmasi-muhendisliyi--sdu--g1,,True,2023,209.6,dim_score_700,False,SDU,Proseslərin avtomatlaşdırılması mühəndisliyi,I qrup,dövlət sifarişli,True,https://sec.az/kecid-ballari,
AZ,proseslerin-avtomatlasdirilmasi-muhendisliyi--sdu--g1,,True,2025,226.7,dim_score_700,False,SDU,Proseslərin avtomatlaşdırılması mühəndisliyi,I qrup,dövlət sifarişli,True,https://sec.az/kecid-ballari,
AZ,texnologiya-muellimliyi--gdu--g1,,True,2023,258.1,dim_score_700,False,GDU,Texnologiya müəllimliyi,I qrup,dövlət sifarişli,True,https://sec.az/kecid-ballari,
AZ,texnologiya-muellimliyi--gdu--g1,,True,2024,226.1,dim_score_700,False,GDU,Texnologiya müəllimliyi,I qrup,dövlət sifarişli,True,https://sec.az/kecid-ballari,
AZ,texnologiya-muellimliyi--gdu--g1,,True,2025,226.1,dim_score_700,False,GDU,Texnologiya müəllimliyi,I qrup,dövlət sifarişli,True,https://sec.az/kecid-ballari,
AZ,materiallar-muhendisliyi--adnsu--g1,,True,2023,208.0,dim_score_700,False,ADNSU,Materiallar mühəndisliyi,I qrup,dövlət sifarişli,True,https://sec.az/kecid-ballari,
AZ,materiallar-muhendisliyi--adnsu--g1,,True,2024,225.2,dim_score_700,False,ADNSU,Materiallar mühəndisliyi,I qrup,dövlət sifarişli,True,https://sec.az/kecid-ballari,
AZ,materiallar-muhendisliyi--adnsu--g1,,True,2025,225.2,dim_score_700,False,ADNSU,Materiallar mühəndisliyi,I qrup,dövlət sifarişli,True,https://sec.az/kecid-ballari,
AZ,serabciliq--bmu--g1--v1,1,False,2024,225.9,dim_score_700,False,BMU,Şərabçılıq,I qrup,dövlət sifarişli,True,https://sec.az/kecid-ballari,
AZ,serabciliq--bmu--g1--v1,1,False,2025,224.3,dim_score_700,False,BMU,Şərabçılıq,I qrup,dövlət sifarişli,True,https://sec.az/kecid-ballari,
AZ,serabciliq--bmu--g1--v2,2,False,2024,197.8,dim_score_700,False,BMU,Şərabçılıq,I qrup,dövlət sifarişli,True,https://sec.az/kecid-ballari,
AZ,serabciliq--bmu--g1--v2,2,False,2025,209.5,dim_score_700,False,BMU,Şərabçılıq,I qrup,dövlət sifarişli,True,https://sec.az/kecid-ballari,
AZ,i-nformasiya-texnologiyalari--ldu--g1,,True,2023,256.6,dim_score_700,False,LDU,İnformasiya texnologiyaları,I qrup,dövlət sifarişli,True,https://sec.az/kecid-ballari,
AZ,i-nformasiya-texnologiyalari--ldu--g1,,True,2024,230.1,dim_score_700,False,LDU,İnformasiya texnologiyaları,I qrup,dövlət sifarişli,True,https://sec.az/kecid-ballari,
AZ,i-nformasiya-texnologiyalari--ldu--g1,,True,2025,224.2,dim_score_700,False,LDU,İnformasiya texnologiyaları,I qrup,dövlət sifarişli,True,https://sec.az/kecid-ballari,
AZ,masin-muhendisliyi--aztu--g1--v1,1,False,2023,200.6,dim_score_700,False,AzTU,Maşın mühəndisliyi,I qrup,dövlət sifarişli,True,https://sec.az/kecid-ballari,
AZ,masin-muhendisliyi--aztu--g1--v1,1,False,2024,223.6,dim_score_700,False,AzTU,Maşın mühəndisliyi,I qrup,dövlət sifarişli,True,https://sec.az/kecid-ballari,
AZ,masin-muhendisliyi--aztu--g1--v1,1,False,2025,224.0,dim_score_700,False,AzTU,Maşın mühəndisliyi,I qrup,dövlət sifarişli,True,https://sec.az/kecid-ballari,
AZ,masin-muhendisliyi--aztu--g1--v2,2,False,2025,202.1,dim_score_700,False,AzTU,Maşın mühəndisliyi,I qrup,dövlət sifarişli,True,https://sec.az/kecid-ballari,
AZ,maliyye--qarabag-uni--g2,,True,2024,500.5,dim_score_700,False,Qarabağ Uni,Maliyyə,II qrup,dövlət sifarişli,True,https://sec.az/kecid-ballari,
AZ,maliyye--qarabag-uni--g2,,True,2025,224.0,dim_score_700,False,Qarabağ Uni,Maliyyə,II qrup,dövlət sifarişli,True,https://sec.az/kecid-ballari,
AZ,cihaz-muhendisliyi--aztu--g1,,True,2023,222.3,dim_score_700,False,AzTU,Cihaz mühəndisliyi,I qrup,dövlət sifarişli,True,https://sec.az/kecid-ballari,
AZ,cihaz-muhendisliyi--aztu--g1,,True,2024,211.8,dim_score_700,False,AzTU,Cihaz mühəndisliyi,I qrup,dövlət sifarişli,True,https://sec.az/kecid-ballari,
AZ,cihaz-muhendisliyi--aztu--g1,,True,2025,223.6,dim_score_700,False,AzTU,Cihaz mühəndisliyi,I qrup,dövlət sifarişli,True,https://sec.az/kecid-ballari,
AZ,mesecilik--qku--g1--v1,1,False,2023,207.4,dim_score_700,False,QKU,Meşəçilik,I qrup,dövlət sifarişli,True,https://sec.az/kecid-ballari,
AZ,mesecilik--qku--g1--v1,1,False,2024,226.0,dim_score_700,False,QKU,Meşəçilik,I qrup,dövlət sifarişli,True,https://sec.az/kecid-ballari,
AZ,mesecilik--qku--g1--v1,1,False,2025,223.0,dim_score_700,False,QKU,Meşəçilik,I qrup,dövlət sifarişli,True,https://sec.az/kecid-ballari,
AZ,mesecilik--qku--g1--v2,2,False,2023,203.2,dim_score_700,False,QKU,Meşəçilik,I qrup,dövlət sifarişli,True,https://sec.az/kecid-ballari,
AZ,mesecilik--qku--g1--v2,2,False,2024,211.7,dim_score_700,False,QKU,Meşəçilik,I qrup,dövlət sifarişli,True,https://sec.az/kecid-ballari,
AZ,mesecilik--qku--g1--v2,2,False,2025,199.0,dim_score_700,False,QKU,Meşəçilik,I qrup,dövlət sifarişli,True,https://sec.az/kecid-ballari,
AZ,su-bioehtiyatlari-ve-akvakultura--qku--g4,,True,2024,205.3,dim_score_700,False,QKU,Su bioehtiyatları və akvakultura,IV qrup,dövlət sifarişli,True,https://sec.az/kecid-ballari,
AZ,su-bioehtiyatlari-ve-akvakultura--qku--g4,,True,2025,222.6,dim_score_700,False,QKU,Su bioehtiyatları və akvakultura,IV qrup,dövlət sifarişli,True,https://sec.az/kecid-ballari,
AZ,mexanika-muhendisliyi--sdu--g1,,True,2024,264.5,dim_score_700,False,SDU,Mexanika mühəndisliyi,I qrup,dövlət sifarişli,True,https://sec.az/kecid-ballari,
AZ,mexanika-muhendisliyi--sdu--g1,,True,2025,221.5,dim_score_700,False,SDU,Mexanika mühəndisliyi,I qrup,dövlət sifarişli,True,https://sec.az/kecid-ballari,
AZ,ekologiya-muhendisliyi--ndu--g1,,True,2023,338.9,dim_score_700,False,NDU,Ekologiya mühəndisliyi,I qrup,dövlət sifarişli,True,https://sec.az/kecid-ballari,
AZ,ekologiya-muhendisliyi--ndu--g1,,True,2024,248.4,dim_score_700,False,NDU,Ekologiya mühəndisliyi,I qrup,dövlət sifarişli,True,https://sec.az/kecid-ballari,
AZ,ekologiya-muhendisliyi--ndu--g1,,True,2025,221.0,dim_score_700,False,NDU,Ekologiya mühəndisliyi,I qrup,dövlət sifarişli,True,https://sec.az/kecid-ballari,
AZ,komputer-muhendisliyi--atu-gence--g1,,True,2023,249.9,dim_score_700,False,ATU (Gəncə),Kompüter mühəndisliyi,I qrup,dövlət sifarişli,True,https://sec.az/kecid-ballari,
AZ,komputer-muhendisliyi--atu-gence--g1,,True,2024,264.7,dim_score_700,False,ATU (Gəncə),Kompüter mühəndisliyi,I qrup,dövlət sifarişli,True,https://sec.az/kecid-ballari,
AZ,komputer-muhendisliyi--atu-gence--g1,,True,2025,221.0,dim_score_700,False,ATU (Gəncə),Kompüter mühəndisliyi,I qrup,dövlət sifarişli,True,https://sec.az/kecid-ballari,
AZ,muhendislik-fizikasi--adnsu--g1,,True,2023,252.7,dim_score_700,False,ADNSU,Mühəndislik fizikası,I qrup,dövlət sifarişli,True,https://sec.az/kecid-ballari,
AZ,muhendislik-fizikasi--adnsu--g1,,True,2024,203.6,dim_score_700,False,ADNSU,Mühəndislik fizikası,I qrup,dövlət sifarişli,True,https://sec.az/kecid-ballari,
AZ,muhendislik-fizikasi--adnsu--g1,,True,2025,220.1,dim_score_700,False,ADNSU,Mühəndislik fizikası,I qrup,dövlət sifarişli,True,https://sec.az/kecid-ballari,
AZ,geomatika-ve-geodeziya-muhendisliyi--bdu--g1,,True,2023,215.0,dim_score_700,False,BDU,Geomatika və geodeziya mühəndisliyi,I qrup,dövlət sifarişli,True,https://sec.az/kecid-ballari,
AZ,geomatika-ve-geodeziya-muhendisliyi--bdu--g1,,True,2024,216.5,dim_score_700,False,BDU,Geomatika və geodeziya mühəndisliyi,I qrup,dövlət sifarişli,True,https://sec.az/kecid-ballari,
AZ,geomatika-ve-geodeziya-muhendisliyi--bdu--g1,,True,2025,220.0,dim_score_700,False,BDU,Geomatika və geodeziya mühəndisliyi,I qrup,dövlət sifarişli,True,https://sec.az/kecid-ballari,
AZ,heyat-fealiyyetinin-tehlukesizliyi-muhendisliyi--aztu--g1,,True,2023,207.4,dim_score_700,False,AzTU,Həyat fəaliyyətinin təhlükəsizliyi mühəndisliyi,I qrup,dövlət sifarişli,True,https://sec.az/kecid-ballari,
AZ,heyat-fealiyyetinin-tehlukesizliyi-muhendisliyi--aztu--g1,,True,2024,205.5,dim_score_700,False,AzTU,Həyat fəaliyyətinin təhlükəsizliyi mühəndisliyi,I qrup,dövlət sifarişli,True,https://sec.az/kecid-ballari,
AZ,heyat-fealiyyetinin-tehlukesizliyi-muhendisliyi--aztu--g1,,True,2025,219.9,dim_score_700,False,AzTU,Həyat fəaliyyətinin təhlükəsizliyi mühəndisliyi,I qrup,dövlət sifarişli,True,https://sec.az/kecid-ballari,
AZ,aqronomluq--adau--g1--v1,1,False,2023,218.7,dim_score_700,False,ADAU,Aqronomluq,I qrup,dövlət sifarişli,True,https://sec.az/kecid-ballari,
AZ,aqronomluq--adau--g1--v1,1,False,2024,249.4,dim_score_700,False,ADAU,Aqronomluq,I qrup,dövlət sifarişli,True,https://sec.az/kecid-ballari,
AZ,aqronomluq--adau--g1--v1,1,False,2025,217.7,dim_score_700,False,ADAU,Aqronomluq,I qrup,dövlət sifarişli,True,https://sec.az/kecid-ballari,
AZ,aqronomluq--adau--g1--v2,2,False,2023,204.4,dim_score_700,False,ADAU,Aqronomluq,I qrup,dövlət sifarişli,True,https://sec.az/kecid-ballari,
AZ,aqronomluq--adau--g1--v2,2,False,2025,197.1,dim_score_700,False,ADAU,Aqronomluq,I qrup,dövlət sifarişli,True,https://sec.az/kecid-ballari,
AZ,aqronomluq--adau--g1--v3,3,False,2023,182.8,dim_score_700,False,ADAU,Aqronomluq,I qrup,dövlət sifarişli,True,https://sec.az/kecid-ballari,
AZ,aqronomluq--adau--g1--v3,3,False,2024,200.7,dim_score_700,False,ADAU,Aqronomluq,I qrup,dövlət sifarişli,True,https://sec.az/kecid-ballari,
AZ,aqronomluq--adau--g1--v3,3,False,2025,196.4,dim_score_700,False,ADAU,Aqronomluq,I qrup,dövlət sifarişli,True,https://sec.az/kecid-ballari,
AZ,aqronomluq--adau--g1--v4,4,False,2023,191.5,dim_score_700,False,ADAU,Aqronomluq,I qrup,dövlət sifarişli,True,https://sec.az/kecid-ballari,
AZ,aqronomluq--adau--g1--v4,4,False,2024,208.1,dim_score_700,False,ADAU,Aqronomluq,I qrup,dövlət sifarişli,True,https://sec.az/kecid-ballari,
AZ,aqronomluq--adau--g1--v4,4,False,2025,188.4,dim_score_700,False,ADAU,Aqronomluq,I qrup,dövlət sifarişli,True,https://sec.az/kecid-ballari,
AZ,geologiya--adnsu--g1,,True,2023,223.1,dim_score_700,False,ADNSU,Geologiya,I qrup,dövlət sifarişli,True,https://sec.az/kecid-ballari,
AZ,geologiya--adnsu--g1,,True,2024,226.1,dim_score_700,False,ADNSU,Geologiya,I qrup,dövlət sifarişli,True,https://sec.az/kecid-ballari,
AZ,geologiya--adnsu--g1,,True,2025,216.9,dim_score_700,False,ADNSU,Geologiya,I qrup,dövlət sifarişli,True,https://sec.az/kecid-ballari,
AZ,cografiya-muellimliyi--qarabag-uni--g2,,True,2024,382.7,dim_score_700,False,Qarabağ Uni,Coğrafiya müəllimliyi,II qrup,dövlət sifarişli,True,https://sec.az/kecid-ballari,
AZ,cografiya-muellimliyi--qarabag-uni--g2,,True,2025,215.4,dim_score_700,False,Qarabağ Uni,Coğrafiya müəllimliyi,II qrup,dövlət sifarişli,True,https://sec.az/kecid-ballari,
AZ,torpaqsunasliq-ve-aqrokimya--adau--g1--v1,1,False,2023,190.2,dim_score_700,False,ADAU,Torpaqşünaslıq və aqrokimya,I qrup,dövlət sifarişli,True,https://sec.az/kecid-ballari,
AZ,torpaqsunasliq-ve-aqrokimya--adau--g1--v1,1,False,2024,213.3,dim_score_700,False,ADAU,Torpaqşünaslıq və aqrokimya,I qrup,dövlət sifarişli,True,https://sec.az/kecid-ballari,
AZ,torpaqsunasliq-ve-aqrokimya--adau--g1--v1,1,False,2025,215.3,dim_score_700,False,ADAU,Torpaqşünaslıq və aqrokimya,I qrup,dövlət sifarişli,True,https://sec.az/kecid-ballari,
AZ,torpaqsunasliq-ve-aqrokimya--adau--g1--v2,2,False,2023,210.0,dim_score_700,False,ADAU,Torpaqşünaslıq və aqrokimya,I qrup,dövlət sifarişli,True,https://sec.az/kecid-ballari,
AZ,torpaqsunasliq-ve-aqrokimya--adau--g1--v2,2,False,2024,230.5,dim_score_700,False,ADAU,Torpaqşünaslıq və aqrokimya,I qrup,dövlət sifarişli,True,https://sec.az/kecid-ballari,
AZ,torpaqsunasliq-ve-aqrokimya--adau--g1--v2,2,False,2025,204.1,dim_score_700,False,ADAU,Torpaqşünaslıq və aqrokimya,I qrup,dövlət sifarişli,True,https://sec.az/kecid-ballari,
AZ,torpaqsunasliq-ve-aqrokimya--adau--g1--v3,3,False,2023,192.7,dim_score_700,False,ADAU,Torpaqşünaslıq və aqrokimya,I qrup,dövlət sifarişli,True,https://sec.az/kecid-ballari,
AZ,torpaqsunasliq-ve-aqrokimya--adau--g1--v3,3,False,2024,211.4,dim_score_700,False,ADAU,Torpaqşünaslıq və aqrokimya,I qrup,dövlət sifarişli,True,https://sec.az/kecid-ballari,
AZ,torpaqsunasliq-ve-aqrokimya--adau--g1--v3,3,False,2025,200.9,dim_score_700,False,ADAU,Torpaqşünaslıq və aqrokimya,I qrup,dövlət sifarişli,True,https://sec.az/kecid-ballari,
AZ,torpaqsunasliq-ve-aqrokimya--adau--g1--v4,4,False,2025,190.4,dim_score_700,False,ADAU,Torpaqşünaslıq və aqrokimya,I qrup,dövlət sifarişli,True,https://sec.az/kecid-ballari,
AZ,turizm-beledciliyi--mdu--g2,,True,2024,267.9,dim_score_700,False,MDU,Turizm bələdçiliyi,II qrup,dövlət sifarişli,True,https://sec.az/kecid-ballari,
AZ,turizm-beledciliyi--mdu--g2,,True,2025,214.7,dim_score_700,False,MDU,Turizm bələdçiliyi,II qrup,dövlət sifarişli,True,https://sec.az/kecid-ballari,
AZ,turizm-beledciliyi--qku--g2,,True,2024,268.5,dim_score_700,False,QKU,Turizm bələdçiliyi,II qrup,dövlət sifarişli,True,https://sec.az/kecid-ballari,
AZ,turizm-beledciliyi--qku--g2,,True,2025,214.6,dim_score_700,False,QKU,Turizm bələdçiliyi,II qrup,dövlət sifarişli,True,https://sec.az/kecid-ballari,
AZ,proseslerin-avtomatlasdirilmasi-muhendisliyi--atu-gence--g1,,True,2023,214.2,dim_score_700,False,ATU (Gəncə),Proseslərin avtomatlaşdırılması mühəndisliyi,I qrup,dövlət sifarişli,True,https://sec.az/kecid-ballari,
AZ,proseslerin-avtomatlasdirilmasi-muhendisliyi--atu-gence--g1,,True,2025,214.2,dim_score_700,False,ATU (Gəncə),Proseslərin avtomatlaşdırılması mühəndisliyi,I qrup,dövlət sifarişli,True,https://sec.az/kecid-ballari,
AZ,xususi-rabite-vasiteleri-muhendisliyi--aztu--g1,,True,2025,214.1,dim_score_700,False,AzTU,Xüsusi rabitə vasitələri mühəndisliyi,I qrup,dövlət sifarişli,True,https://sec.az/kecid-ballari,
AZ,heyat-fealiyyetinin-tehlukesizliyi-muhendisliyi--azmi-u--g1,,True,2023,221.8,dim_score_700,False,AzMİU,Həyat fəaliyyətinin təhlükəsizliyi mühəndisliyi,I qrup,dövlət sifarişli,True,https://sec.az/kecid-ballari,
AZ,heyat-fealiyyetinin-tehlukesizliyi-muhendisliyi--azmi-u--g1,,True,2024,245.4,dim_score_700,False,AzMİU,Həyat fəaliyyətinin təhlükəsizliyi mühəndisliyi,I qrup,dövlət sifarişli,True,https://sec.az/kecid-ballari,
AZ,heyat-fealiyyetinin-tehlukesizliyi-muhendisliyi--azmi-u--g1,,True,2025,213.7,dim_score_700,False,AzMİU,Həyat fəaliyyətinin təhlükəsizliyi mühəndisliyi,I qrup,dövlət sifarişli,True,https://sec.az/kecid-ballari,
AZ,neqliyyat-muhendisliyi--azmi-u--g1,,True,2023,200.1,dim_score_700,False,AzMİU,Nəqliyyat mühəndisliyi,I qrup,dövlət sifarişli,True,https://sec.az/kecid-ballari,
AZ,neqliyyat-muhendisliyi--azmi-u--g1,,True,2024,225.3,dim_score_700,False,AzMİU,Nəqliyyat mühəndisliyi,I qrup,dövlət sifarişli,True,https://sec.az/kecid-ballari,
AZ,neqliyyat-muhendisliyi--azmi-u--g1,,True,2025,213.7,dim_score_700,False,AzMİU,Nəqliyyat mühəndisliyi,I qrup,dövlət sifarişli,True,https://sec.az/kecid-ballari,
AZ,i-nformasiya-texnologiyalari--mdu--g1,,True,2023,239.4,dim_score_700,False,MDU,İnformasiya texnologiyaları,I qrup,dövlət sifarişli,True,https://sec.az/kecid-ballari,
AZ,i-nformasiya-texnologiyalari--mdu--g1,,True,2024,215.3,dim_score_700,False,MDU,İnformasiya texnologiyaları,I qrup,dövlət sifarişli,True,https://sec.az/kecid-ballari,
AZ,i-nformasiya-texnologiyalari--mdu--g1,,True,2025,213.6,dim_score_700,False,MDU,İnformasiya texnologiyaları,I qrup,dövlət sifarişli,True,https://sec.az/kecid-ballari,
AZ,geologiya--bdu--g1,,True,2023,208.1,dim_score_700,False,BDU,Geologiya,I qrup,dövlət sifarişli,True,https://sec.az/kecid-ballari,
AZ,geologiya--bdu--g1,,True,2024,223.3,dim_score_700,False,BDU,Geologiya,I qrup,dövlət sifarişli,True,https://sec.az/kecid-ballari,
AZ,geologiya--bdu--g1,,True,2025,213.4,dim_score_700,False,BDU,Geologiya,I qrup,dövlət sifarişli,True,https://sec.az/kecid-ballari,
AZ,cihaz-muhendisliyi--qku--g1,,True,2023,200.4,dim_score_700,False,QKU,Cihaz mühəndisliyi,I qrup,dövlət sifarişli,True,https://sec.az/kecid-ballari,
AZ,cihaz-muhendisliyi--qku--g1,,True,2024,213.1,dim_score_700,False,QKU,Cihaz mühəndisliyi,I qrup,dövlət sifarişli,True,https://sec.az/kecid-ballari,
AZ,cihaz-muhendisliyi--qku--g1,,True,2025,213.1,dim_score_700,False,QKU,Cihaz mühəndisliyi,I qrup,dövlət sifarişli,True,https://sec.az/kecid-ballari,
AZ,silah-ve-silah-sistemleri-muhendisliyi--aztu--g1,,True,2024,207.6,dim_score_700,False,AzTU,Silah və silah sistemləri mühəndisliyi,I qrup,dövlət sifarişli,True,https://sec.az/kecid-ballari,
AZ,silah-ve-silah-sistemleri-muhendisliyi--aztu--g1,,True,2025,211.4,dim_score_700,False,AzTU,Silah və silah sistemləri mühəndisliyi,I qrup,dövlət sifarişli,True,https://sec.az/kecid-ballari,
AZ,meliorasiya-muhendisliyi--adau--g1,,True,2023,201.2,dim_score_700,False,ADAU,Meliorasiya mühəndisliyi,I qrup,dövlət sifarişli,True,https://sec.az/kecid-ballari,
AZ,meliorasiya-muhendisliyi--adau--g1,,True,2024,217.7,dim_score_700,False,ADAU,Meliorasiya mühəndisliyi,I qrup,dövlət sifarişli,True,https://sec.az/kecid-ballari,
AZ,meliorasiya-muhendisliyi--adau--g1,,True,2025,210.2,dim_score_700,False,ADAU,Meliorasiya mühəndisliyi,I qrup,dövlət sifarişli,True,https://sec.az/kecid-ballari,
AZ,radiotexnika-ve-telekommunikasiya-muhendisliyi--bmu--g1,,True,2023,236.4,dim_score_700,False,BMU,Radiotexnika və telekommunikasiya mühəndisliyi,I qrup,dövlət sifarişli,True,https://sec.az/kecid-ballari,
AZ,radiotexnika-ve-telekommunikasiya-muhendisliyi--bmu--g1,,True,2024,243.4,dim_score_700,False,BMU,Radiotexnika və telekommunikasiya mühəndisliyi,I qrup,dövlət sifarişli,True,https://sec.az/kecid-ballari,
AZ,radiotexnika-ve-telekommunikasiya-muhendisliyi--bmu--g1,,True,2025,208.8,dim_score_700,False,BMU,Radiotexnika və telekommunikasiya mühəndisliyi,I qrup,dövlət sifarişli,True,https://sec.az/kecid-ballari,
AZ,serabciliq--aku--g1,,True,2023,197.3,dim_score_700,False,AKU,Şərabçılıq,I qrup,dövlət sifarişli,True,https://sec.az/kecid-ballari,
AZ,serabciliq--aku--g1,,True,2024,212.8,dim_score_700,False,AKU,Şərabçılıq,I qrup,dövlət sifarişli,True,https://sec.az/kecid-ballari,
AZ,serabciliq--aku--g1,,True,2025,207.5,dim_score_700,False,AKU,Şərabçılıq,I qrup,dövlət sifarişli,True,https://sec.az/kecid-ballari,
AZ,elektrik-ve-elektronika-muhendisliyi--sdu--g1,,True,2023,202.6,dim_score_700,False,SDU,Elektrik və elektronika mühəndisliyi,I qrup,dövlət sifarişli,True,https://sec.az/kecid-ballari,
AZ,elektrik-ve-elektronika-muhendisliyi--sdu--g1,,True,2024,238.9,dim_score_700,False,SDU,Elektrik və elektronika mühəndisliyi,I qrup,dövlət sifarişli,True,https://sec.az/kecid-ballari,
AZ,elektrik-ve-elektronika-muhendisliyi--sdu--g1,,True,2025,206.8,dim_score_700,False,SDU,Elektrik və elektronika mühəndisliyi,I qrup,dövlət sifarişli,True,https://sec.az/kecid-ballari,
AZ,i-nformasiya-texnologiyalari--atu-gence--g1,,True,2023,222.4,dim_score_700,False,ATU (Gəncə),İnformasiya texnologiyaları,I qrup,dövlət sifarişli,True,https://sec.az/kecid-ballari,
AZ,i-nformasiya-texnologiyalari--atu-gence--g1,,True,2024,229.6,dim_score_700,False,ATU (Gəncə),İnformasiya texnologiyaları,I qrup,dövlət sifarişli,True,https://sec.az/kecid-ballari,
AZ,i-nformasiya-texnologiyalari--atu-gence--g1,,True,2025,206.7,dim_score_700,False,ATU (Gəncə),İnformasiya texnologiyaları,I qrup,dövlət sifarişli,True,https://sec.az/kecid-ballari,
AZ,komputer-muhendisliyi--aku--g1,,True,2023,316.3,dim_score_700,False,AKU,Kompüter mühəndisliyi,I qrup,dövlət sifarişli,True,https://sec.az/kecid-ballari,
AZ,komputer-muhendisliyi--aku--g1,,True,2024,260.5,dim_score_700,False,AKU,Kompüter mühəndisliyi,I qrup,dövlət sifarişli,True,https://sec.az/kecid-ballari,
AZ,komputer-muhendisliyi--aku--g1,,True,2025,205.3,dim_score_700,False,AKU,Kompüter mühəndisliyi,I qrup,dövlət sifarişli,True,https://sec.az/kecid-ballari,
AZ,meden-muhendisliyi--adnsu--g1,,True,2023,214.3,dim_score_700,False,ADNSU,Mədən mühəndisliyi,I qrup,dövlət sifarişli,True,https://sec.az/kecid-ballari,
AZ,meden-muhendisliyi--adnsu--g1,,True,2024,218.8,dim_score_700,False,ADNSU,Mədən mühəndisliyi,I qrup,dövlət sifarişli,True,https://sec.az/kecid-ballari,
AZ,meden-muhendisliyi--adnsu--g1,,True,2025,204.8,dim_score_700,False,ADNSU,Mədən mühəndisliyi,I qrup,dövlət sifarişli,True,https://sec.az/kecid-ballari,
AZ,torpaqsunasliq-ve-aqrokimya--ndu--g1,,True,2024,216.3,dim_score_700,False,NDU,Torpaqşünaslıq və aqrokimya,I qrup,dövlət sifarişli,True,https://sec.az/kecid-ballari,
AZ,torpaqsunasliq-ve-aqrokimya--ndu--g1,,True,2025,202.3,dim_score_700,False,NDU,Torpaqşünaslıq və aqrokimya,I qrup,dövlət sifarişli,True,https://sec.az/kecid-ballari,
AZ,turizm-isinin-teskili--qarabag-uni--g2,,True,2024,275.0,dim_score_700,False,Qarabağ Uni,Turizm işinin təşkili,II qrup,dövlət sifarişli,True,https://sec.az/kecid-ballari,
AZ,turizm-isinin-teskili--qarabag-uni--g2,,True,2025,201.6,dim_score_700,False,Qarabağ Uni,Turizm işinin təşkili,II qrup,dövlət sifarişli,True,https://sec.az/kecid-ballari,
AZ,energetika-muhendisliyi--aztu--g1,,True,2023,206.5,dim_score_700,False,AzTU,Energetika mühəndisliyi,I qrup,dövlət sifarişli,True,https://sec.az/kecid-ballari,
AZ,energetika-muhendisliyi--aztu--g1,,True,2024,206.1,dim_score_700,False,AzTU,Energetika mühəndisliyi,I qrup,dövlət sifarişli,True,https://sec.az/kecid-ballari,
AZ,energetika-muhendisliyi--aztu--g1,,True,2025,201.5,dim_score_700,False,AzTU,Energetika mühəndisliyi,I qrup,dövlət sifarişli,True,https://sec.az/kecid-ballari,
AZ,materiallar-muhendisliyi--maa--g1,,True,2024,215.0,dim_score_700,False,MAA,Materiallar mühəndisliyi,I qrup,dövlət sifarişli,True,https://sec.az/kecid-ballari,
AZ,materiallar-muhendisliyi--maa--g1,,True,2025,201.0,dim_score_700,False,MAA,Materiallar mühəndisliyi,I qrup,dövlət sifarişli,True,https://sec.az/kecid-ballari,
AZ,masin-muhendisliyi--bmu--g1,,True,2023,200.2,dim_score_700,False,BMU,Maşın mühəndisliyi,I qrup,dövlət sifarişli,True,https://sec.az/kecid-ballari,
AZ,masin-muhendisliyi--bmu--g1,,True,2025,200.6,dim_score_700,False,BMU,Maşın mühəndisliyi,I qrup,dövlət sifarişli,True,https://sec.az/kecid-ballari,
AZ,aqromuhendislik--ldu--g1,,True,2023,189.9,dim_score_700,False,LDU,Aqromühəndislik,I qrup,dövlət sifarişli,True,https://sec.az/kecid-ballari,
AZ,aqromuhendislik--ldu--g1,,True,2024,208.6,dim_score_700,False,LDU,Aqromühəndislik,I qrup,dövlət sifarişli,True,https://sec.az/kecid-ballari,
AZ,aqromuhendislik--ldu--g1,,True,2025,200.6,dim_score_700,False,LDU,Aqromühəndislik,I qrup,dövlət sifarişli,True,https://sec.az/kecid-ballari,
AZ,meden-muhendisliyi--aztu--g1,,True,2023,200.5,dim_score_700,False,AzTU,Mədən mühəndisliyi,I qrup,dövlət sifarişli,True,https://sec.az/kecid-ballari,
AZ,meden-muhendisliyi--aztu--g1,,True,2025,200.5,dim_score_700,False,AzTU,Mədən mühəndisliyi,I qrup,dövlət sifarişli,True,https://sec.az/kecid-ballari,
AZ,masin-muhendisliyi--adnsu--g1,,True,2023,201.1,dim_score_700,False,ADNSU,Maşın mühəndisliyi,I qrup,dövlət sifarişli,True,https://sec.az/kecid-ballari,
AZ,masin-muhendisliyi--adnsu--g1,,True,2024,203.7,dim_score_700,False,ADNSU,Maşın mühəndisliyi,I qrup,dövlət sifarişli,True,https://sec.az/kecid-ballari,
AZ,masin-muhendisliyi--adnsu--g1,,True,2025,200.3,dim_score_700,False,ADNSU,Maşın mühəndisliyi,I qrup,dövlət sifarişli,True,https://sec.az/kecid-ballari,
AZ,aqromuhendislik--adau--g1--v1,1,False,2023,201.0,dim_score_700,False,ADAU,Aqromühəndislik,I qrup,dövlət sifarişli,True,https://sec.az/kecid-ballari,
AZ,aqromuhendislik--adau--g1--v1,1,False,2025,199.8,dim_score_700,False,ADAU,Aqromühəndislik,I qrup,dövlət sifarişli,True,https://sec.az/kecid-ballari,
AZ,aqromuhendislik--adau--g1--v2,2,False,2023,197.7,dim_score_700,False,ADAU,Aqromühəndislik,I qrup,dövlət sifarişli,True,https://sec.az/kecid-ballari,
AZ,aqromuhendislik--adau--g1--v2,2,False,2024,211.1,dim_score_700,False,ADAU,Aqromühəndislik,I qrup,dövlət sifarişli,True,https://sec.az/kecid-ballari,
AZ,aqromuhendislik--adau--g1--v2,2,False,2025,191.8,dim_score_700,False,ADAU,Aqromühəndislik,I qrup,dövlət sifarişli,True,https://sec.az/kecid-ballari,
AZ,torpaqsunasliq-ve-aqrokimya--ldu--g1--v1,1,False,2023,186.3,dim_score_700,False,LDU,Torpaqşünaslıq və aqrokimya,I qrup,dövlət sifarişli,True,https://sec.az/kecid-ballari,
AZ,torpaqsunasliq-ve-aqrokimya--ldu--g1--v1,1,False,2024,205.6,dim_score_700,False,LDU,Torpaqşünaslıq və aqrokimya,I qrup,dövlət sifarişli,True,https://sec.az/kecid-ballari,
AZ,torpaqsunasliq-ve-aqrokimya--ldu--g1--v1,1,False,2025,199.6,dim_score_700,False,LDU,Torpaqşünaslıq və aqrokimya,I qrup,dövlət sifarişli,True,https://sec.az/kecid-ballari,
AZ,torpaqsunasliq-ve-aqrokimya--ldu--g1--v2,2,False,2023,183.0,dim_score_700,False,LDU,Torpaqşünaslıq və aqrokimya,I qrup,dövlət sifarişli,True,https://sec.az/kecid-ballari,
AZ,torpaqsunasliq-ve-aqrokimya--ldu--g1--v2,2,False,2024,203.8,dim_score_700,False,LDU,Torpaqşünaslıq və aqrokimya,I qrup,dövlət sifarişli,True,https://sec.az/kecid-ballari,
AZ,torpaqsunasliq-ve-aqrokimya--ldu--g1--v2,2,False,2025,194.6,dim_score_700,False,LDU,Torpaqşünaslıq və aqrokimya,I qrup,dövlət sifarişli,True,https://sec.az/kecid-ballari,
AZ,serabciliq--atu-gence--g1--v1,1,False,2023,172.0,dim_score_700,False,ATU (Gəncə),Şərabçılıq,I qrup,dövlət sifarişli,True,https://sec.az/kecid-ballari,
AZ,serabciliq--atu-gence--g1--v1,1,False,2024,194.7,dim_score_700,False,ATU (Gəncə),Şərabçılıq,I qrup,dövlət sifarişli,True,https://sec.az/kecid-ballari,
AZ,serabciliq--atu-gence--g1--v1,1,False,2025,197.8,dim_score_700,False,ATU (Gəncə),Şərabçılıq,I qrup,dövlət sifarişli,True,https://sec.az/kecid-ballari,
AZ,serabciliq--atu-gence--g1--v2,2,False,2024,196.1,dim_score_700,False,ATU (Gəncə),Şərabçılıq,I qrup,dövlət sifarişli,True,https://sec.az/kecid-ballari,
AZ,serabciliq--atu-gence--g1--v2,2,False,2025,189.4,dim_score_700,False,ATU (Gəncə),Şərabçılıq,I qrup,dövlət sifarişli,True,https://sec.az/kecid-ballari,
AZ,aqronomluq--ldu--g1--v1,1,False,2023,177.6,dim_score_700,False,LDU,Aqronomluq,I qrup,dövlət sifarişli,True,https://sec.az/kecid-ballari,
AZ,aqronomluq--ldu--g1--v1,1,False,2024,193.3,dim_score_700,False,LDU,Aqronomluq,I qrup,dövlət sifarişli,True,https://sec.az/kecid-ballari,
AZ,aqronomluq--ldu--g1--v1,1,False,2025,190.0,dim_score_700,False,LDU,Aqronomluq,I qrup,dövlət sifarişli,True,https://sec.az/kecid-ballari,
AZ,aqronomluq--ldu--g1--v2,2,False,2023,182.1,dim_score_700,False,LDU,Aqronomluq,I qrup,dövlət sifarişli,True,https://sec.az/kecid-ballari,
AZ,aqronomluq--ldu--g1--v2,2,False,2024,198.0,dim_score_700,False,LDU,Aqronomluq,I qrup,dövlət sifarişli,True,https://sec.az/kecid-ballari,
AZ,aqronomluq--ldu--g1--v2,2,False,2025,184.7,dim_score_700,False,LDU,Aqronomluq,I qrup,dövlət sifarişli,True,https://sec.az/kecid-ballari,
AZ,bestekarliq--amk--g5,,True,2023,143.9,dim_score_700,False,AMK,Bəstəkarlıq,V qrup,dövlət sifarişli,True,https://sec.az/kecid-ballari,
AZ,bestekarliq--amk--g5,,True,2024,98.4,dim_score_700,False,AMK,Bəstəkarlıq,V qrup,dövlət sifarişli,True,https://sec.az/kecid-ballari,
AZ,bestekarliq--amk--g5,,True,2025,186.3,dim_score_700,False,AMK,Bəstəkarlıq,V qrup,dövlət sifarişli,True,https://sec.az/kecid-ballari,
AZ,tesviri-incesenet-muellimliyi--adra--g5,,True,2023,149.8,dim_score_700,False,ADRA,Təsviri incəsənət müəllimliyi,V qrup,dövlət sifarişli,True,https://sec.az/kecid-ballari,
AZ,tesviri-incesenet-muellimliyi--adra--g5,,True,2024,172.8,dim_score_700,False,ADRA,Təsviri incəsənət müəllimliyi,V qrup,dövlət sifarişli,True,https://sec.az/kecid-ballari,
AZ,tesviri-incesenet-muellimliyi--adra--g5,,True,2025,185.1,dim_score_700,False,ADRA,Təsviri incəsənət müəllimliyi,V qrup,dövlət sifarişli,True,https://sec.az/kecid-ballari,
AZ,tesviri-incesenet-muellimliyi--admi-u--g5,,True,2023,143.6,dim_score_700,False,ADMİU,Təsviri incəsənət müəllimliyi,V qrup,dövlət sifarişli,True,https://sec.az/kecid-ballari,
AZ,tesviri-incesenet-muellimliyi--admi-u--g5,,True,2024,166.8,dim_score_700,False,ADMİU,Təsviri incəsənət müəllimliyi,V qrup,dövlət sifarişli,True,https://sec.az/kecid-ballari,
AZ,tesviri-incesenet-muellimliyi--admi-u--g5,,True,2025,178.7,dim_score_700,False,ADMİU,Təsviri incəsənət müəllimliyi,V qrup,dövlət sifarişli,True,https://sec.az/kecid-ballari,
AZ,serabciliq--ldu--g1--v1,1,False,2024,173.9,dim_score_700,False,LDU,Şərabçılıq,I qrup,dövlət sifarişli,True,https://sec.az/kecid-ballari,
AZ,serabciliq--ldu--g1--v1,1,False,2025,177.2,dim_score_700,False,LDU,Şərabçılıq,I qrup,dövlət sifarişli,True,https://sec.az/kecid-ballari,
AZ,serabciliq--ldu--g1--v2,2,False,2023,173.1,dim_score_700,False,LDU,Şərabçılıq,I qrup,dövlət sifarişli,True,https://sec.az/kecid-ballari,
AZ,serabciliq--ldu--g1--v2,2,False,2024,186.3,dim_score_700,False,LDU,Şərabçılıq,I qrup,dövlət sifarişli,True,https://sec.az/kecid-ballari,
AZ,serabciliq--ldu--g1--v2,2,False,2025,174.7,dim_score_700,False,LDU,Şərabçılıq,I qrup,dövlət sifarişli,True,https://sec.az/kecid-ballari,
AZ,fiziki-terbiye-ve-cagirisaqederki-hazirliq-muellimliyi--adpu--g5,,True,2023,138.3,dim_score_700,False,ADPU,Fiziki tərbiyə və çağırışaqədərki hazırlıq müəllimliyi,V qrup,dövlət sifarişli,True,https://sec.az/kecid-ballari,
AZ,fiziki-terbiye-ve-cagirisaqederki-hazirliq-muellimliyi--adpu--g5,,True,2024,160.4,dim_score_700,False,ADPU,Fiziki tərbiyə və çağırışaqədərki hazırlıq müəllimliyi,V qrup,dövlət sifarişli,True,https://sec.az/kecid-ballari,
AZ,fiziki-terbiye-ve-cagirisaqederki-hazirliq-muellimliyi--adpu--g5,,True,2025,177.2,dim_score_700,False,ADPU,Fiziki tərbiyə və çağırışaqədərki hazırlıq müəllimliyi,V qrup,dövlət sifarişli,True,https://sec.az/kecid-ballari,
AZ,fiziki-terbiye-ve-cagirisaqederki-hazirliq-muellimliyi-qazax-filiali--bdu--g5,,True,2023,141.4,dim_score_700,False,BDU,Fiziki tərbiyə və çağırışaqədərki hazırlıq müəllimliyi (Qazax filialı),V qrup,dövlət sifarişli,True,https://sec.az/kecid-ballari,
AZ,fiziki-terbiye-ve-cagirisaqederki-hazirliq-muellimliyi-qazax-filiali--bdu--g5,,True,2024,176.4,dim_score_700,False,BDU,Fiziki tərbiyə və çağırışaqədərki hazırlıq müəllimliyi (Qazax filialı),V qrup,dövlət sifarişli,True,https://sec.az/kecid-ballari,
AZ,fiziki-terbiye-ve-cagirisaqederki-hazirliq-muellimliyi-qazax-filiali--bdu--g5,,True,2025,176.4,dim_score_700,False,BDU,Fiziki tərbiyə və çağırışaqədərki hazırlıq müəllimliyi (Qazax filialı),V qrup,dövlət sifarişli,True,https://sec.az/kecid-ballari,
AZ,serabciliq--adau--g1,,True,2023,184.3,dim_score_700,False,ADAU,Şərabçılıq,I qrup,dövlət sifarişli,True,https://sec.az/kecid-ballari,
AZ,serabciliq--adau--g1,,True,2024,195.3,dim_score_700,False,ADAU,Şərabçılıq,I qrup,dövlət sifarişli,True,https://sec.az/kecid-ballari,
AZ,serabciliq--adau--g1,,True,2025,175.0,dim_score_700,False,ADAU,Şərabçılıq,I qrup,dövlət sifarişli,True,https://sec.az/kecid-ballari,
AZ,zoomuhendislik--ldu--g1,,True,2023,176.8,dim_score_700,False,LDU,Zoomühəndislik,I qrup,dövlət sifarişli,True,https://sec.az/kecid-ballari,
AZ,zoomuhendislik--ldu--g1,,True,2024,187.3,dim_score_700,False,LDU,Zoomühəndislik,I qrup,dövlət sifarişli,True,https://sec.az/kecid-ballari,
AZ,zoomuhendislik--ldu--g1,,True,2025,174.7,dim_score_700,False,LDU,Zoomühəndislik,I qrup,dövlət sifarişli,True,https://sec.az/kecid-ballari,
AZ,fiziki-terbiye-ve-cagirisaqederki-hazirliq-muellimliyi--sdu--g5,,True,2023,142.8,dim_score_700,False,SDU,Fiziki tərbiyə və çağırışaqədərki hazırlıq müəllimliyi,V qrup,dövlət sifarişli,True,https://sec.az/kecid-ballari,
AZ,fiziki-terbiye-ve-cagirisaqederki-hazirliq-muellimliyi--sdu--g5,,True,2024,163.8,dim_score_700,False,SDU,Fiziki tərbiyə və çağırışaqədərki hazırlıq müəllimliyi,V qrup,dövlət sifarişli,True,https://sec.az/kecid-ballari,
AZ,fiziki-terbiye-ve-cagirisaqederki-hazirliq-muellimliyi--sdu--g5,,True,2025,173.8,dim_score_700,False,SDU,Fiziki tərbiyə və çağırışaqədərki hazırlıq müəllimliyi,V qrup,dövlət sifarişli,True,https://sec.az/kecid-ballari,
AZ,i-slamsunasliq--ai-i--g3,,True,2023,151.3,dim_score_700,False,Aİİ,İslamşünaslıq,III qrup,dövlət sifarişli,True,https://sec.az/kecid-ballari,
AZ,i-slamsunasliq--ai-i--g3,,True,2025,172.9,dim_score_700,False,Aİİ,İslamşünaslıq,III qrup,dövlət sifarişli,True,https://sec.az/kecid-ballari,
AZ,fiziki-terbiye-ve-cagirisaqederki-hazirliq-muellimliyi--gdu--g5,,True,2023,138.5,dim_score_700,False,GDU,Fiziki tərbiyə və çağırışaqədərki hazırlıq müəllimliyi,V qrup,dövlət sifarişli,True,https://sec.az/kecid-ballari,
AZ,fiziki-terbiye-ve-cagirisaqederki-hazirliq-muellimliyi--gdu--g5,,True,2024,160.7,dim_score_700,False,GDU,Fiziki tərbiyə və çağırışaqədərki hazırlıq müəllimliyi,V qrup,dövlət sifarişli,True,https://sec.az/kecid-ballari,
AZ,fiziki-terbiye-ve-cagirisaqederki-hazirliq-muellimliyi--gdu--g5,,True,2025,172.9,dim_score_700,False,GDU,Fiziki tərbiyə və çağırışaqədərki hazırlıq müəllimliyi,V qrup,dövlət sifarişli,True,https://sec.az/kecid-ballari,
AZ,tesviri-incesenet-muellimliyi--ndu--g5,,True,2023,148.7,dim_score_700,False,NDU,Təsviri incəsənət müəllimliyi,V qrup,dövlət sifarişli,True,https://sec.az/kecid-ballari,
AZ,tesviri-incesenet-muellimliyi--ndu--g5,,True,2025,172.5,dim_score_700,False,NDU,Təsviri incəsənət müəllimliyi,V qrup,dövlət sifarişli,True,https://sec.az/kecid-ballari,
AZ,tesviri-incesenet-muellimliyi--ldu--g5,,True,2023,148.4,dim_score_700,False,LDU,Təsviri incəsənət müəllimliyi,V qrup,dövlət sifarişli,True,https://sec.az/kecid-ballari,
AZ,tesviri-incesenet-muellimliyi--ldu--g5,,True,2025,172.5,dim_score_700,False,LDU,Təsviri incəsənət müəllimliyi,V qrup,dövlət sifarişli,True,https://sec.az/kecid-ballari,
AZ,fiziki-terbiye-ve-cagirisaqederki-hazirliq-muellimliyi--ndu--g5,,True,2023,139.9,dim_score_700,False,NDU,Fiziki tərbiyə və çağırışaqədərki hazırlıq müəllimliyi,V qrup,dövlət sifarişli,True,https://sec.az/kecid-ballari,
AZ,fiziki-terbiye-ve-cagirisaqederki-hazirliq-muellimliyi--ndu--g5,,True,2024,163.4,dim_score_700,False,NDU,Fiziki tərbiyə və çağırışaqədərki hazırlıq müəllimliyi,V qrup,dövlət sifarişli,True,https://sec.az/kecid-ballari,
AZ,fiziki-terbiye-ve-cagirisaqederki-hazirliq-muellimliyi--ndu--g5,,True,2025,172.1,dim_score_700,False,NDU,Fiziki tərbiyə və çağırışaqədərki hazırlıq müəllimliyi,V qrup,dövlət sifarişli,True,https://sec.az/kecid-ballari,
AZ,su-bioehtiyatlari-ve-akvakultura--adau--g4,,True,2024,155.6,dim_score_700,False,ADAU,Su bioehtiyatları və akvakultura,IV qrup,dövlət sifarişli,True,https://sec.az/kecid-ballari,
AZ,su-bioehtiyatlari-ve-akvakultura--adau--g4,,True,2025,171.6,dim_score_700,False,ADAU,Su bioehtiyatları və akvakultura,IV qrup,dövlət sifarişli,True,https://sec.az/kecid-ballari,
AZ,zoomuhendislik--adau--g1--v1,1,False,2023,179.7,dim_score_700,False,ADAU,Zoomühəndislik,I qrup,dövlət sifarişli,True,https://sec.az/kecid-ballari,
AZ,zoomuhendislik--adau--g1--v1,1,False,2024,190.6,dim_score_700,False,ADAU,Zoomühəndislik,I qrup,dövlət sifarişli,True,https://sec.az/kecid-ballari,
AZ,zoomuhendislik--adau--g1--v1,1,False,2025,170.2,dim_score_700,False,ADAU,Zoomühəndislik,I qrup,dövlət sifarişli,True,https://sec.az/kecid-ballari,
AZ,zoomuhendislik--adau--g1--v2,2,False,2025,168.4,dim_score_700,False,ADAU,Zoomühəndislik,I qrup,dövlət sifarişli,True,https://sec.az/kecid-ballari,
AZ,vokal-seneti--amk--g5--v1,1,False,2023,77.9,dim_score_700,False,AMK,Vokal sənəti,V qrup,dövlət sifarişli,True,https://sec.az/kecid-ballari,
AZ,vokal-seneti--amk--g5--v1,1,False,2024,147.9,dim_score_700,False,AMK,Vokal sənəti,V qrup,dövlət sifarişli,True,https://sec.az/kecid-ballari,
AZ,vokal-seneti--amk--g5--v1,1,False,2025,169.5,dim_score_700,False,AMK,Vokal sənəti,V qrup,dövlət sifarişli,True,https://sec.az/kecid-ballari,
AZ,vokal-seneti--amk--g5--v2,2,False,2023,106.1,dim_score_700,False,AMK,Vokal sənəti,V qrup,dövlət sifarişli,True,https://sec.az/kecid-ballari,
AZ,vokal-seneti--amk--g5--v2,2,False,2024,162.6,dim_score_700,False,AMK,Vokal sənəti,V qrup,dövlət sifarişli,True,https://sec.az/kecid-ballari,
AZ,vokal-seneti--amk--g5--v2,2,False,2025,68.7,dim_score_700,False,AMK,Vokal sənəti,V qrup,dövlət sifarişli,True,https://sec.az/kecid-ballari,
AZ,bagciliq-ve-terevezcilik-tedris-ingilis-dilinde--adau--g4,,True,2025,168.6,dim_score_700,False,ADAU,Bağçılıq və tərəvəzçilik (tədris ingilis dilində),IV qrup,dövlət sifarişli,True,https://sec.az/kecid-ballari,
AZ,tesviri-incesenet-muellimliyi--gdu--g5,,True,2023,126.4,dim_score_700,False,GDU,Təsviri incəsənət müəllimliyi,V qrup,dövlət sifarişli,True,https://sec.az/kecid-ballari,
AZ,tesviri-incesenet-muellimliyi--gdu--g5,,True,2024,189.3,dim_score_700,False,GDU,Təsviri incəsənət müəllimliyi,V qrup,dövlət sifarişli,True,https://sec.az/kecid-ballari,
AZ,tesviri-incesenet-muellimliyi--gdu--g5,,True,2025,167.9,dim_score_700,False,GDU,Təsviri incəsənət müəllimliyi,V qrup,dövlət sifarişli,True,https://sec.az/kecid-ballari,
AZ,mesecilik--adau--g1,,True,2023,181.6,dim_score_700,False,ADAU,Meşəçilik,I qrup,dövlət sifarişli,True,https://sec.az/kecid-ballari,
AZ,mesecilik--adau--g1,,True,2024,193.4,dim_score_700,False,ADAU,Meşəçilik,I qrup,dövlət sifarişli,True,https://sec.az/kecid-ballari,
AZ,mesecilik--adau--g1,,True,2025,167.5,dim_score_700,False,ADAU,Meşəçilik,I qrup,dövlət sifarişli,True,https://sec.az/kecid-ballari,
AZ,tesviri-incesenet-muellimliyi--khazar--g5,,True,2023,126.6,dim_score_700,False,Khazar,Təsviri incəsənət müəllimliyi,V qrup,dövlət sifarişli,True,https://sec.az/kecid-ballari,
AZ,tesviri-incesenet-muellimliyi--khazar--g5,,True,2024,155.5,dim_score_700,False,Khazar,Təsviri incəsənət müəllimliyi,V qrup,dövlət sifarişli,True,https://sec.az/kecid-ballari,
AZ,tesviri-incesenet-muellimliyi--khazar--g5,,True,2025,166.6,dim_score_700,False,Khazar,Təsviri incəsənət müəllimliyi,V qrup,dövlət sifarişli,True,https://sec.az/kecid-ballari,
AZ,mesecilik--ldu--g1--v1,1,False,2023,171.3,dim_score_700,False,LDU,Meşəçilik,I qrup,dövlət sifarişli,True,https://sec.az/kecid-ballari,
AZ,mesecilik--ldu--g1--v1,1,False,2024,177.2,dim_score_700,False,LDU,Meşəçilik,I qrup,dövlət sifarişli,True,https://sec.az/kecid-ballari,
AZ,mesecilik--ldu--g1--v1,1,False,2025,166.6,dim_score_700,False,LDU,Meşəçilik,I qrup,dövlət sifarişli,True,https://sec.az/kecid-ballari,
AZ,mesecilik--ldu--g1--v2,2,False,2023,172.1,dim_score_700,False,LDU,Meşəçilik,I qrup,dövlət sifarişli,True,https://sec.az/kecid-ballari,
AZ,mesecilik--ldu--g1--v2,2,False,2024,183.8,dim_score_700,False,LDU,Meşəçilik,I qrup,dövlət sifarişli,True,https://sec.az/kecid-ballari,
AZ,mesecilik--ldu--g1--v2,2,False,2025,159.4,dim_score_700,False,LDU,Meşəçilik,I qrup,dövlət sifarişli,True,https://sec.az/kecid-ballari,
AZ,tesviri-incesenet-muellimliyi--adpu--g5,,True,2023,125.1,dim_score_700,False,ADPU,Təsviri incəsənət müəllimliyi,V qrup,dövlət sifarişli,True,https://sec.az/kecid-ballari,
AZ,tesviri-incesenet-muellimliyi--adpu--g5,,True,2024,154.5,dim_score_700,False,ADPU,Təsviri incəsənət müəllimliyi,V qrup,dövlət sifarişli,True,https://sec.az/kecid-ballari,
AZ,tesviri-incesenet-muellimliyi--adpu--g5,,True,2025,166.5,dim_score_700,False,ADPU,Təsviri incəsənət müəllimliyi,V qrup,dövlət sifarişli,True,https://sec.az/kecid-ballari,
AZ,dirijorluq--amk--g5,,True,2023,162.2,dim_score_700,False,AMK,Dirijorluq,V qrup,dövlət sifarişli,True,https://sec.az/kecid-ballari,
AZ,dirijorluq--amk--g5,,True,2025,162.2,dim_score_700,False,AMK,Dirijorluq,V qrup,dövlət sifarişli,True,https://sec.az/kecid-ballari,
AZ,baliqciliq--adau--g1,,True,2023,178.6,dim_score_700,False,ADAU,Balıqçılıq,I qrup,dövlət sifarişli,True,https://sec.az/kecid-ballari,
AZ,baliqciliq--adau--g1,,True,2024,187.2,dim_score_700,False,ADAU,Balıqçılıq,I qrup,dövlət sifarişli,True,https://sec.az/kecid-ballari,
AZ,baliqciliq--adau--g1,,True,2025,160.7,dim_score_700,False,ADAU,Balıqçılıq,I qrup,dövlət sifarişli,True,https://sec.az/kecid-ballari,
AZ,dekorativ-tetbiqi-senet--admi-u--g5,,True,2023,151.8,dim_score_700,False,ADMİU,Dekorativ-tətbiqi sənət,V qrup,dövlət sifarişli,True,https://sec.az/kecid-ballari,
AZ,dekorativ-tetbiqi-senet--admi-u--g5,,True,2024,162.5,dim_score_700,False,ADMİU,Dekorativ-tətbiqi sənət,V qrup,dövlət sifarişli,True,https://sec.az/kecid-ballari,
AZ,dekorativ-tetbiqi-senet--admi-u--g5,,True,2025,158.2,dim_score_700,False,ADMİU,Dekorativ-tətbiqi sənət,V qrup,dövlət sifarişli,True,https://sec.az/kecid-ballari,
AZ,umumi-fiziki-hazirliq--gdu--g5,,True,2024,148.7,dim_score_700,False,GDU,Ümumi fiziki hazırlıq,V qrup,dövlət sifarişli,True,https://sec.az/kecid-ballari,
AZ,umumi-fiziki-hazirliq--gdu--g5,,True,2025,155.5,dim_score_700,False,GDU,Ümumi fiziki hazırlıq,V qrup,dövlət sifarişli,True,https://sec.az/kecid-ballari,
AZ,dekorativ-tetbiqi-senet--adra--g5,,True,2023,162.9,dim_score_700,False,ADRA,Dekorativ-tətbiqi sənət,V qrup,dövlət sifarişli,True,https://sec.az/kecid-ballari,
AZ,dekorativ-tetbiqi-senet--adra--g5,,True,2024,99.7,dim_score_700,False,ADRA,Dekorativ-tətbiqi sənət,V qrup,dövlət sifarişli,True,https://sec.az/kecid-ballari,
AZ,dekorativ-tetbiqi-senet--adra--g5,,True,2025,155.4,dim_score_700,False,ADRA,Dekorativ-tətbiqi sənət,V qrup,dövlət sifarişli,True,https://sec.az/kecid-ballari,
AZ,populyar-musiqi-ve-caz-ifaciligi--amk--g5,,True,2023,98.2,dim_score_700,False,AMK,Populyar musiqi və caz ifaçılığı,V qrup,dövlət sifarişli,True,https://sec.az/kecid-ballari,
AZ,populyar-musiqi-ve-caz-ifaciligi--amk--g5,,True,2024,75.2,dim_score_700,False,AMK,Populyar musiqi və caz ifaçılığı,V qrup,dövlət sifarişli,True,https://sec.az/kecid-ballari,
AZ,populyar-musiqi-ve-caz-ifaciligi--amk--g5,,True,2025,150.9,dim_score_700,False,AMK,Populyar musiqi və caz ifaçılığı,V qrup,dövlət sifarişli,True,https://sec.az/kecid-ballari,
AZ,baytarliq-tebabeti--ndu--g4,,True,2023,155.2,dim_score_700,False,NDU,Baytarlıq təbabəti,IV qrup,dövlət sifarişli,True,https://sec.az/kecid-ballari,
AZ,baytarliq-tebabeti--ndu--g4,,True,2024,227.5,dim_score_700,False,NDU,Baytarlıq təbabəti,IV qrup,dövlət sifarişli,True,https://sec.az/kecid-ballari,
AZ,baytarliq-tebabeti--ndu--g4,,True,2025,150.0,dim_score_700,False,NDU,Baytarlıq təbabəti,IV qrup,dövlət sifarişli,True,https://sec.az/kecid-ballari,
AZ,bagciliq-ve-terevezcilik-tedris-turk-dilinde--adau--g4,,True,2025,150.0,dim_score_700,False,ADAU,Bağçılıq və tərəvəzçilik (tədris türk dilində),IV qrup,dövlət sifarişli,True,https://sec.az/kecid-ballari,
AZ,bagciliq-ve-terevezcilik--adau--g4--v1,1,False,2023,165.2,dim_score_700,False,ADAU,Bağçılıq və tərəvəzçilik,IV qrup,dövlət sifarişli,True,https://sec.az/kecid-ballari,
AZ,bagciliq-ve-terevezcilik--adau--g4--v1,1,False,2024,189.0,dim_score_700,False,ADAU,Bağçılıq və tərəvəzçilik,IV qrup,dövlət sifarişli,True,https://sec.az/kecid-ballari,
AZ,bagciliq-ve-terevezcilik--adau--g4--v1,1,False,2025,150.0,dim_score_700,False,ADAU,Bağçılıq və tərəvəzçilik,IV qrup,dövlət sifarişli,True,https://sec.az/kecid-ballari,
AZ,bagciliq-ve-terevezcilik--adau--g4--v2,2,False,2024,156.0,dim_score_700,False,ADAU,Bağçılıq və tərəvəzçilik,IV qrup,dövlət sifarişli,True,https://sec.az/kecid-ballari,
AZ,bagciliq-ve-terevezcilik--adau--g4--v2,2,False,2025,150.0,dim_score_700,False,ADAU,Bağçılıq və tərəvəzçilik,IV qrup,dövlət sifarişli,True,https://sec.az/kecid-ballari,
AZ,baytarliq-tebabeti--adau--g4,,True,2023,154.2,dim_score_700,False,ADAU,Baytarlıq təbabəti,IV qrup,dövlət sifarişli,True,https://sec.az/kecid-ballari,
AZ,baytarliq-tebabeti--adau--g4,,True,2024,159.3,dim_score_700,False,ADAU,Baytarlıq təbabəti,IV qrup,dövlət sifarişli,True,https://sec.az/kecid-ballari,
AZ,baytarliq-tebabeti--adau--g4,,True,2025,150.0,dim_score_700,False,ADAU,Baytarlıq təbabəti,IV qrup,dövlət sifarişli,True,https://sec.az/kecid-ballari,
AZ,bitki-muhafizesi-tedris-turk-dilinde--adau--g4,,True,2025,150.0,dim_score_700,False,ADAU,Bitki mühafizəsi (tədris türk dilində),IV qrup,dövlət sifarişli,True,https://sec.az/kecid-ballari,
AZ,bitki-muhafizesi--adau--g4,,True,2023,152.9,dim_score_700,False,ADAU,Bitki mühafizəsi,IV qrup,dövlət sifarişli,True,https://sec.az/kecid-ballari,
AZ,bitki-muhafizesi--adau--g4,,True,2024,183.2,dim_score_700,False,ADAU,Bitki mühafizəsi,IV qrup,dövlət sifarişli,True,https://sec.az/kecid-ballari,
AZ,bitki-muhafizesi--adau--g4,,True,2025,150.0,dim_score_700,False,ADAU,Bitki mühafizəsi,IV qrup,dövlət sifarişli,True,https://sec.az/kecid-ballari,
AZ,bagciliq-ve-terevezcilik--ldu--g4,,True,2023,160.3,dim_score_700,False,LDU,Bağçılıq və tərəvəzçilik,IV qrup,dövlət sifarişli,True,https://sec.az/kecid-ballari,
AZ,bagciliq-ve-terevezcilik--ldu--g4,,True,2024,151.4,dim_score_700,False,LDU,Bağçılıq və tərəvəzçilik,IV qrup,dövlət sifarişli,True,https://sec.az/kecid-ballari,
AZ,bagciliq-ve-terevezcilik--ldu--g4,,True,2025,150.0,dim_score_700,False,LDU,Bağçılıq və tərəvəzçilik,IV qrup,dövlət sifarişli,True,https://sec.az/kecid-ballari,
AZ,baytarliq-tebabeti--ldu--g4,,True,2023,154.1,dim_score_700,False,LDU,Baytarlıq təbabəti,IV qrup,dövlət sifarişli,True,https://sec.az/kecid-ballari,
AZ,baytarliq-tebabeti--ldu--g4,,True,2024,184.6,dim_score_700,False,LDU,Baytarlıq təbabəti,IV qrup,dövlət sifarişli,True,https://sec.az/kecid-ballari,
AZ,baytarliq-tebabeti--ldu--g4,,True,2025,150.0,dim_score_700,False,LDU,Baytarlıq təbabəti,IV qrup,dövlət sifarişli,True,https://sec.az/kecid-ballari,
AZ,vokal-seneti-akademik-vokal--bma--g5,,True,2023,82.1,dim_score_700,False,BMA,Vokal sənəti (akademik vokal),V qrup,dövlət sifarişli,True,https://sec.az/kecid-ballari,
AZ,vokal-seneti-akademik-vokal--bma--g5,,True,2024,119.2,dim_score_700,False,BMA,Vokal sənəti (akademik vokal),V qrup,dövlət sifarişli,True,https://sec.az/kecid-ballari,
AZ,vokal-seneti-akademik-vokal--bma--g5,,True,2025,150.0,dim_score_700,False,BMA,Vokal sənəti (akademik vokal),V qrup,dövlət sifarişli,True,https://sec.az/kecid-ballari,
AZ,mesqcilik--ndu--g5--v1,1,False,2024,131.4,dim_score_700,False,NDU,Məşqçilik,V qrup,dövlət sifarişli,True,https://sec.az/kecid-ballari,
AZ,mesqcilik--ndu--g5--v1,1,False,2025,149.8,dim_score_700,False,NDU,Məşqçilik,V qrup,dövlət sifarişli,True,https://sec.az/kecid-ballari,
AZ,mesqcilik--ndu--g5--v2,2,False,2025,144.7,dim_score_700,False,NDU,Məşqçilik,V qrup,dövlət sifarişli,True,https://sec.az/kecid-ballari,
AZ,populyar-musiqi-ve-caz-ifaciligi-vokal-fortepino-truba-saksofon--bma--g5,,True,2023,84.3,dim_score_700,False,BMA,"Populyar musiqi və caz ifaçılığı (vokal, fortepino, truba, saksofon)",V qrup,dövlət sifarişli,True,https://sec.az/kecid-ballari,
AZ,populyar-musiqi-ve-caz-ifaciligi-vokal-fortepino-truba-saksofon--bma--g5,,True,2024,143.0,dim_score_700,False,BMA,"Populyar musiqi və caz ifaçılığı (vokal, fortepino, truba, saksofon)",V qrup,dövlət sifarişli,True,https://sec.az/kecid-ballari,
AZ,populyar-musiqi-ve-caz-ifaciligi-vokal-fortepino-truba-saksofon--bma--g5,,True,2025,149.3,dim_score_700,False,BMA,"Populyar musiqi və caz ifaçılığı (vokal, fortepino, truba, saksofon)",V qrup,dövlət sifarişli,True,https://sec.az/kecid-ballari,
AZ,vokal-seneti--admi-u--g5,,True,2023,97.7,dim_score_700,False,ADMİU,Vokal sənəti,V qrup,dövlət sifarişli,True,https://sec.az/kecid-ballari,
AZ,vokal-seneti--admi-u--g5,,True,2024,175.6,dim_score_700,False,ADMİU,Vokal sənəti,V qrup,dövlət sifarişli,True,https://sec.az/kecid-ballari,
AZ,vokal-seneti--admi-u--g5,,True,2025,148.0,dim_score_700,False,ADMİU,Vokal sənəti,V qrup,dövlət sifarişli,True,https://sec.az/kecid-ballari,
AZ,rejissorluq--admi-u--g5,,True,2023,121.1,dim_score_700,False,ADMİU,Rejissorluq,V qrup,dövlət sifarişli,True,https://sec.az/kecid-ballari,
AZ,rejissorluq--admi-u--g5,,True,2024,143.0,dim_score_700,False,ADMİU,Rejissorluq,V qrup,dövlət sifarişli,True,https://sec.az/kecid-ballari,
AZ,rejissorluq--admi-u--g5,,True,2025,145.3,dim_score_700,False,ADMİU,Rejissorluq,V qrup,dövlət sifarişli,True,https://sec.az/kecid-ballari,
AZ,populyar-musiqi-ve-caz-ifaciligi--admi-u--g5,,True,2023,72.8,dim_score_700,False,ADMİU,Populyar musiqi və caz ifaçılığı,V qrup,dövlət sifarişli,True,https://sec.az/kecid-ballari,
AZ,populyar-musiqi-ve-caz-ifaciligi--admi-u--g5,,True,2024,164.9,dim_score_700,False,ADMİU,Populyar musiqi və caz ifaçılığı,V qrup,dövlət sifarişli,True,https://sec.az/kecid-ballari,
AZ,populyar-musiqi-ve-caz-ifaciligi--admi-u--g5,,True,2025,142.1,dim_score_700,False,ADMİU,Populyar musiqi və caz ifaçılığı,V qrup,dövlət sifarişli,True,https://sec.az/kecid-ballari,
AZ,operator-seneti--admi-u--g5--v1,1,False,2025,140.7,dim_score_700,False,ADMİU,Operator sənəti,V qrup,dövlət sifarişli,True,https://sec.az/kecid-ballari,
AZ,operator-seneti--admi-u--g5--v2,2,False,2023,123.5,dim_score_700,False,ADMİU,Operator sənəti,V qrup,dövlət sifarişli,True,https://sec.az/kecid-ballari,
AZ,operator-seneti--admi-u--g5--v2,2,False,2024,104.3,dim_score_700,False,ADMİU,Operator sənəti,V qrup,dövlət sifarişli,True,https://sec.az/kecid-ballari,
AZ,operator-seneti--admi-u--g5--v2,2,False,2025,68.0,dim_score_700,False,ADMİU,Operator sənəti,V qrup,dövlət sifarişli,True,https://sec.az/kecid-ballari,
AZ,musiqisunasliq--amk--g5,,True,2023,103.6,dim_score_700,False,AMK,Musiqişünaslıq,V qrup,dövlət sifarişli,True,https://sec.az/kecid-ballari,
AZ,musiqisunasliq--amk--g5,,True,2024,102.9,dim_score_700,False,AMK,Musiqişünaslıq,V qrup,dövlət sifarişli,True,https://sec.az/kecid-ballari,
AZ,musiqisunasliq--amk--g5,,True,2025,133.9,dim_score_700,False,AMK,Musiqişünaslıq,V qrup,dövlət sifarişli,True,https://sec.az/kecid-ballari,
AZ,dizayn--azmi-u--g5--v1,1,False,2023,139.5,dim_score_700,False,AzMİU,Dizayn,V qrup,dövlət sifarişli,True,https://sec.az/kecid-ballari,
AZ,dizayn--azmi-u--g5--v1,1,False,2024,227.6,dim_score_700,False,AzMİU,Dizayn,V qrup,dövlət sifarişli,True,https://sec.az/kecid-ballari,
AZ,dizayn--azmi-u--g5--v1,1,False,2025,131.0,dim_score_700,False,AzMİU,Dizayn,V qrup,dövlət sifarişli,True,https://sec.az/kecid-ballari,
AZ,dizayn--azmi-u--g5--v2,2,False,2023,176.6,dim_score_700,False,AzMİU,Dizayn,V qrup,dövlət sifarişli,True,https://sec.az/kecid-ballari,
AZ,dizayn--azmi-u--g5--v2,2,False,2024,64.8,dim_score_700,False,AzMİU,Dizayn,V qrup,dövlət sifarişli,True,https://sec.az/kecid-ballari,
AZ,dizayn--azmi-u--g5--v2,2,False,2025,95.8,dim_score_700,False,AzMİU,Dizayn,V qrup,dövlət sifarişli,True,https://sec.az/kecid-ballari,
AZ,mesqcilik--gdu--g5--v1,1,False,2024,129.0,dim_score_700,False,GDU,Məşqçilik,V qrup,dövlət sifarişli,True,https://sec.az/kecid-ballari,
AZ,mesqcilik--gdu--g5--v1,1,False,2025,129.0,dim_score_700,False,GDU,Məşqçilik,V qrup,dövlət sifarişli,True,https://sec.az/kecid-ballari,
AZ,mesqcilik--gdu--g5--v2,2,False,2024,106.0,dim_score_700,False,GDU,Məşqçilik,V qrup,dövlət sifarişli,True,https://sec.az/kecid-ballari,
AZ,mesqcilik--gdu--g5--v2,2,False,2025,106.0,dim_score_700,False,GDU,Məşqçilik,V qrup,dövlət sifarişli,True,https://sec.az/kecid-ballari,
AZ,musiqisunasliq--admi-u--g5,,True,2024,123.7,dim_score_700,False,ADMİU,Musiqişünaslıq,V qrup,dövlət sifarişli,True,https://sec.az/kecid-ballari,
AZ,musiqisunasliq--admi-u--g5,,True,2025,123.7,dim_score_700,False,ADMİU,Musiqişünaslıq,V qrup,dövlət sifarişli,True,https://sec.az/kecid-ballari,
AZ,musiqi-muellimliyi-fortepiano-violin-viola-violoncel-kontrabas-arfa-fleyta-qoboy-klarnet-saksofon-faqot-valtoma-truba-trombon-tuba-zerb-aletleri--bma--g5,,True,2023,81.0,dim_score_700,False,BMA,"Musiqi müəllimliyi (fortepiano, violin, viola, violonçel, kontrabas, arfa, fleyta, qoboy, klarnet, saksofon, faqot, valtoma, truba, trombon, tuba, zərb alətləri)",V qrup,dövlət sifarişli,True,https://sec.az/kecid-ballari,
AZ,musiqi-muellimliyi-fortepiano-violin-viola-violoncel-kontrabas-arfa-fleyta-qoboy-klarnet-saksofon-faqot-valtoma-truba-trombon-tuba-zerb-aletleri--bma--g5,,True,2024,117.8,dim_score_700,False,BMA,"Musiqi müəllimliyi (fortepiano, violin, viola, violonçel, kontrabas, arfa, fleyta, qoboy, klarnet, saksofon, faqot, valtoma, truba, trombon, tuba, zərb alətləri)",V qrup,dövlət sifarişli,True,https://sec.az/kecid-ballari,
AZ,musiqi-muellimliyi-fortepiano-violin-viola-violoncel-kontrabas-arfa-fleyta-qoboy-klarnet-saksofon-faqot-valtoma-truba-trombon-tuba-zerb-aletleri--bma--g5,,True,2025,123.1,dim_score_700,False,BMA,"Musiqi müəllimliyi (fortepiano, violin, viola, violonçel, kontrabas, arfa, fleyta, qoboy, klarnet, saksofon, faqot, valtoma, truba, trombon, tuba, zərb alətləri)",V qrup,dövlət sifarişli,True,https://sec.az/kecid-ballari,
AZ,dizayn-interyer-dizayni-qrafik-dizayn-geyim-dizayni--qarabag-uni--g5,,True,2024,182.2,dim_score_700,False,Qarabağ Uni,"Dizayn (interyer dizaynı, qrafik dizayn, geyim dizaynı)",V qrup,dövlət sifarişli,True,https://sec.az/kecid-ballari,
AZ,dizayn-interyer-dizayni-qrafik-dizayn-geyim-dizayni--qarabag-uni--g5,,True,2025,122.6,dim_score_700,False,Qarabağ Uni,"Dizayn (interyer dizaynı, qrafik dizayn, geyim dizaynı)",V qrup,dövlət sifarişli,True,https://sec.az/kecid-ballari,
AZ,musiqi-muellimliyi--amk--g5,,True,2023,80.4,dim_score_700,False,AMK,Musiqi müəllimliyi,V qrup,dövlət sifarişli,True,https://sec.az/kecid-ballari,
AZ,musiqi-muellimliyi--amk--g5,,True,2024,121.3,dim_score_700,False,AMK,Musiqi müəllimliyi,V qrup,dövlət sifarişli,True,https://sec.az/kecid-ballari,
AZ,musiqi-muellimliyi--amk--g5,,True,2025,120.3,dim_score_700,False,AMK,Musiqi müəllimliyi,V qrup,dövlət sifarişli,True,https://sec.az/kecid-ballari,
AZ,musiqi-muellimliyi--admi-u--g5,,True,2023,77.8,dim_score_700,False,ADMİU,Musiqi müəllimliyi,V qrup,dövlət sifarişli,True,https://sec.az/kecid-ballari,
AZ,musiqi-muellimliyi--admi-u--g5,,True,2024,115.7,dim_score_700,False,ADMİU,Musiqi müəllimliyi,V qrup,dövlət sifarişli,True,https://sec.az/kecid-ballari,
AZ,musiqi-muellimliyi--admi-u--g5,,True,2025,117.0,dim_score_700,False,ADMİU,Musiqi müəllimliyi,V qrup,dövlət sifarişli,True,https://sec.az/kecid-ballari,
AZ,musiqi-muellimliyi--ndu--g5,,True,2023,60.1,dim_score_700,False,NDU,Musiqi müəllimliyi,V qrup,dövlət sifarişli,True,https://sec.az/kecid-ballari,
AZ,musiqi-muellimliyi--ndu--g5,,True,2024,123.6,dim_score_700,False,NDU,Musiqi müəllimliyi,V qrup,dövlət sifarişli,True,https://sec.az/kecid-ballari,
AZ,musiqi-muellimliyi--ndu--g5,,True,2025,114.7,dim_score_700,False,NDU,Musiqi müəllimliyi,V qrup,dövlət sifarişli,True,https://sec.az/kecid-ballari,
AZ,qrafika--adra--g5,,True,2023,117.8,dim_score_700,False,ADRA,Qrafika,V qrup,dövlət sifarişli,True,https://sec.az/kecid-ballari,
AZ,qrafika--adra--g5,,True,2024,112.1,dim_score_700,False,ADRA,Qrafika,V qrup,dövlət sifarişli,True,https://sec.az/kecid-ballari,
AZ,qrafika--adra--g5,,True,2025,113.5,dim_score_700,False,ADRA,Qrafika,V qrup,dövlət sifarişli,True,https://sec.az/kecid-ballari,
AZ,dekorativ-tetbiqi-senet-bedii-toxuculuq-keramika--qarabag-uni--g5,,True,2024,149.4,dim_score_700,False,Qarabağ Uni,"Dekorativ-tətbiqi sənət (bədii toxuculuq, keramika)",V qrup,dövlət sifarişli,True,https://sec.az/kecid-ballari,
AZ,dekorativ-tetbiqi-senet-bedii-toxuculuq-keramika--qarabag-uni--g5,,True,2025,113.0,dim_score_700,False,Qarabağ Uni,"Dekorativ-tətbiqi sənət (bədii toxuculuq, keramika)",V qrup,dövlət sifarişli,True,https://sec.az/kecid-ballari,
AZ,musiqisunasliq--ndu--g5--v1,1,False,2023,97.1,dim_score_700,False,NDU,Musiqişünaslıq,V qrup,dövlət sifarişli,True,https://sec.az/kecid-ballari,
AZ,musiqisunasliq--ndu--g5--v1,1,False,2024,112.1,dim_score_700,False,NDU,Musiqişünaslıq,V qrup,dövlət sifarişli,True,https://sec.az/kecid-ballari,
AZ,musiqisunasliq--ndu--g5--v1,1,False,2025,112.1,dim_score_700,False,NDU,Musiqişünaslıq,V qrup,dövlət sifarişli,True,https://sec.az/kecid-ballari,
AZ,musiqisunasliq--ndu--g5--v2,2,False,2023,77.7,dim_score_700,False,NDU,Musiqişünaslıq,V qrup,dövlət sifarişli,True,https://sec.az/kecid-ballari,
AZ,musiqisunasliq--ndu--g5--v2,2,False,2024,102.0,dim_score_700,False,NDU,Musiqişünaslıq,V qrup,dövlət sifarişli,True,https://sec.az/kecid-ballari,
AZ,musiqisunasliq--ndu--g5--v2,2,False,2025,83.9,dim_score_700,False,NDU,Musiqişünaslıq,V qrup,dövlət sifarişli,True,https://sec.az/kecid-ballari,
AZ,aktyor-seneti--admi-u--g5--v1,1,False,2024,63.9,dim_score_700,False,ADMİU,Aktyor sənəti,V qrup,dövlət sifarişli,True,https://sec.az/kecid-ballari,
AZ,aktyor-seneti--admi-u--g5--v1,1,False,2025,112.0,dim_score_700,False,ADMİU,Aktyor sənəti,V qrup,dövlət sifarişli,True,https://sec.az/kecid-ballari,
AZ,aktyor-seneti--admi-u--g5--v2,2,False,2023,79.5,dim_score_700,False,ADMİU,Aktyor sənəti,V qrup,dövlət sifarişli,True,https://sec.az/kecid-ballari,
AZ,aktyor-seneti--admi-u--g5--v2,2,False,2024,178.8,dim_score_700,False,ADMİU,Aktyor sənəti,V qrup,dövlət sifarişli,True,https://sec.az/kecid-ballari,
AZ,aktyor-seneti--admi-u--g5--v2,2,False,2025,74.0,dim_score_700,False,ADMİU,Aktyor sənəti,V qrup,dövlət sifarişli,True,https://sec.az/kecid-ballari,
AZ,aktyor-seneti--admi-u--g5--v3,3,False,2025,63.5,dim_score_700,False,ADMİU,Aktyor sənəti,V qrup,dövlət sifarişli,True,https://sec.az/kecid-ballari,
AZ,musiqi-muellimliyi--gdu--g5,,True,2023,68.3,dim_score_700,False,GDU,Musiqi müəllimliyi,V qrup,dövlət sifarişli,True,https://sec.az/kecid-ballari,
AZ,musiqi-muellimliyi--gdu--g5,,True,2024,109.7,dim_score_700,False,GDU,Musiqi müəllimliyi,V qrup,dövlət sifarişli,True,https://sec.az/kecid-ballari,
AZ,musiqi-muellimliyi--gdu--g5,,True,2025,110.8,dim_score_700,False,GDU,Musiqi müəllimliyi,V qrup,dövlət sifarişli,True,https://sec.az/kecid-ballari,
AZ,musiqi-muellimliyi--adpu--g5,,True,2023,71.6,dim_score_700,False,ADPU,Musiqi müəllimliyi,V qrup,dövlət sifarişli,True,https://sec.az/kecid-ballari,
AZ,musiqi-muellimliyi--adpu--g5,,True,2024,108.9,dim_score_700,False,ADPU,Musiqi müəllimliyi,V qrup,dövlət sifarişli,True,https://sec.az/kecid-ballari,
AZ,musiqi-muellimliyi--adpu--g5,,True,2025,108.4,dim_score_700,False,ADPU,Musiqi müəllimliyi,V qrup,dövlət sifarişli,True,https://sec.az/kecid-ballari,
AZ,i-nstrumental-ifaciliq-fortepiano--qarabag-uni--g5,,True,2024,130.8,dim_score_700,False,Qarabağ Uni,İnstrumental ifaçılıq (fortepiano),V qrup,dövlət sifarişli,True,https://sec.az/kecid-ballari,
AZ,i-nstrumental-ifaciliq-fortepiano--qarabag-uni--g5,,True,2025,108.2,dim_score_700,False,Qarabağ Uni,İnstrumental ifaçılıq (fortepiano),V qrup,dövlət sifarişli,True,https://sec.az/kecid-ballari,
AZ,i-nstrumental-ifaciliq--bxa--g5,,True,2023,61.8,dim_score_700,False,BXA,İnstrumental ifaçılıq,V qrup,dövlət sifarişli,True,https://sec.az/kecid-ballari,
AZ,i-nstrumental-ifaciliq--bxa--g5,,True,2024,108.1,dim_score_700,False,BXA,İnstrumental ifaçılıq,V qrup,dövlət sifarişli,True,https://sec.az/kecid-ballari,
AZ,i-nstrumental-ifaciliq--bxa--g5,,True,2025,108.1,dim_score_700,False,BXA,İnstrumental ifaçılıq,V qrup,dövlət sifarişli,True,https://sec.az/kecid-ballari,
AZ,dizayn--admi-u--g5,,True,2023,101.8,dim_score_700,False,ADMİU,Dizayn,V qrup,dövlət sifarişli,True,https://sec.az/kecid-ballari,
AZ,dizayn--admi-u--g5,,True,2024,111.3,dim_score_700,False,ADMİU,Dizayn,V qrup,dövlət sifarişli,True,https://sec.az/kecid-ballari,
AZ,dizayn--admi-u--g5,,True,2025,107.8,dim_score_700,False,ADMİU,Dizayn,V qrup,dövlət sifarişli,True,https://sec.az/kecid-ballari,
AZ,rengkarliq--admi-u--g5,,True,2023,111.4,dim_score_700,False,ADMİU,Rəngkarlıq,V qrup,dövlət sifarişli,True,https://sec.az/kecid-ballari,
AZ,rengkarliq--admi-u--g5,,True,2024,168.1,dim_score_700,False,ADMİU,Rəngkarlıq,V qrup,dövlət sifarişli,True,https://sec.az/kecid-ballari,
AZ,rengkarliq--admi-u--g5,,True,2025,103.0,dim_score_700,False,ADMİU,Rəngkarlıq,V qrup,dövlət sifarişli,True,https://sec.az/kecid-ballari,
AZ,musiqi-muellimliyi-fortepiano--qarabag-uni--g5,,True,2024,87.0,dim_score_700,False,Qarabağ Uni,Musiqi müəllimliyi (fortepiano),V qrup,dövlət sifarişli,True,https://sec.az/kecid-ballari,
AZ,musiqi-muellimliyi-fortepiano--qarabag-uni--g5,,True,2025,102.8,dim_score_700,False,Qarabağ Uni,Musiqi müəllimliyi (fortepiano),V qrup,dövlət sifarişli,True,https://sec.az/kecid-ballari,
AZ,musiqisunasliq--bma--g5,,True,2023,108.2,dim_score_700,False,BMA,Musiqişünaslıq,V qrup,dövlət sifarişli,True,https://sec.az/kecid-ballari,
AZ,musiqisunasliq--bma--g5,,True,2024,94.1,dim_score_700,False,BMA,Musiqişünaslıq,V qrup,dövlət sifarişli,True,https://sec.az/kecid-ballari,
AZ,musiqisunasliq--bma--g5,,True,2025,101.6,dim_score_700,False,BMA,Musiqişünaslıq,V qrup,dövlət sifarişli,True,https://sec.az/kecid-ballari,
AZ,xoreoqrafiya-seneti--bxa--g5--v1,1,False,2024,46.0,dim_score_700,False,BXA,Xoreoqrafiya sənəti,V qrup,dövlət sifarişli,True,https://sec.az/kecid-ballari,
AZ,xoreoqrafiya-seneti--bxa--g5--v1,1,False,2025,93.3,dim_score_700,False,BXA,Xoreoqrafiya sənəti,V qrup,dövlət sifarişli,True,https://sec.az/kecid-ballari,
AZ,xoreoqrafiya-seneti--bxa--g5--v2,2,False,2023,87.0,dim_score_700,False,BXA,Xoreoqrafiya sənəti,V qrup,dövlət sifarişli,True,https://sec.az/kecid-ballari,
AZ,xoreoqrafiya-seneti--bxa--g5--v2,2,False,2024,32.3,dim_score_700,False,BXA,Xoreoqrafiya sənəti,V qrup,dövlət sifarişli,True,https://sec.az/kecid-ballari,
AZ,xoreoqrafiya-seneti--bxa--g5--v2,2,False,2025,53.1,dim_score_700,False,BXA,Xoreoqrafiya sənəti,V qrup,dövlət sifarişli,True,https://sec.az/kecid-ballari,
AZ,rengkarliq--ndu--g5,,True,2023,86.8,dim_score_700,False,NDU,Rəngkarlıq,V qrup,dövlət sifarişli,True,https://sec.az/kecid-ballari,
AZ,rengkarliq--ndu--g5,,True,2024,72.0,dim_score_700,False,NDU,Rəngkarlıq,V qrup,dövlət sifarişli,True,https://sec.az/kecid-ballari,
AZ,rengkarliq--ndu--g5,,True,2025,93.1,dim_score_700,False,NDU,Rəngkarlıq,V qrup,dövlət sifarişli,True,https://sec.az/kecid-ballari,
AZ,vokal-seneti--ndu--g5,,True,2023,60.2,dim_score_700,False,NDU,Vokal sənəti,V qrup,dövlət sifarişli,True,https://sec.az/kecid-ballari,
AZ,vokal-seneti--ndu--g5,,True,2024,76.2,dim_score_700,False,NDU,Vokal sənəti,V qrup,dövlət sifarişli,True,https://sec.az/kecid-ballari,
AZ,vokal-seneti--ndu--g5,,True,2025,84.8,dim_score_700,False,NDU,Vokal sənəti,V qrup,dövlət sifarişli,True,https://sec.az/kecid-ballari,
AZ,qrafika--admi-u--g5,,True,2023,139.2,dim_score_700,False,ADMİU,Qrafika,V qrup,dövlət sifarişli,True,https://sec.az/kecid-ballari,
AZ,qrafika--admi-u--g5,,True,2024,131.1,dim_score_700,False,ADMİU,Qrafika,V qrup,dövlət sifarişli,True,https://sec.az/kecid-ballari,
AZ,qrafika--admi-u--g5,,True,2025,83.7,dim_score_700,False,ADMİU,Qrafika,V qrup,dövlət sifarişli,True,https://sec.az/kecid-ballari,
AZ,i-nstrumental-ifaciliq-tar-kamanca-saz-nagara-qanun-balaban--qarabag-uni--g5,,True,2024,79.5,dim_score_700,False,Qarabağ Uni,"İnstrumental ifaçılıq (tar, kamança, saz, nağara, qanun, balaban)",V qrup,dövlət sifarişli,True,https://sec.az/kecid-ballari,
AZ,i-nstrumental-ifaciliq-tar-kamanca-saz-nagara-qanun-balaban--qarabag-uni--g5,,True,2025,83.3,dim_score_700,False,Qarabağ Uni,"İnstrumental ifaçılıq (tar, kamança, saz, nağara, qanun, balaban)",V qrup,dövlət sifarişli,True,https://sec.az/kecid-ballari,
AZ,heykelterasliq--adra--g5,,True,2023,107.3,dim_score_700,False,ADRA,Heykəltəraşlıq,V qrup,dövlət sifarişli,True,https://sec.az/kecid-ballari,
AZ,heykelterasliq--adra--g5,,True,2024,103.6,dim_score_700,False,ADRA,Heykəltəraşlıq,V qrup,dövlət sifarişli,True,https://sec.az/kecid-ballari,
AZ,heykelterasliq--adra--g5,,True,2025,82.9,dim_score_700,False,ADRA,Heykəltəraşlıq,V qrup,dövlət sifarişli,True,https://sec.az/kecid-ballari,
AZ,musiqi-muellimliyi--ldu--g5,,True,2023,81.9,dim_score_700,False,LDU,Musiqi müəllimliyi,V qrup,dövlət sifarişli,True,https://sec.az/kecid-ballari,
AZ,musiqi-muellimliyi--ldu--g5,,True,2025,81.9,dim_score_700,False,LDU,Musiqi müəllimliyi,V qrup,dövlət sifarişli,True,https://sec.az/kecid-ballari,
AZ,aktyor-seneti--ndu--g5,,True,2023,81.8,dim_score_700,False,NDU,Aktyor sənəti,V qrup,dövlət sifarişli,True,https://sec.az/kecid-ballari,
AZ,aktyor-seneti--ndu--g5,,True,2024,63.3,dim_score_700,False,NDU,Aktyor sənəti,V qrup,dövlət sifarişli,True,https://sec.az/kecid-ballari,
AZ,aktyor-seneti--ndu--g5,,True,2025,78.5,dim_score_700,False,NDU,Aktyor sənəti,V qrup,dövlət sifarişli,True,https://sec.az/kecid-ballari,
AZ,dizayn--adra--g5,,True,2023,186.3,dim_score_700,False,ADRA,Dizayn,V qrup,dövlət sifarişli,True,https://sec.az/kecid-ballari,
AZ,dizayn--adra--g5,,True,2024,226.9,dim_score_700,False,ADRA,Dizayn,V qrup,dövlət sifarişli,True,https://sec.az/kecid-ballari,
AZ,dizayn--adra--g5,,True,2025,73.9,dim_score_700,False,ADRA,Dizayn,V qrup,dövlət sifarişli,True,https://sec.az/kecid-ballari,
AZ,rengkarliq--adra--g5,,True,2023,88.6,dim_score_700,False,ADRA,Rəngkarlıq,V qrup,dövlət sifarişli,True,https://sec.az/kecid-ballari,
AZ,rengkarliq--adra--g5,,True,2024,157.7,dim_score_700,False,ADRA,Rəngkarlıq,V qrup,dövlət sifarişli,True,https://sec.az/kecid-ballari,
AZ,rengkarliq--adra--g5,,True,2025,72.2,dim_score_700,False,ADRA,Rəngkarlıq,V qrup,dövlət sifarişli,True,https://sec.az/kecid-ballari,
AZ,i-nstrumental-ifaciliq--admi-u--g5--v1,1,False,2023,107.0,dim_score_700,False,ADMİU,İnstrumental ifaçılıq,V qrup,dövlət sifarişli,True,https://sec.az/kecid-ballari,
AZ,i-nstrumental-ifaciliq--admi-u--g5--v1,1,False,2024,63.9,dim_score_700,False,ADMİU,İnstrumental ifaçılıq,V qrup,dövlət sifarişli,True,https://sec.az/kecid-ballari,
AZ,i-nstrumental-ifaciliq--admi-u--g5--v1,1,False,2025,71.6,dim_score_700,False,ADMİU,İnstrumental ifaçılıq,V qrup,dövlət sifarişli,True,https://sec.az/kecid-ballari,
AZ,i-nstrumental-ifaciliq--admi-u--g5--v2,2,False,2023,103.6,dim_score_700,False,ADMİU,İnstrumental ifaçılıq,V qrup,dövlət sifarişli,True,https://sec.az/kecid-ballari,
AZ,i-nstrumental-ifaciliq--admi-u--g5--v2,2,False,2024,124.4,dim_score_700,False,ADMİU,İnstrumental ifaçılıq,V qrup,dövlət sifarişli,True,https://sec.az/kecid-ballari,
AZ,i-nstrumental-ifaciliq--admi-u--g5--v2,2,False,2025,60.1,dim_score_700,False,ADMİU,İnstrumental ifaçılıq,V qrup,dövlət sifarişli,True,https://sec.az/kecid-ballari,
AZ,vokal-seneti-xanende--qarabag-uni--g5,,True,2024,108.2,dim_score_700,False,Qarabağ Uni,Vokal sənəti (xanəndə),V qrup,dövlət sifarişli,True,https://sec.az/kecid-ballari,
AZ,vokal-seneti-xanende--qarabag-uni--g5,,True,2025,71.0,dim_score_700,False,Qarabağ Uni,Vokal sənəti (xanəndə),V qrup,dövlət sifarişli,True,https://sec.az/kecid-ballari,
AZ,bestekarliq--bma--g5,,True,2023,77.6,dim_score_700,False,BMA,Bəstəkarlıq,V qrup,dövlət sifarişli,True,https://sec.az/kecid-ballari,
AZ,bestekarliq--bma--g5,,True,2024,114.8,dim_score_700,False,BMA,Bəstəkarlıq,V qrup,dövlət sifarişli,True,https://sec.az/kecid-ballari,
AZ,bestekarliq--bma--g5,,True,2025,70.3,dim_score_700,False,BMA,Bəstəkarlıq,V qrup,dövlət sifarişli,True,https://sec.az/kecid-ballari,
AZ,i-nstrumental-ifaciliq-fleyta-qoboy-klarnet-faqot-valtoma-truba-trombon-zerb-aletleri-violin-viola-violoncel-kontrabas-orqan-gitara--qarabag-uni--g5,,True,2025,68.9,dim_score_700,False,Qarabağ Uni,"İnstrumental ifaçılıq (fleyta, qoboy, klarnet, faqot, valtoma, truba, trombon, zərb alətləri, violin, viola, violonçel, kontrabas, orqan, gitara)",V qrup,dövlət sifarişli,True,https://sec.az/kecid-ballari,
AZ,vokal-seneti-akademik-vokal-milli-vokal--qarabag-uni--g5,,True,2024,61.2,dim_score_700,False,Qarabağ Uni,"Vokal sənəti (akademik vokal, milli vokal)",V qrup,dövlət sifarişli,True,https://sec.az/kecid-ballari,
AZ,vokal-seneti-akademik-vokal-milli-vokal--qarabag-uni--g5,,True,2025,65.2,dim_score_700,False,Qarabağ Uni,"Vokal sənəti (akademik vokal, milli vokal)",V qrup,dövlət sifarişli,True,https://sec.az/kecid-ballari,
AZ,i-nstrumental-ifaciliq--amk--g5,,True,2023,100.1,dim_score_700,False,AMK,İnstrumental ifaçılıq,V qrup,dövlət sifarişli,True,https://sec.az/kecid-ballari,
AZ,i-nstrumental-ifaciliq--amk--g5,,True,2024,75.6,dim_score_700,False,AMK,İnstrumental ifaçılıq,V qrup,dövlət sifarişli,True,https://sec.az/kecid-ballari,
AZ,i-nstrumental-ifaciliq--amk--g5,,True,2025,64.2,dim_score_700,False,AMK,İnstrumental ifaçılıq,V qrup,dövlət sifarişli,True,https://sec.az/kecid-ballari,
AZ,i-nstrumental-ifaciliq-fortepiano-orqan-klavesin-violin-viola-violoncel-kontrabas-arfa-fleyta-qoboy-klarnet-saksofon-faqot-valtoma-truba-trombon-tuba-zerb-aletleri--bma--g5,,True,2023,88.4,dim_score_700,False,BMA,"İnstrumental ifaçılıq (fortepiano, orqan, klavesin, violin, viola, violonçel, kontrabas, arfa, fleyta, qoboy, klarnet, saksofon, faqot, valtoma, truba, trombon, tuba, zərb alətləri)",V qrup,dövlət sifarişli,True,https://sec.az/kecid-ballari,
AZ,i-nstrumental-ifaciliq-fortepiano-orqan-klavesin-violin-viola-violoncel-kontrabas-arfa-fleyta-qoboy-klarnet-saksofon-faqot-valtoma-truba-trombon-tuba-zerb-aletleri--bma--g5,,True,2024,179.6,dim_score_700,False,BMA,"İnstrumental ifaçılıq (fortepiano, orqan, klavesin, violin, viola, violonçel, kontrabas, arfa, fleyta, qoboy, klarnet, saksofon, faqot, valtoma, truba, trombon, tuba, zərb alətləri)",V qrup,dövlət sifarişli,True,https://sec.az/kecid-ballari,
AZ,i-nstrumental-ifaciliq-fortepiano-orqan-klavesin-violin-viola-violoncel-kontrabas-arfa-fleyta-qoboy-klarnet-saksofon-faqot-valtoma-truba-trombon-tuba-zerb-aletleri--bma--g5,,True,2025,62.0,dim_score_700,False,BMA,"İnstrumental ifaçılıq (fortepiano, orqan, klavesin, violin, viola, violonçel, kontrabas, arfa, fleyta, qoboy, klarnet, saksofon, faqot, valtoma, truba, trombon, tuba, zərb alətləri)",V qrup,dövlət sifarişli,True,https://sec.az/kecid-ballari,
AZ,dirijorluq-xor-dirijoru--bma--g5,,True,2023,67.0,dim_score_700,False,BMA,Dirijorluq (xor dirijoru),V qrup,dövlət sifarişli,True,https://sec.az/kecid-ballari,
AZ,dirijorluq-xor-dirijoru--bma--g5,,True,2024,103.1,dim_score_700,False,BMA,Dirijorluq (xor dirijoru),V qrup,dövlət sifarişli,True,https://sec.az/kecid-ballari,
AZ,dirijorluq-xor-dirijoru--bma--g5,,True,2025,61.4,dim_score_700,False,BMA,Dirijorluq (xor dirijoru),V qrup,dövlət sifarişli,True,https://sec.az/kecid-ballari,
AZ,musiqi-muellimliyi-fleyta-qoboy-klarnet-faqot-valtoma-truba-trombon-zerb-aletleri-violin-viola-violoncel-kontrabas-tar-kamanca-saz-nagara-qanun-balaban-qarmon--qarabag-uni--g5,,True,2025,60.0,dim_score_700,False,Qarabağ Uni,"Musiqi müəllimliyi (fleyta, qoboy, klarnet, faqot, valtoma, truba, trombon, zərb alətləri, violin, viola, violonçel, kontrabas, tar, kamança, saz, nağara, qanun, balaban, qarmon)",V qrup,dövlət sifarişli,True,https://sec.az/kecid-ballari,
AZ,bestekarliq--qarabag-uni--g5,,True,2025,60.0,dim_score_700,False,Qarabağ Uni,Bəstəkarlıq,V qrup,dövlət sifarişli,True,https://sec.az/kecid-ballari,
AZ,musiqisunasliq--qarabag-uni--g5,,True,2025,60.0,dim_score_700,False,Qarabağ Uni,Musiqişünaslıq,V qrup,dövlət sifarişli,True,https://sec.az/kecid-ballari,
