Nömrə,Təhsil səviyyəsi,Ölkə,Universitet,Təhsil proqramı
1,bakalavriat,Almaniya Federativ Respublikası,"""Technical University of Munich""","""Architecture"""
2,bakalavriat,Almaniya Federativ Respublikası,"""Technical University of Munich""","""Landscape Architecture and Landscape Planning"""
3,bakalavriat,Birləşmiş Ərəb Əmirlikləri,"""Abu Dhabi University""","""Architecture"""
4,bakalavriat,Birləşmiş Ərəb Əmirlikləri,"""Abu Dhabi University""","""Interior Design"""
5,bakalavriat,Birləşmiş Ərəb Əmirlikləri,"""United Arab Emirates University""","""Architectural Engineering"""
6,bakalavriat,Birləşmiş Ərəb Əmirlikləri,"""University of Sharjah""","""Architectural Engineering"""
7,bakalavriat,Birləşmiş Krallıq,"""UCL""","""Architecture"""
8,bakalavriat,Birləşmiş Krallıq,"""UCL""","""Engineering and Architectural Design"""
9,bakalavriat,Birləşmiş Krallıq,"""University of Cambridge""","""Architecture"""
10,bakalavriat,Birləşmiş Krallıq,"""University of Edinburgh""","""Architecture"""
11,bakalavriat,Birləşmiş Krallıq,"""University of Edinburgh""","""Interior Design"""
12,bakalavriat,Birləşmiş Krallıq,"""University of Edinburgh""","""Structural Engineering with Architecture"""
13,bakalavriat,Çin Xalq Respublikası,"""Chinese University of Hong Kong""","""Architectural Studies"""
14,bakalavriat,Çin Xalq Respublikası,"""Chinese University of Hong Kong""","""Urban studies"""
15,bakalavriat,Çin Xalq Respublikası,"""Chongqing University""","""Architecture"""
16,bakalavriat,Çin Xalq Respublikası,"""Chongqing University""","""Landscape Architecture"""
17,bakalavriat,Çin Xalq Respublikası,"""Dalian University of Technology""","""Architecture"""
18,bakalavriat,Çin Xalq Respublikası,"""Harbin Institute of Technology""","""Architecture"""
19,bakalavriat,Çin Xalq Respublikası,"""Harbin Institute of Technology""","""Road Bridge and River Crossing Engineering"""
20,bakalavriat,Çin Xalq Respublikası,"""Harbin Institute of Technology""","""Urban and Rural Planning"""
21,bakalavriat,Çin Xalq Respublikası,"""Huazhong University of Science and Technology""","""Architecture"""
22,bakalavriat,Çin Xalq Respublikası,"""Huazhong University of Science and Technology""","""Landscape Architecture"""
23,bakalavriat,Çin Xalq Respublikası,"""Huazhong University of Science and Technology""","""Urban and Rural Planning"""
24,bakalavriat,Çin Xalq Respublikası,"""Hunan University""","""Architecture"""
25,bakalavriat,Çin Xalq Respublikası,"""Hunan University""","""Urban Planning"""
26,bakalavriat,Çin Xalq Respublikası,"""Xiamen University""","""Architecture"""
27,bakalavriat,Çin Xalq Respublikası,"""Nanjing University""","""Architecture"""
28,bakalavriat,Çin Xalq Respublikası,"""Southeast University""","""Architecture"""
29,bakalavriat,Çin Xalq Respublikası,"""Tianjin University""","""Industrial Design"""
30,bakalavriat,Çin Xalq Respublikası,"""Tongji University""","""Architecture"""
31,bakalavriat,Çin Xalq Respublikası,"""Tsinghua University""","""Architecture"""
32,bakalavriat,Çin Xalq Respublikası,"""Tsinghua University""","""Construction Management"""
33,bakalavriat,Çin Xalq Respublikası,"""Tsinghua University""","""Industrial Design"""
34,bakalavriat,Çin Xalq Respublikası,"""Tsinghua University""","""Landscape Architecture"""
35,bakalavriat,Çin Xalq Respublikası,"""Tsinghua University""","""Urban Planning"""
36,bakalavriat,Çin Xalq Respublikası,"""University of Hong Kong""","""Design"""
37,bakalavriat,Çin Xalq Respublikası,"""University of Hong Kong""","""Urban Studies"""
38,bakalavriat,Çin Xalq Respublikası,"""Zhejiang University""","""Architecture"""
39,bakalavriat,İrlandiya Respublikası,"""University College Dublin""","""Architecture"""
40,bakalavriat,İrlandiya Respublikası,"""University College Dublin""","""City Planning and Environmental Policy"""
41,bakalavriat,İrlandiya Respublikası,"""University College Dublin""","""Landscape Architecture"""
42,bakalavriat,İrlandiya Respublikası,"""University College Dublin""","""Structural Engineering with Architecture"""
43,bakalavriat,İsrail Dövləti,"""Technion Israel Institute of Technology""","""Landscape Architecture"""
44,bakalavriat,İsveçrə Konfederasiyası,"""École Polytechnique Fédérale de Lausanne""","""Architecture"""
45,bakalavriat,İsveçrə Konfederasiyası,"""ETH Zurich""","""Architecture"""
46,bakalavriat,İtaliya Respublikası,"""Polytechnic University of Milan""","""Architectural Design"""
47,bakalavriat,İtaliya Respublikası,"""Polytechnic University of Milan""","""Building and Construction Engineering"""
48,bakalavriat,İtaliya Respublikası,"""Polytechnic University of Milan""","""Environmental and Land Planning Engineering"""
49,bakalavriat,İtaliya Respublikası,"""Polytechnic University of Milan""","""Urban Planning: City, Environment and Landscape"""
50,bakalavriat,İtaliya Respublikası,"""Sapienza University of Rome""","""Sustainable Building Engineering"""
51,bakalavriat,İtaliya Respublikası,"""University of Bologna""","""Building Construction Engineering"""
52,bakalavriat,İtaliya Respublikası,"""University of Florence""","""Architectural Science"""
53,bakalavriat,İtaliya Respublikası,"""University of Florence""","""Architecture"""
54,bakalavriat,İtaliya Respublikası,"""University of Florence""","""Landscape and Urban Planning"""
55,bakalavriat,Koreya Respublikası,"""Chung-Ang University""","""Architecture and Building Science"""
56,bakalavriat,Koreya Respublikası,"""Kyung Hee University""","""Architectural engineering"""
57,bakalavriat,Koreya Respublikası,"""Kyung Hee University""","""Architecture"""
58,bakalavriat,Koreya Respublikası,"""Sejong University""","""Architectural Engineering"""
59,bakalavriat,Koreya Respublikası,"""Sejong University""","""Architecture"""
60,bakalavriat,Koreya Respublikası,"""Seoul National University""","""Architecture and Architectural Engineering"""
61,bakalavriat,Koreya Respublikası,"""Seoul National University""","""Landscape Architecture"""
62,bakalavriat,Koreya Respublikası,"""Sungkyunkwan University (SKKU)""","""Architecture"""
63,bakalavriat,Malayziya,"""Universiti Sains Malaysia""","""Interior Architecture"""
64,bakalavriat,Malayziya,"""Universiti Teknologi Malaysia""","""Architecture"""
65,bakalavriat,Malayziya,"""University of Malaya""","""Architecture"""
66,bakalavriat,Sinqapur Respublikası,"""National University of Singapore""","""Industrial Design"""
67,bakalavriat,Sinqapur Respublikası,"""National University of Singapore""","""Landscape Architecture"""
68,bakalavriat,Türkiyə Respublikası,"""Bilkent University""","""Architecture"""
69,bakalavriat,Türkiyə Respublikası,"""Bilkent University""","""Interior Architecture and Environmental Design"""
70,bakalavriat,Türkiyə Respublikası,"""Bilkent University""","""Urban Design and Landscape Architecture"""
71,bakalavriat,Türkiyə Respublikası,"""Middle East Technical University""","""Architecture"""
72,bakalavriat,Türkiyə Respublikası,"""Middle East Technical University""","""City and Regional Planning"""
73,bakalavriat,Türkiyə Respublikası,"""Middle East Technical University""","""Industrial Design"""
74,bakalavriat,Almaniya Federativ Respublikası,"""Technical University of Munich""","""Aerospace"""
75,bakalavriat,Birləşmiş Ərəb Əmirlikləri,"""Abu Dhabi University""","""Aviation"""
76,bakalavriat,Birləşmiş Ərəb Əmirlikləri,"""Khalifa University""","""Aerospace Engineering"""
77,bakalavriat,Birləşmiş Ərəb Əmirlikləri,"""United Arab Emirates University""","""Aerospace Engineering"""
78,bakalavriat,Birləşmiş Krallıq,"""King’s College London""","""Physics with Astrophysics and Cosmology"""
79,bakalavriat,Birləşmiş Krallıq,"""UCL""","""Astrophysics"""
80,bakalavriat,Birləşmiş Krallıq,"""University of Cambridge""","""Aerospace Engineering"""
81,bakalavriat,Birləşmiş Krallıq,"""University of Cambridge""","""Astrophysics"""
82,bakalavriat,Birləşmiş Krallıq,"""University of Edinburgh""","""Astrophysics"""
83,bakalavriat,Birləşmiş Krallıq,"""University of Manchester""","""Aerospace Engineering"""
84,bakalavriat,Birləşmiş Krallıq,"""University of Manchester""","""Physics with Astrophysics"""
85,bakalavriat,Birləşmiş Krallıq,"""University of Southampton""","""Aerospace Electronic Engineering"""
86,bakalavriat,Çin Xalq Respublikası,"""Beijing Normal University""","""Astronomy"""
87,bakalavriat,Çin Xalq Respublikası,"""Chongqing University""","""Aerospace Engineering"""
88,bakalavriat,Çin Xalq Respublikası,"""Harbin Institute of Technology""","""Aircraft Design and Engineering"""
89,bakalavriat,Çin Xalq Respublikası,"""Hong Kong Polytechnic University""","""Aviation Engineering"""
90,bakalavriat,Çin Xalq Respublikası,"""Xiamen University""","""Astronomy"""
91,bakalavriat,Çin Xalq Respublikası,"""Northwestern Polytechnical University""","""Aerospace Engineering"""
92,bakalavriat,Çin Xalq Respublikası,"""Tsinghua University""","""Aeronautical and Astronautical Engineering"""
93,bakalavriat,Çin Xalq Respublikası,"""Zhejiang University""","""Flight Vehicle Design and Engineering"""
94,bakalavriat,Çin Xalq Respublikası,"""Nanjing University of Aeronautics and Astronautics""",“Aircraft Design and Engineering”
95,bakalavriat,İsrail Dövləti,"""Technion Israel Institute of Technology""","""Aerospace Engineering"""
96,bakalavriat,Koreya Respublikası,"""Sejong University""","""Aerospace Engineering"""
97,bakalavriat,Koreya Respublikası,"""Seoul National University""","""Aerospace Engineering"""
98,bakalavriat,Rusiya Federasiyası,"""Lomonosov Moscow State University""","""Astronomy"""
99,bakalavriat,Rusiya Federasiyası,"""Moscow Institute of Physics and Technology (MIPT)""","""Physics of Flight and Aviation Technology"""
100,bakalavriat,Rusiya Federasiyası,"""National Research Nuclear University MEPhI""","""High Energy Physics and Astrophysics"""
101,bakalavriat,Rusiya Federasiyası,"""National Research Nuclear University MEPhI""","""Nuclear Physics and Astrophysics"""
102,bakalavriat,Rusiya Federasiyası,"""National Research Nuclear University MEPhI""","""Particle Physics and Cosmology"""
103,bakalavriat,Sinqapur Respublikası,"""Nanyang Technological University, Singapore""","""Aerospace Engineering"""
104,bakalavriat,Türkiyə Respublikası,"""Istanbul Technical University""","""Aeronautical Engineering"""
105,bakalavriat,Türkiyə Respublikası,"""Middle East Technical University""","""Aerospace Engineering"""
106,bakalavriat,Yaponiya,"""Kyushu University""","""Mechanical and Aerospace Engineering"""
107,bakalavriat,Yaponiya,"""Tohoku University""","""Mechanical and Aerospace Engineering"""
108,bakalavriat,Yaponiya,"""University of Tokyo""","""Aeronautics and Astronautics"""
109,bakalavriat,Birləşmiş Ərəb Əmirlikləri,"""University of Sharjah""","""Sustainable and Renewable Energy Engineering"""
110,bakalavriat,Birləşmiş Krallıq,"""University of Cambridge""","""Energy, Sustainability and the Environment"""
111,bakalavriat,Çin Xalq Respublikası,"""Chinese University of Hong Kong""","""Energy Science and Engineering"""
112,bakalavriat,Çin Xalq Respublikası,"""Chinese University of Hong Kong""","""Energy Environmental Engineering"""
113,bakalavriat,Çin Xalq Respublikası,"""Chongqing University""","""Energy and Power Engineering"""
114,bakalavriat,Çin Xalq Respublikası,"""Harbin Institute of Technology""","""Energy and Power Engineering"""
115,bakalavriat,Çin Xalq Respublikası,"""Harbin Institute of Technology""","""Energy Internet Engineering"""
116,bakalavriat,Çin Xalq Respublikası,"""Harbin Institute of Technology""","""Energy Storage Science and Engineering"""
117,bakalavriat,Çin Xalq Respublikası,"""Hunan University""","""Energy and Power Engineering"""
118,bakalavriat,Çin Xalq Respublikası,"""Nanjing University""","""New Energy Science and Engineering"""
119,bakalavriat,Çin Xalq Respublikası,"""Xi’an Jiaotong University""","""Energy and Power Engineering"""
120,bakalavriat,Çin Xalq Respublikası,"""Xiamen University""","""Energy Chemistry"""
121,bakalavriat,Çin Xalq Respublikası,"""Xiamen University""","""Energy Science and Engineering"""
122,bakalavriat,Çin Xalq Respublikası,"""Shanghai Jiao Tong University""","""Power and Energy Engineering"""
123,bakalavriat,Çin Xalq Respublikası,"""Shenzhen University""","""New Energy Science and Engineering"""
124,bakalavriat,Çin Xalq Respublikası,"""Tsinghua University""","""Building Environment and Energy Engineering"""
125,bakalavriat,Çin Xalq Respublikası,"""Tsinghua University""","""Energy and Power Engineering"""
126,bakalavriat,Çin Xalq Respublikası,"""Tsinghua University""","""Nuclear Engineering and Nuclear Technology"""
127,bakalavriat,Çin Xalq Respublikası,"""University of Hong Kong""","""Energy Engineering"""
128,bakalavriat,Çin Xalq Respublikası,"""Wuhan University""","""Energy and Power Engineering"""
129,bakalavriat,İtaliya Respublikası,"""University of Rome II- Tor Vergata""","""Energy Engineering"""
130,bakalavriat,Koreya Respublikası,"""Sejong University""","""Nuclear Engineering"""
131,bakalavriat,Koreya Respublikası,"""Ulsan National Institute of Science and Technology
(UNIST)""","""Nuclear Engineering"""
132,bakalavriat,Malayziya,"""Universiti Teknologi Malaysia""","""Nuclear Engineering"""
133,bakalavriat,Rusiya Federasiyası,"""Bauman Moscow State Technical University""","""Nuclear Power and Thermal Physics"""
134,bakalavriat,Rusiya Federasiyası,"""National Research Nuclear University MEPhI""","""Nuclear Physics and Engineering"""
135,bakalavriat,Rusiya Federasiyası,"""National Research Nuclear University MEPhI""","""Nuclear Physics and Technologies"""
136,bakalavriat,Rusiya Federasiyası,"""National Research Nuclear University MEPhI""","""Nuclear Power Engineering"""
137,bakalavriat,Türkiyə Respublikası,"""Ankara University""","""Energy Engineering"""
138,bakalavriat,Türkiyə Respublikası,"""Ankara University""","""Energy Systems Engineering"""
139,bakalavriat,Türkiyə Respublikası,"""Istanbul Technical University""","""Petroleum and Natural Gas Engineering"""
140,bakalavriat,Türkiyə Respublikası,"""Middle East Technical University""","""Petroleum and Natural Gas Engineering"""
141,bakalavriat,Almaniya Federativ Respublikası,"""Heidelberg University""","""Biology"""
142,bakalavriat,Almaniya Federativ Respublikası,"""Heidelberg University""","""Chemistry"""
143,bakalavriat,Almaniya Federativ Respublikası,"""Heidelberg University""","""Mathematics"""
144,bakalavriat,Almaniya Federativ Respublikası,"""Heidelberg University""","""Molecular Biotechnology"""
145,bakalavriat,Almaniya Federativ Respublikası,"""Heidelberg University""","""Physics"""
146,bakalavriat,Almaniya Federativ Respublikası,"""LMU Munich""","""Chemistry and Biochemistry"""
147,bakalavriat,Almaniya Federativ Respublikası,"""LMU Munich""","""Mathematics"""
148,bakalavriat,Almaniya Federativ Respublikası,"""LMU Munich""","""Physics"""
149,bakalavriat,Almaniya Federativ Respublikası,"""Technical University of Munich""","""Biochemistry"""
150,bakalavriat,Almaniya Federativ Respublikası,"""Technical University of Munich""","""Chemical Biotechnology"""
151,bakalavriat,Almaniya Federativ Respublikası,"""Technical University of Munich""","""Chemistry"""
152,bakalavriat,Almaniya Federativ Respublikası,"""Technical University of Munich""","""Geosciences"""
153,bakalavriat,Almaniya Federativ Respublikası,"""Technical University of Munich""","""Mathematics"""
154,bakalavriat,Almaniya Federativ Respublikası,"""Technical University of Munich""","""Molecular Biotechnology"""
155,bakalavriat,Almaniya Federativ Respublikası,"""Technical University of Munich""","""Physics"""
156,bakalavriat,Birləşmiş Ərəb Əmirlikləri,"""Abu Dhabi University""","""Molecular and Medical Genetics"""
157,bakalavriat,Birləşmiş Ərəb Əmirlikləri,"""Khalifa University""","""Cell and Molecular Biology"""
158,bakalavriat,Birləşmiş Ərəb Əmirlikləri,"""Khalifa University""","""Chemistry"""
159,bakalavriat,Birləşmiş Ərəb Əmirlikləri,"""Khalifa University""","""Earth and Planetary Sciences"""
160,bakalavriat,Birləşmiş Ərəb Əmirlikləri,"""Khalifa University""","""Physics"""
161,bakalavriat,Birləşmiş Ərəb Əmirlikləri,"""United Arab Emirates University""","""Biochemistry"""
162,bakalavriat,Birləşmiş Ərəb Əmirlikləri,"""United Arab Emirates University""","""Biology"""
163,bakalavriat,Birləşmiş Ərəb Əmirlikləri,"""United Arab Emirates University""","""Chemistry"""
164,bakalavriat,Birləşmiş Ərəb Əmirlikləri,"""United Arab Emirates University""","""Geography"""
165,bakalavriat,Birləşmiş Ərəb Əmirlikləri,"""United Arab Emirates University""","""Mathematics"""
166,bakalavriat,Birləşmiş Ərəb Əmirlikləri,"""United Arab Emirates University""","""Physics"""
167,bakalavriat,Birləşmiş Ərəb Əmirlikləri,"""University of Sharjah""","""Applied Mathematics"""
168,bakalavriat,Birləşmiş Ərəb Əmirlikləri,"""University of Sharjah""","""Applied Physics"""
169,bakalavriat,Birləşmiş Ərəb Əmirlikləri,"""University of Sharjah""","""Biotechnology"""
170,bakalavriat,Birləşmiş Krallıq,"""Imperial College London""","""Biochemistry"""
171,bakalavriat,Birləşmiş Krallıq,"""Imperial College London""","""Biological Sciences"""
172,bakalavriat,Birləşmiş Krallıq,"""Imperial College London""","""Biotechnology"""
173,bakalavriat,Birləşmiş Krallıq,"""Imperial College London""","""Chemistry"""
174,bakalavriat,Birləşmiş Krallıq,"""Imperial College London""","""Geology"""
175,bakalavriat,Birləşmiş Krallıq,"""Imperial College London""","""Geophysics"""
176,bakalavriat,Birləşmiş Krallıq,"""Imperial College London""","""Mathematics with Applied Mathematics/Mathematical Physics"""
177,bakalavriat,Birləşmiş Krallıq,"""Imperial College London""","""Mathematics with Mathematical Computation"""
178,bakalavriat,Birləşmiş Krallıq,"""Imperial College London""","""Mathematics"""
179,bakalavriat,Birləşmiş Krallıq,"""Imperial College London""","""Microbiology"""
180,bakalavriat,Birləşmiş Krallıq,"""Imperial College London""","""Physics"""
181,bakalavriat,Birləşmiş Krallıq,"""King’s College London""","""Biochemistry"""
182,bakalavriat,Birləşmiş Krallıq,"""King’s College London""","""Chemistry with Biomedicine"""
183,bakalavriat,Birləşmiş Krallıq,"""King’s College London""","""Chemistry"""
184,bakalavriat,Birləşmiş Krallıq,"""King’s College London""","""Mathematics"""
185,bakalavriat,Birləşmiş Krallıq,"""King’s College London""","""Physics with Biophysics"""
186,bakalavriat,Birləşmiş Krallıq,"""King’s College London""","""Physics"""
187,bakalavriat,Birləşmiş Krallıq,"""London School of Economics and Political Science""","""Mathematics and Economics"""
188,bakalavriat,Birləşmiş Krallıq,"""UCL""","""Biochemical Engineering"""
189,bakalavriat,Birləşmiş Krallıq,"""UCL""","""Biochemistry"""
190,bakalavriat,Birləşmiş Krallıq,"""UCL""","""Biological Sciences"""
191,bakalavriat,Birləşmiş Krallıq,"""UCL""","""Chemistry with Mathematics"""
192,bakalavriat,Birləşmiş Krallıq,"""UCL""","""Chemistry"""
193,bakalavriat,Birləşmiş Krallıq,"""UCL""","""Geology"""
194,bakalavriat,Birləşmiş Krallıq,"""UCL""","""Geophysics"""
195,bakalavriat,Birləşmiş Krallıq,"""UCL""","""Mathematics and Physics"""
196,bakalavriat,Birləşmiş Krallıq,"""UCL""","""Mathematics with Economics"""
197,bakalavriat,Birləşmiş Krallıq,"""UCL""","""Mathematics"""
198,bakalavriat,Birləşmiş Krallıq,"""UCL""","""Physics"""
199,bakalavriat,Birləşmiş Krallıq,"""UCL""","""Theoretical Physics"""
200,bakalavriat,Birləşmiş Krallıq,"""University of Bristol""","""Chemistry"""
201,bakalavriat,Birləşmiş Krallıq,"""University of Bristol""","""Mathematics"""
202,bakalavriat,Birləşmiş Krallıq,"""University of Bristol""","""Physics"""
203,bakalavriat,Birləşmiş Krallıq,"""University of Cambridge""","""Biochemistry"""
204,bakalavriat,Birləşmiş Krallıq,"""University of Cambridge""","""Bioengineering"""
205,bakalavriat,Birləşmiş Krallıq,"""University of Cambridge""","""Chemistry"""
206,bakalavriat,Birləşmiş Krallıq,"""University of Cambridge""","""Geological Sciences"""
207,bakalavriat,Birləşmiş Krallıq,"""University of Cambridge""","""Mathematics"""
208,bakalavriat,Birləşmiş Krallıq,"""University of Cambridge""","""Physics"""
209,bakalavriat,Birləşmiş Krallıq,"""University of Edinburgh""","""Applied Mathematics"""
210,bakalavriat,Birləşmiş Krallıq,"""University of Edinburgh""","""Biological Sciences (Biochemistry)"""
211,bakalavriat,Birləşmiş Krallıq,"""University of Edinburgh""","""Biological Sciences (Biotechnology)"""
212,bakalavriat,Birləşmiş Krallıq,"""University of Edinburgh""","""Biological Sciences (Cell Biology)"""
213,bakalavriat,Birləşmiş Krallıq,"""University of Edinburgh""","""Biological Sciences (Molecular Biology)"""
214,bakalavriat,Birləşmiş Krallıq,"""University of Edinburgh""","""Biological Sciences"""
215,bakalavriat,Birləşmiş Krallıq,"""University of Edinburgh""","""Biotechnology"""
216,bakalavriat,Birləşmiş Krallıq,"""University of Edinburgh""","""Chemical Physics"""
217,bakalavriat,Birləşmiş Krallıq,"""University of Edinburgh""","""Chemistry"""
218,bakalavriat,Birləşmiş Krallıq,"""University of Edinburgh""","""Geophysics and Geology"""
219,bakalavriat,Birləşmiş Krallıq,"""University of Edinburgh""","""Geophysics"""
220,bakalavriat,Birləşmiş Krallıq,"""University of Edinburgh""","""Mathematical Physics"""
221,bakalavriat,Birləşmiş Krallıq,"""University of Edinburgh""","""Mathematics and Physics"""
222,bakalavriat,Birləşmiş Krallıq,"""University of Edinburgh""","""Mathematics"""
223,bakalavriat,Birləşmiş Krallıq,"""University of Edinburgh""","""Molecular Biology"""
224,bakalavriat,Birləşmiş Krallıq,"""University of Edinburgh""","""Physics"""
225,bakalavriat,Birləşmiş Krallıq,"""University of Glasgow""","""Mathematics"""
226,bakalavriat,Birləşmiş Krallıq,"""University of Manchester""","""Biochemistry"""
227,bakalavriat,Birləşmiş Krallıq,"""University of Manchester""","""Biology"""
228,bakalavriat,Birləşmiş Krallıq,"""University of Manchester""","""Biotechnology"""
229,bakalavriat,Birləşmiş Krallıq,"""University of Manchester""","""Mathematics and Physics"""
230,bakalavriat,Birləşmiş Krallıq,"""University of Manchester""","""Mathematics"""
231,bakalavriat,Birləşmiş Krallıq,"""University of Manchester""","""Microbiology"""
232,bakalavriat,Birləşmiş Krallıq,"""University of Manchester""","""Molecular Biology"""
233,bakalavriat,Birləşmiş Krallıq,"""University of Manchester""","""Physics with Theoretical Physics"""
234,bakalavriat,Birləşmiş Krallıq,"""University of Manchester""","""Physics"""
235,bakalavriat,Birləşmiş Krallıq,"""University of Oxford""","""Biochemistry (Molecular and Cellular)"""
236,bakalavriat,Birləşmiş Krallıq,"""University of Oxford""","""Biology"""
237,bakalavriat,Birləşmiş Krallıq,"""University of Oxford""","""Materials Science"""
238,bakalavriat,Birləşmiş Krallıq,"""University of Oxford""","""Mathematics"""
239,bakalavriat,Birləşmiş Krallıq,"""University of Oxford""","""Physics"""
240,bakalavriat,Birləşmiş Krallıq,"""University of Warwick""","""Discrete Mathematics"""
241,bakalavriat,Birləşmiş Krallıq,"""University of Warwick""","""Physics"""
242,bakalavriat,Çin Xalq Respublikası,"""Beijing Normal University""","""Chemistry"""
243,bakalavriat,Çin Xalq Respublikası,"""Beijing Normal University""","""Mathematics and Applied Mathematics"""
244,bakalavriat,Çin Xalq Respublikası,"""Beijing Normal University""","""Physics"""
245,bakalavriat,Çin Xalq Respublikası,"""Beijing University of Chemical Technology""","""Applied Physics"""
246,bakalavriat,Çin Xalq Respublikası,"""Beijing University of Chemical Technology""","""Chemistry"""
247,bakalavriat,Çin Xalq Respublikası,"""Beijing University of Chemical Technology""","""Energy Chemistry"""
248,bakalavriat,Çin Xalq Respublikası,"""Beijing University of Chemical Technology""","""Materials Chemistry"""
249,bakalavriat,Çin Xalq Respublikası,"""Beijing University of Chemical Technology""","""Mathematics and Applied Mathematics"""
250,bakalavriat,Çin Xalq Respublikası,"""Dalian University of Technology""","""Applied Physics"""
251,bakalavriat,Çin Xalq Respublikası,"""East China Normal University""","""Chemistry"""
252,bakalavriat,Çin Xalq Respublikası,"""East China Normal University""","""Physics"""
253,bakalavriat,Çin Xalq Respublikası,"""East China Normal University""","""Pure and Applied Mathematic"""
254,bakalavriat,Çin Xalq Respublikası,"""Fudan University""","""Physics"""
255,bakalavriat,Çin Xalq Respublikası,"""Harbin Institute of Technology""","""Applied Chemistry"""
256,bakalavriat,Çin Xalq Respublikası,"""Harbin Institute of Technology""","""Bioinformatics"""
257,bakalavriat,Çin Xalq Respublikası,"""Harbin Institute of Technology""","""Biological Engineering"""
258,bakalavriat,Çin Xalq Respublikası,"""Harbin Institute of Technology""","""Biological Technology"""
259,bakalavriat,Çin Xalq Respublikası,"""Huazhong University of Science and Technology""","""Bioscience"""
260,bakalavriat,Çin Xalq Respublikası,"""Hunan University""","""Applied Chemistry"""
261,bakalavriat,Çin Xalq Respublikası,"""Hunan University""","""Applied Physics"""
262,bakalavriat,Çin Xalq Respublikası,"""Hunan University""","""Chemical Biology"""
263,bakalavriat,Çin Xalq Respublikası,"""Hunan University""","""Chemistry"""
264,bakalavriat,Çin Xalq Respublikası,"""Hunan University""","""Mathematics and Applied Mathematics"""
265,bakalavriat,Çin Xalq Respublikası,"""Xi’an Jiaotong University""","""Applied Chemistry"""
266,bakalavriat,Çin Xalq Respublikası,"""Xi’an Jiaotong University""","""Chemistry"""
267,bakalavriat,Çin Xalq Respublikası,"""Xiamen University""","""Biological Science"""
268,bakalavriat,Çin Xalq Respublikası,"""Xiamen University""","""Chemical Biology"""
269,bakalavriat,Çin Xalq Respublikası,"""Xiamen University""","""Chemistry"""
270,bakalavriat,Çin Xalq Respublikası,"""Xiamen University""","""Physics"""
271,bakalavriat,Çin Xalq Respublikası,"""Nanjing University""","""Applied Chemistry"""
272,bakalavriat,Çin Xalq Respublikası,"""Nanjing University""","""Biological Science"""
273,bakalavriat,Çin Xalq Respublikası,"""Nanjing University""","""Biotechnology"""
274,bakalavriat,Çin Xalq Respublikası,"""Nanjing University""","""Chemistry"""
275,bakalavriat,Çin Xalq Respublikası,"""Nanjing University""","""Geology"""
276,bakalavriat,Çin Xalq Respublikası,"""Nanjing University""","""Material Chemistry"""
277,bakalavriat,Çin Xalq Respublikası,"""Nanjing University""","""Material Physics"""
278,bakalavriat,Çin Xalq Respublikası,"""Nanjing University""","""Mathematics and Applied Mathematics"""
279,bakalavriat,Çin Xalq Respublikası,"""Northwestern Polytechnical University""","""Biotechnology"""
280,bakalavriat,Çin Xalq Respublikası,"""Peking University""","""Mathematical Sciences"""
281,bakalavriat,Çin Xalq Respublikası,"""Peking University""","""Physics"""
282,bakalavriat,Çin Xalq Respublikası,"""Shanghai University""","""Applied Chemistry"""
283,bakalavriat,Çin Xalq Respublikası,"""Shanghai University""","""Applied Physics"""
284,bakalavriat,Çin Xalq Respublikası,"""Shanghai University""","""Mathematics and Applied Mathematics"""
285,bakalavriat,Çin Xalq Respublikası,"""Shenzhen University""","""Chemistry"""
286,bakalavriat,Çin Xalq Respublikası,"""Tianjin University""","""Applied Chemistry"""
287,bakalavriat,Çin Xalq Respublikası,"""Tsinghua University""","""Applied Physics"""
288,bakalavriat,Çin Xalq Respublikası,"""Tsinghua University""","""Biological Sciences"""
289,bakalavriat,Çin Xalq Respublikası,"""Tsinghua University""","""Biotechnology"""
290,bakalavriat,Çin Xalq Respublikası,"""Tsinghua University""","""Chemical Biology"""
291,bakalavriat,Çin Xalq Respublikası,"""Tsinghua University""","""Chemistry"""
292,bakalavriat,Çin Xalq Respublikası,"""Tsinghua University""","""Mathematics and Physics"""
293,bakalavriat,Çin Xalq Respublikası,"""Tsinghua University""","""Physics"""
294,bakalavriat,Çin Xalq Respublikası,"""Tsinghua University""","""Pure and Applied Mathematics"""
295,bakalavriat,Çin Xalq Respublikası,"""University of Hong Kong""","""Biochemistry"""
296,bakalavriat,Çin Xalq Respublikası,"""University of Hong Kong""","""Biological Sciences"""
297,bakalavriat,Çin Xalq Respublikası,"""University of Hong Kong""","""Chemistry"""
298,bakalavriat,Çin Xalq Respublikası,"""University of Hong Kong""","""Mathematics"""
299,bakalavriat,Çin Xalq Respublikası,"""University of Hong Kong""","""Molecular Biology and Biotechnology"""
300,bakalavriat,Çin Xalq Respublikası,"""University of Hong Kong""","""Physics"""
301,bakalavriat,Çin Xalq Respublikası,"""University of Science and Technology of China""","""Mathematics"""
302,bakalavriat,Çin Xalq Respublikası,"""Zhejiang University""","""Chemistry"""
303,bakalavriat,Çin Xalq Respublikası,"""Zhejiang University""","""Mathematics and Applied Mathematics"""
304,bakalavriat,Çin Xalq Respublikası,"""Zhejiang University""","""Physics"""
305,bakalavriat,İrlandiya Respublikası,"""Dublin City University""","""Applied Physics"""
306,bakalavriat,İrlandiya Respublikası,"""Dublin City University""","""Bioprocessing"""
307,bakalavriat,İrlandiya Respublikası,"""Dublin City University""","""Biotechnology"""
308,bakalavriat,İrlandiya Respublikası,"""Dublin City University""","""Chemical Sciences General Entry"""
309,bakalavriat,İrlandiya Respublikası,"""Dublin City University""","""Chemistry with Artificial Intelligence"""
310,bakalavriat,İrlandiya Respublikası,"""Dublin City University""","""Genetics and Cell Biology"""
311,bakalavriat,İrlandiya Respublikası,"""Dublin City University""","""Physics General Entry"""
312,bakalavriat,İrlandiya Respublikası,"""Dublin City University""","""Physics with Biomedical Sciences"""
313,bakalavriat,İrlandiya Respublikası,"""Trinity College Dublin""","""Biochemistry: Biological and Biomedical Sciences"""
314,bakalavriat,İrlandiya Respublikası,"""Trinity College Dublin""","""Biological and Biomedical Sciences"""
315,bakalavriat,İrlandiya Respublikası,"""Trinity College Dublin""","""Chemical Sciences"""
316,bakalavriat,İrlandiya Respublikası,"""Trinity College Dublin""","""Chemistry with Biosciences: Chemical Sciences"""
317,bakalavriat,İrlandiya Respublikası,"""Trinity College Dublin""","""Chemistry with Molecular Modelling: Chemical Sciences"""
318,bakalavriat,İrlandiya Respublikası,"""Trinity College Dublin""","""Chemistry: Chemical Sciences"""
319,bakalavriat,İrlandiya Respublikası,"""Trinity College Dublin""","""Mathematics"""
320,bakalavriat,İrlandiya Respublikası,"""Trinity College Dublin""","""Nanoscience: Chemical Sciences"""
321,bakalavriat,İrlandiya Respublikası,"""Trinity College Dublin""","""Nanoscience: Physical Sciences"""
322,bakalavriat,İrlandiya Respublikası,"""University College Cork""","""Biochemistry"""
323,bakalavriat,İrlandiya Respublikası,"""University College Cork""","""Biotechnology"""
324,bakalavriat,İrlandiya Respublikası,"""University College Cork""","""Microbiology"""
325,bakalavriat,İrlandiya Respublikası,"""University College Cork""","""Physics"""
326,bakalavriat,İrlandiya Respublikası,"""University College Dublin""","""Science: Biological, Biomedical and Biomolecular Sciences"""
327,bakalavriat,İrlandiya Respublikası,"""University College Dublin""","""Science: Chemistry (includes Medicinal/Sustainable)"""
328,bakalavriat,İrlandiya Respublikası,"""University College Dublin""","""Science: Physics (includes Theoretical/Astronomy and Space Science)"""
329,bakalavriat,İspaniya Krallığı,"""Autonomous University of Madrid""","""Biochemistry"""
330,bakalavriat,İspaniya Krallığı,"""Autonomous University of Madrid""","""Biology"""
331,bakalavriat,İspaniya Krallığı,"""Autonomous University of Madrid""","""Environmental Sciences and Geography and Land Management"""
332,bakalavriat,İspaniya Krallığı,"""Autonomous University of Madrid""","""Physics"""
333,bakalavriat,İspaniya Krallığı,"""Universitat Autònoma de Barcelona (UAB)""","""Biochemistry"""
334,bakalavriat,İspaniya Krallığı,"""Universitat Autònoma de Barcelona (UAB)""","""Biology"""
335,bakalavriat,İspaniya Krallığı,"""Universitat Autònoma de Barcelona (UAB)""","""Chemistry"""
336,bakalavriat,İspaniya Krallığı,"""Universitat Autònoma de Barcelona (UAB)""","""Genetics"""
337,bakalavriat,İspaniya Krallığı,"""Universitat Autònoma de Barcelona (UAB)""","""Geology"""
338,bakalavriat,İspaniya Krallığı,"""Universitat Autònoma de Barcelona (UAB)""","""Mathematics"""
339,bakalavriat,İspaniya Krallığı,"""Universitat Autònoma de Barcelona (UAB)""","""Microbiology"""
340,bakalavriat,İspaniya Krallığı,"""Universitat Autònoma de Barcelona (UAB)""","""Nanoscience and Nanotechnology"""
341,bakalavriat,İspaniya Krallığı,"""Universitat Autònoma de Barcelona (UAB)""","""Physics"""
342,bakalavriat,İspaniya Krallığı,"""University of Barcelona""","""Biochemistry"""
343,bakalavriat,İspaniya Krallığı,"""University of Barcelona""","""Biology"""
344,bakalavriat,İspaniya Krallığı,"""University of Barcelona""","""Biotechnology"""
345,bakalavriat,İspaniya Krallığı,"""University of Barcelona""","""Chemistry"""
346,bakalavriat,İspaniya Krallığı,"""University of Barcelona""","""Geology"""
347,bakalavriat,İspaniya Krallığı,"""University of Barcelona""","""Mathematics"""
348,bakalavriat,İspaniya Krallığı,"""University of Barcelona""","""Physics"""
349,bakalavriat,İspaniya Krallığı,"""University of Navarra""","""Biotechnology"""
350,bakalavriat,İsrail Dövləti,"""Bar-Ilan University""","""Physics"""
351,bakalavriat,İsrail Dövləti,"""Hebrew University of Jerusalem""","""Bio Medical Sciences"""
352,bakalavriat,İsrail Dövləti,"""Hebrew University of Jerusalem""","""Biology"""
353,bakalavriat,İsrail Dövləti,"""Hebrew University of Jerusalem""","""Chemistry"""
354,bakalavriat,İsrail Dövləti,"""Hebrew University of Jerusalem""","""Mathematics"""
355,bakalavriat,İsrail Dövləti,"""Hebrew University of Jerusalem""","""Physics"""
356,bakalavriat,İsrail Dövləti,"""Hebrew University of Jerusalem""","""Physics-Chemistry"""
357,bakalavriat,İsrail Dövləti,"""Technion Israel Institute of Technology""","""Biochemical Engineering"""
358,bakalavriat,İsrail Dövləti,"""Technion Israel Institute of Technology""","""Biology"""
359,bakalavriat,İsrail Dövləti,"""Technion Israel Institute of Technology""","""Chemistry"""
360,bakalavriat,İsrail Dövləti,"""Technion Israel Institute of Technology""","""Computer Science with focus on Bioinformatics"""
361,bakalavriat,İsrail Dövləti,"""Technion Israel Institute of Technology""","""Mathematics Physics"""
362,bakalavriat,İsrail Dövləti,"""Technion Israel Institute of Technology""","""Mathematics"""
363,bakalavriat,İsrail Dövləti,"""Technion Israel Institute of Technology""","""Physics"""
364,bakalavriat,İsveçrə Konfederasiyası,"""École Polytechnique Fédérale de Lausanne""","""Mathematics"""
365,bakalavriat,İsveçrə Konfederasiyası,"""École Polytechnique Fédérale de Lausanne""","""Physics"""
366,bakalavriat,İsveçrə Konfederasiyası,"""ETH Zurich""","""Biochemistry – Chemical Biology"""
367,bakalavriat,İsveçrə Konfederasiyası,"""ETH Zurich""","""Biology"""
368,bakalavriat,İsveçrə Konfederasiyası,"""ETH Zurich""","""Materials Science"""
369,bakalavriat,İsveçrə Konfederasiyası,"""ETH Zurich""","""Mathematics"""
370,bakalavriat,İsveçrə Konfederasiyası,"""ETH Zurich""","""Physics"""
371,bakalavriat,İsveçrə Konfederasiyası,"""University of Geneva""","""Chemistry"""
372,bakalavriat,İsveçrə Konfederasiyası,"""University of Geneva""","""Mathematics"""
373,bakalavriat,İsveçrə Konfederasiyası,"""University of Geneva""","""Physics"""
374,bakalavriat,İtaliya Respublikası,"""Scuola Normale Superiore di Pisa""","""Biology"""
375,bakalavriat,İtaliya Respublikası,"""Scuola Normale Superiore di Pisa""","""Chemistry and Geology"""
376,bakalavriat,İtaliya Respublikası,"""Scuola Normale Superiore di Pisa""","""Mathematics and İnformation Science"""
377,bakalavriat,İtaliya Respublikası,"""Scuola Normale Superiore di Pisa""","""Physics"""
378,bakalavriat,İtaliya Respublikası,"""University of Florence""","""Materials Science"""
379,bakalavriat,İtaliya Respublikası,"""University of Florence""","""Mathematics"""
380,bakalavriat,İtaliya Respublikası,"""University of Florence""","""Natural Sciences"""
381,bakalavriat,İtaliya Respublikası,"""University of Milan""","""Biological Sciences"""
382,bakalavriat,İtaliya Respublikası,"""University of Milan""","""Biotechnology"""
383,bakalavriat,İtaliya Respublikası,"""University of Milan""","""Chemistry"""
384,bakalavriat,İtaliya Respublikası,"""University of Milan""","""Geological Sciences"""
385,bakalavriat,İtaliya Respublikası,"""University of Milan""","""Industrial Chemistry"""
386,bakalavriat,İtaliya Respublikası,"""University of Milan""","""Mathematics"""
387,bakalavriat,İtaliya Respublikası,"""University of Milan""","""Pharmaceutical Chemistry and Technology"""
388,bakalavriat,İtaliya Respublikası,"""University of Milan""","""Physics"""
389,bakalavriat,İtaliya Respublikası,"""University of Pavia""","""Bioengineering"""
390,bakalavriat,İtaliya Respublikası,"""University of Pavia""","""Biological sciences"""
391,bakalavriat,İtaliya Respublikası,"""University of Pavia""","""Chemistry"""
392,bakalavriat,İtaliya Respublikası,"""University of Pavia""","""Geological Sciences"""
393,bakalavriat,İtaliya Respublikası,"""University of Pavia""","""Mathematics"""
394,bakalavriat,İtaliya Respublikası,"""University of Pavia""","""Physics"""
395,bakalavriat,İtaliya Respublikası,"""University of Rome II- Tor Vergata""","""Applied Chemistry"""
396,bakalavriat,İtaliya Respublikası,"""University of Rome II- Tor Vergata""","""Biological Sciences"""
397,bakalavriat,İtaliya Respublikası,"""University of Rome II- Tor Vergata""","""Biotechnology"""
398,bakalavriat,İtaliya Respublikası,"""University of Rome II- Tor Vergata""","""Chemistry"""
399,bakalavriat,İtaliya Respublikası,"""University of Rome II- Tor Vergata""","""Mathematics"""
400,bakalavriat,Koreya Respublikası,"""Chung-Ang University""","""Advanced Materials Engineering"""
401,bakalavriat,Koreya Respublikası,"""Chung-Ang University""","""Biological Sciences"""
402,bakalavriat,Koreya Respublikası,"""Chung-Ang University""","""Bioresource and Bioscience"""
403,bakalavriat,Koreya Respublikası,"""Chung-Ang University""","""Chemistry"""
404,bakalavriat,Koreya Respublikası,"""Chung-Ang University""","""Mathematics"""
405,bakalavriat,Koreya Respublikası,"""Chung-Ang University""","""Physics"""
406,bakalavriat,Koreya Respublikası,"""Chung-Ang University""","""Systems Biotechnology"""
407,bakalavriat,Koreya Respublikası,"""Kyung Hee University""","""Chemistry"""
408,bakalavriat,Koreya Respublikası,"""Kyung Hee University""","""Geography"""
409,bakalavriat,Koreya Respublikası,"""Kyung Hee University""","""Mathematics"""
410,bakalavriat,Koreya Respublikası,"""Kyung Hee University""","""Physics"""
411,bakalavriat,Koreya Respublikası,"""Sejong University""","""Aerospace System Engineering"""
412,bakalavriat,Koreya Respublikası,"""Sejong University""","""Chemistry"""
413,bakalavriat,Koreya Respublikası,"""Sejong University""","""Energy and Mineral Resources and Engineering"""
414,bakalavriat,Koreya Respublikası,"""Sejong University""","""Environment, Energy and Geoinformatics"""
415,bakalavriat,Koreya Respublikası,"""Sejong University""","""Integrative Bioscience and Biotechnology"""
416,bakalavriat,Koreya Respublikası,"""Sejong University""","""Nano Technology and Advanced"""
417,bakalavriat,Koreya Respublikası,"""Seoul National University""","""Applied Life Chemistry"""
418,bakalavriat,Koreya Respublikası,"""Seoul National University""","""Biological Sciences"""
419,bakalavriat,Koreya Respublikası,"""Seoul National University""","""Geography"""
420,bakalavriat,Koreya Respublikası,"""Seoul National University""","""Mathematical Sciences"""
421,bakalavriat,Koreya Respublikası,"""Seoul National University""","""Physics and Astronomy"""
422,bakalavriat,Koreya Respublikası,"""Sungkyunkwan University (SKKU)""","""Advanced Materials Science and Engineering"""
423,bakalavriat,Koreya Respublikası,"""Sungkyunkwan University (SKKU)""","""Biological Sciences"""
424,bakalavriat,Koreya Respublikası,"""Sungkyunkwan University (SKKU)""","""Biomechatronic Engineering"""
425,bakalavriat,Koreya Respublikası,"""Sungkyunkwan University (SKKU)""","""Chemistry"""
426,bakalavriat,Koreya Respublikası,"""Sungkyunkwan University (SKKU)""","""Integrative Biotechnology"""
427,bakalavriat,Koreya Respublikası,"""Sungkyunkwan University (SKKU)""","""Mathematics"""
428,bakalavriat,Koreya Respublikası,"""Sungkyunkwan University (SKKU)""","""Physics"""
429,bakalavriat,Koreya Respublikası,"""Ulsan National Institute of Science and Technology
(UNIST)""","""Biological Sciences"""
430,bakalavriat,Koreya Respublikası,"""Ulsan National Institute of Science and Technology
(UNIST)""","""Chemistry"""
431,bakalavriat,Koreya Respublikası,"""Ulsan National Institute of Science and Technology
(UNIST)""","""Mathematical Sciences"""
432,bakalavriat,Koreya Respublikası,"""Ulsan National Institute of Science and Technology
(UNIST)""","""Physics"""
433,bakalavriat,Koreya Respublikası,"""Yonsei University""","""Biochemistry"""
434,bakalavriat,Malayziya,"""Universiti Kebangsaan Malaysia""","""Biochemistry"""
435,bakalavriat,Malayziya,"""Universiti Kebangsaan Malaysia""","""Biology"""
436,bakalavriat,Malayziya,"""Universiti Kebangsaan Malaysia""","""Chemical Technology"""
437,bakalavriat,Malayziya,"""Universiti Kebangsaan Malaysia""","""Chemistry"""
438,bakalavriat,Malayziya,"""Universiti Kebangsaan Malaysia""","""Genetics"""
439,bakalavriat,Malayziya,"""Universiti Kebangsaan Malaysia""","""Geology"""
440,bakalavriat,Malayziya,"""Universiti Kebangsaan Malaysia""","""Materials Science"""
441,bakalavriat,Malayziya,"""Universiti Kebangsaan Malaysia""","""Mathematics"""
442,bakalavriat,Malayziya,"""Universiti Kebangsaan Malaysia""","""Microbiology"""
443,bakalavriat,Malayziya,"""Universiti Kebangsaan Malaysia""","""Physics"""
444,bakalavriat,Malayziya,"""Universiti Sains Malaysia""","""Biology"""
445,bakalavriat,Malayziya,"""Universiti Sains Malaysia""","""Bioresource Technology"""
446,bakalavriat,Malayziya,"""Universiti Sains Malaysia""","""Chemistry"""
447,bakalavriat,Malayziya,"""Universiti Sains Malaysia""","""Mathematic"""
448,bakalavriat,Malayziya,"""Universiti Sains Malaysia""","""Physics"""
449,bakalavriat,Malayziya,"""Universiti Teknologi Malaysia""","""Biology"""
450,bakalavriat,Malayziya,"""Universiti Teknologi Malaysia""","""Biotechnology"""
451,bakalavriat,Malayziya,"""Universiti Teknologi Malaysia""","""Chemistry"""
452,bakalavriat,Malayziya,"""Universiti Teknologi Malaysia""","""Industrial Chemistry"""
453,bakalavriat,Malayziya,"""Universiti Teknologi Malaysia""","""Industrial Mathematics"""
454,bakalavriat,Malayziya,"""Universiti Teknologi Malaysia""","""Industrial Physics"""
455,bakalavriat,Malayziya,"""Universiti Teknologi Malaysia""","""Mathematics"""
456,bakalavriat,Malayziya,"""Universiti Teknologi Malaysia""","""Physics"""
457,bakalavriat,Malayziya,"""Universiti Teknologi Petronas""","""Applied Chemistry"""
458,bakalavriat,Malayziya,"""Universiti Teknologi Petronas""","""Petroleum Geoscience"""
459,bakalavriat,Malayziya,"""University of Malaya""","""Chemistry"""
460,bakalavriat,Malayziya,"""University of Malaya""","""Science in Biotechnology"""
461,bakalavriat,Rusiya Federasiyası,"""Bauman Moscow State Technical University""","""Applied Mathematics"""
462,bakalavriat,Rusiya Federasiyası,"""Bauman Moscow State Technical University""","""Technical Physics"""
463,bakalavriat,Rusiya Federasiyası,"""HSE University""","""Applied Mathematics"""
464,bakalavriat,Rusiya Federasiyası,"""HSE University""","""Mathematics"""
465,bakalavriat,Rusiya Federasiyası,"""ITMO University""","""Applied Physics"""
466,bakalavriat,Rusiya Federasiyası,"""ITMO University""","""Biotechnology"""
467,bakalavriat,Rusiya Federasiyası,"""Lomonosov Moscow State University""","""Applied Mathematics and Physics"""
468,bakalavriat,Rusiya Federasiyası,"""Lomonosov Moscow State University""","""Biology"""
469,bakalavriat,Rusiya Federasiyası,"""Lomonosov Moscow State University""","""Biotechnology"""
470,bakalavriat,Rusiya Federasiyası,"""Lomonosov Moscow State University""","""Chemistry"""
471,bakalavriat,Rusiya Federasiyası,"""Lomonosov Moscow State University""","""Fundamental and Applied Chemistry"""
472,bakalavriat,Rusiya Federasiyası,"""Lomonosov Moscow State University""","""Fundamental and Applied Physics"""
473,bakalavriat,Rusiya Federasiyası,"""Lomonosov Moscow State University""","""Materials Chemistry, Physics and Mechanics"""
474,bakalavriat,Rusiya Federasiyası,"""Lomonosov Moscow State University""","""Mathematics"""
475,bakalavriat,Rusiya Federasiyası,"""Moscow Institute of Physics and Technology (MIPT)""","""Fundamental and Applied Physics"""
476,bakalavriat,Rusiya Federasiyası,"""Moscow Institute of Physics and Technology (MIPT)""","""Mathematical Physics and Mathematical Modeling"""
477,bakalavriat,Rusiya Federasiyası,"""Moscow Institute of Physics and Technology (MIPT)""","""Molecular Biology"""
478,bakalavriat,Rusiya Federasiyası,"""National Research Nuclear University MEPhI""","""Applied mathematics and physics"""
479,bakalavriat,Rusiya Federasiyası,"""National Research Nuclear University MEPhI""","""Photonics and Solid State Physics"""
480,bakalavriat,Rusiya Federasiyası,"""Saint Petersburg State University""","""Applied Physics and Mathematics"""
481,bakalavriat,Rusiya Federasiyası,"""Saint Petersburg State University""","""Biology"""
482,bakalavriat,Rusiya Federasiyası,"""Saint Petersburg State University""","""Chemistry"""
483,bakalavriat,Rusiya Federasiyası,"""Saint Petersburg State University""","""Fundamental Mathematics"""
484,bakalavriat,Sinqapur Respublikası,"""Nanyang Technological University, Singapore""","""Bioengineering"""
485,bakalavriat,Sinqapur Respublikası,"""National University of Singapore""","""Chemistry"""
486,bakalavriat,Sinqapur Respublikası,"""National University of Singapore""","""Mathematics"""
487,bakalavriat,Sinqapur Respublikası,"""National University of Singapore""","""Physics"""
488,bakalavriat,Türkiyə Respublikası,"""Ankara University""","""Biology"""
489,bakalavriat,Türkiyə Respublikası,"""Ankara University""","""Chemistry"""
490,bakalavriat,Türkiyə Respublikası,"""Ankara University""","""Mathematics"""
491,bakalavriat,Türkiyə Respublikası,"""Ankara University""","""Physics"""
492,bakalavriat,Türkiyə Respublikası,"""Bilkent University""","""Chemistry"""
493,bakalavriat,Türkiyə Respublikası,"""Bilkent University""","""Mathematics"""
494,bakalavriat,Türkiyə Respublikası,"""Bilkent University""","""Molecular Biology and Genetics"""
495,bakalavriat,Türkiyə Respublikası,"""Bilkent University""","""Physics"""
496,bakalavriat,Türkiyə Respublikası,"""Boğaziçi University""","""Chemistry"""
497,bakalavriat,Türkiyə Respublikası,"""Boğaziçi University""","""Mathematics"""
498,bakalavriat,Türkiyə Respublikası,"""Boğaziçi University""","""Molecular Biology and Genetics"""
499,bakalavriat,Türkiyə Respublikası,"""Boğaziçi University""","""Physics"""
500,bakalavriat,Türkiyə Respublikası,"""Hacettepe University""","""Biology"""
501,bakalavriat,Türkiyə Respublikası,"""Hacettepe University""","""Chemistry"""
502,bakalavriat,Türkiyə Respublikası,"""Hacettepe University""","""Mathematics"""
503,bakalavriat,Türkiyə Respublikası,"""Istanbul Technical University""","""Chemistry"""
504,bakalavriat,Türkiyə Respublikası,"""Istanbul Technical University""","""Molecular Biology and Genetics"""
505,bakalavriat,Türkiyə Respublikası,"""Middle East Technical University""","""Biology"""
506,bakalavriat,Türkiyə Respublikası,"""Middle East Technical University""","""Chemistry"""
507,bakalavriat,Türkiyə Respublikası,"""Middle East Technical University""","""Mathematics"""
508,bakalavriat,Türkiyə Respublikası,"""Middle East Technical University""","""Molecular Biology and Genetics"""
509,bakalavriat,Türkiyə Respublikası,"""Middle East Technical University""","""Physics"""
510,bakalavriat,Türkiyə Respublikası,"""Sabanci University""","""Materials Science and Nanoengineering"""
511,bakalavriat,Türkiyə Respublikası,"""Sabanci University""","""Molecular Biology, Genetics and Bioengineering"""
512,bakalavriat,Yaponiya,"""Kyushu University""","""Applied Chemistry"""
513,bakalavriat,Yaponiya,"""Nagoya University""","""Biological Science"""
514,bakalavriat,Yaponiya,"""Nagoya University""","""Chemistry"""
515,bakalavriat,Yaponiya,"""Nagoya University""","""Physics"""
516,bakalavriat,Yaponiya,"""Tokyo Institute of Technology""","""Geoscience"""
517,bakalavriat,Yaponiya,"""Tokyo Institute of Technology""","""Global Biology"""
518,bakalavriat,Yaponiya,"""University of Tokyo""","""Applied Chemistry"""
519,bakalavriat,Yaponiya,"""University of Tokyo""","""Applied Physics"""
520,bakalavriat,Yaponiya,"""University of Tokyo""","""Chemistry and Biotechnology"""
521,bakalavriat,Yaponiya,"""University of Tokyo""","""Evolutionary Biology"""
522,bakalavriat,Yaponiya,"""University of Tokyo""","""Mathematical Sciences"""
523,bakalavriat,Yaponiya,"""University of Tsukuba""","""Biology"""
524,bakalavriat,Yaponiya,"""University of Tsukuba""","""Bio-resource Science"""
525,bakalavriat,Yaponiya,"""University of Tsukuba""","""Geoscience"""
526,bakalavriat,Almaniya Federativ Respublikası,"""Heidelberg University""","""Computer Science"""
527,bakalavriat,Almaniya Federativ Respublikası,"""Humboldt University of Berlin""","""Computer Science, Maths and Physics"""
528,bakalavriat,Almaniya Federativ Respublikası,"""LMU Munich""","""Computer Science plus Mathematics"""
529,bakalavriat,Almaniya Federativ Respublikası,"""LMU Munich""","""Computer Science plus Statistics"""
530,bakalavriat,Birləşmiş Ərəb Əmirlikləri,"""Abu Dhabi University""","""Electrical Engineering"""
531,bakalavriat,Birləşmiş Ərəb Əmirlikləri,"""Abu Dhabi University""","""Software Engineering"""
532,bakalavriat,Birləşmiş Ərəb Əmirlikləri,"""Al Ain University""","""Computer Science"""
533,bakalavriat,Birləşmiş Ərəb Əmirlikləri,"""Al Ain University""","""Cybersecurity"""
534,bakalavriat,Birləşmiş Ərəb Əmirlikləri,"""Al Ain University""","""Software Engineering"""
535,bakalavriat,Birləşmiş Ərəb Əmirlikləri,"""Khalifa University""","""Computer Engineering"""
536,bakalavriat,Birləşmiş Ərəb Əmirlikləri,"""Khalifa University""","""Computer Science"""
537,bakalavriat,Birləşmiş Ərəb Əmirlikləri,"""Khalifa University""","""Electrical Engineering"""
538,bakalavriat,Birləşmiş Ərəb Əmirlikləri,"""United Arab Emirates University""","""Computer Engineering"""
539,bakalavriat,Birləşmiş Ərəb Əmirlikləri,"""United Arab Emirates University""","""Computer Science"""
540,bakalavriat,Birləşmiş Ərəb Əmirlikləri,"""United Arab Emirates University""","""Data Science and Artificial Intelligence"""
541,bakalavriat,Birləşmiş Ərəb Əmirlikləri,"""United Arab Emirates University""","""Electrical Engineering"""
542,bakalavriat,Birləşmiş Ərəb Əmirlikləri,"""United Arab Emirates University""","""Information Security"""
543,bakalavriat,Birləşmiş Ərəb Əmirlikləri,"""United Arab Emirates University""","""Information Technology"""
544,bakalavriat,Birləşmiş Krallıq,"""Imperial College London""","""Computing (Visual Computing and Robotics)"""
545,bakalavriat,Birləşmiş Krallıq,"""Imperial College London""","""Electrical and Electronic Engineering"""
546,bakalavriat,Birləşmiş Krallıq,"""Imperial College London""","""Electronic and Information Engineering"""
547,bakalavriat,Birləşmiş Krallıq,"""Imperial College London""","""Mathematics and Computer Science"""
548,bakalavriat,Birləşmiş Krallıq,"""King’s College London""","""Artificial Intelligence"""
549,bakalavriat,Birləşmiş Krallıq,"""King’s College London""","""Electronic Engineering"""
550,bakalavriat,Birləşmiş Krallıq,"""UCL""","""Computer Science"""
551,bakalavriat,Birləşmiş Krallıq,"""UCL""","""Electronic and Electrical Engineering"""
552,bakalavriat,Birləşmiş Krallıq,"""University of Birmingham""","""Artificial Intelligence and Computer Science"""
553,bakalavriat,Birləşmiş Krallıq,"""University of Birmingham""","""Electronic and Electrical Engineering"""
554,bakalavriat,Birləşmiş Krallıq,"""University of Bristol""","""Computer Science"""
555,bakalavriat,Birləşmiş Krallıq,"""University of Bristol""","""Electrical and Electronic Engineering"""
556,bakalavriat,Birləşmiş Krallıq,"""University of Cambridge""","""Computer Science"""
557,bakalavriat,Birləşmiş Krallıq,"""University of Cambridge""","""Electrical Engineering"""
558,bakalavriat,Birləşmiş Krallıq,"""University of Cambridge""","""Electronic Engineering"""
559,bakalavriat,Birləşmiş Krallıq,"""University of Cambridge""","""Information and Computer Engineering"""
560,bakalavriat,Birləşmiş Krallıq,"""University of Edinburgh""","""Artificial Intelligence and Computer Science"""
561,bakalavriat,Birləşmiş Krallıq,"""University of Edinburgh""","""Artificial Intelligence"""
562,bakalavriat,Birləşmiş Krallıq,"""University of Edinburgh""","""Computer Science and Mathematics"""
563,bakalavriat,Birləşmiş Krallıq,"""University of Edinburgh""","""Electronics and Computer Science"""
564,bakalavriat,Birləşmiş Krallıq,"""University of Edinburgh""","""Electronics and Electrical Engineering"""
565,bakalavriat,Birləşmiş Krallıq,"""University of Edinburgh""","""Software Engineering"""
566,bakalavriat,Birləşmiş Krallıq,"""University of Manchester""","""Computer Science and Mathematics"""
567,bakalavriat,Birləşmiş Krallıq,"""University of Manchester""","""Electrical and Electronic Engineering"""
568,bakalavriat,Birləşmiş Krallıq,"""University of Manchester""","""Electronic Engineering"""
569,bakalavriat,Birləşmiş Krallıq,"""University of Oxford""","""Computer Science"""
570,bakalavriat,Birləşmiş Krallıq,"""University of Oxford""","""Mathematics and Computer Science"""
571,bakalavriat,Birləşmiş Krallıq,"""University of Warwick""","""Computer Systems Engineering"""
572,bakalavriat,Birləşmiş Krallıq,"""University of Warwick""","""Electrical and Electronic Engineering"""
573,bakalavriat,Çin Xalq Respublikası,"""Beijing Normal University""","""Computer Science and Technology"""
574,bakalavriat,Çin Xalq Respublikası,"""Beijing Normal University""","""Geographical Information System"""
575,bakalavriat,Çin Xalq Respublikası,"""Beijing University of Chemical Technology""","""Artificial Intelligence"""
576,bakalavriat,Çin Xalq Respublikası,"""Beijing University of Chemical Technology""","""Computer Science and Technology"""
577,bakalavriat,Çin Xalq Respublikası,"""Beijing University of Chemical Technology""","""Data Science and Cloud Data Technology"""
578,bakalavriat,Çin Xalq Respublikası,"""Beijing University of Chemical Technology""","""Electronic Information Engineering"""
579,bakalavriat,Çin Xalq Respublikası,"""Beijing University of Chemical Technology""","""Software Engineering"""
580,bakalavriat,Çin Xalq Respublikası,"""Chinese University of Hong Kong""","""Artificial Intelligence: Systems Technologies"""
581,bakalavriat,Çin Xalq Respublikası,"""Chinese University of Hong Kong""","""Computer Engineering"""
582,bakalavriat,Çin Xalq Respublikası,"""Chinese University of Hong Kong""","""Computer Science Engineering"""
583,bakalavriat,Çin Xalq Respublikası,"""Chinese University of Hong Kong""","""Computer Science"""
584,bakalavriat,Çin Xalq Respublikası,"""Chinese University of Hong Kong""","""Electronic Engineering"""
585,bakalavriat,Çin Xalq Respublikası,"""Chinese University of Hong Kong""","""Information Engineering"""
586,bakalavriat,Çin Xalq Respublikası,"""Chinese University of Hong Kong""","""Mathematics Information Engineering"""
587,bakalavriat,Çin Xalq Respublikası,"""Chongqing University""","""Computer Science and Technology"""
588,bakalavriat,Çin Xalq Respublikası,"""Chongqing University""","""Electrical Engineering and Automation"""
589,bakalavriat,Çin Xalq Respublikası,"""Chongqing University""","""Software Engineering"""
590,bakalavriat,Çin Xalq Respublikası,"""East China Normal University""","""Computer Science and Technology"""
591,bakalavriat,Çin Xalq Respublikası,"""East China Normal University""","""Software Engineering"""
592,bakalavriat,Çin Xalq Respublikası,"""Harbin Institute of Technology""","""Artificial Intelligence"""
593,bakalavriat,Çin Xalq Respublikası,"""Harbin Institute of Technology""","""Computer Science and Technology"""
594,bakalavriat,Çin Xalq Respublikası,"""Harbin Institute of Technology""","""Electrical Engineering and Automation"""
595,bakalavriat,Çin Xalq Respublikası,"""Harbin Institute of Technology""","""Electronic Information Engineering"""
596,bakalavriat,Çin Xalq Respublikası,"""Harbin Institute of Technology""","""Information Management and Information System"""
597,bakalavriat,Çin Xalq Respublikası,"""Harbin Institute of Technology""","""Information Security"""
598,bakalavriat,Çin Xalq Respublikası,"""Harbin Institute of Technology""","""Remote Sensing Science and Technology"""
599,bakalavriat,Çin Xalq Respublikası,"""Harbin Institute of Technology""","""Software Engineering"""
600,bakalavriat,Çin Xalq Respublikası,"""Huazhong University of Science and Technology""","""Artificial Intelligence"""
601,bakalavriat,Çin Xalq Respublikası,"""Huazhong University of Science and Technology""","""Electronic Information Engineering"""
602,bakalavriat,Çin Xalq Respublikası,"""Huazhong University of Science and Technology""","""Software Engineering"""
603,bakalavriat,Çin Xalq Respublikası,"""Hunan University""","""Artificial Intelligence"""
604,bakalavriat,Çin Xalq Respublikası,"""Hunan University""","""Computer Science and Technology"""
605,bakalavriat,Çin Xalq Respublikası,"""Hunan University""","""Electrical Engineering and Automation"""
606,bakalavriat,Çin Xalq Respublikası,"""Hunan University""","""Information Security"""
607,bakalavriat,Çin Xalq Respublikası,"""Hunan University""","""Software Engineering"""
608,bakalavriat,Çin Xalq Respublikası,"""Xi’an Jiaotong University""","""Computer Science and Technology"""
609,bakalavriat,Çin Xalq Respublikası,"""Xiamen University""","""Artificial Intelligence"""
610,bakalavriat,Çin Xalq Respublikası,"""Xiamen University""","""Software Engineering"""
611,bakalavriat,Çin Xalq Respublikası,"""Nanjing University""","""Computer Science and Technology"""
612,bakalavriat,Çin Xalq Respublikası,"""Nanjing University""","""Electronic Information Science and Technology"""
613,bakalavriat,Çin Xalq Respublikası,"""Nanjing University""","""Microelectronics Science and Engineering"""
614,bakalavriat,Çin Xalq Respublikası,"""Northwestern Polytechnical University""","""Artificial Intelligence"""
615,bakalavriat,Çin Xalq Respublikası,"""Northwestern Polytechnical University""","""Computer Science and Technology"""
616,bakalavriat,Çin Xalq Respublikası,"""Peking University""","""Electronics Engineering and Computer Science"""
617,bakalavriat,Çin Xalq Respublikası,"""Shanghai Jiao Tong University""","""Computer Science and Technology"""
618,bakalavriat,Çin Xalq Respublikası,"""Shanghai Jiao Tong University""","""Electrical and Computer Engineering"""
619,bakalavriat,Çin Xalq Respublikası,"""Shanghai Jiao Tong University""","""Information Engineering"""
620,bakalavriat,Çin Xalq Respublikası,"""Shanghai University""","""Artificial Intelligence"""
621,bakalavriat,Çin Xalq Respublikası,"""Shanghai University""","""Computer Science and Technology"""
622,bakalavriat,Çin Xalq Respublikası,"""Shanghai University""","""Electronic Information Engineering"""
623,bakalavriat,Çin Xalq Respublikası,"""Shanghai University""","""Electronic Science and Technology"""
624,bakalavriat,Çin Xalq Respublikası,"""Shenzhen University""","""Computer Science and Technology"""
625,bakalavriat,Çin Xalq Respublikası,"""Shenzhen University""","""Electronic Information Engineering"""
626,bakalavriat,Çin Xalq Respublikası,"""Shenzhen University""","""Electronic Science and Technology"""
627,bakalavriat,Çin Xalq Respublikası,"""Southeast University""","""Computer Science and Engineering"""
628,bakalavriat,Çin Xalq Respublikası,"""Southeast University""","""Electrical and Electronics Engineering"""
629,bakalavriat,Çin Xalq Respublikası,"""Tianjin University""","""Computer Science and Technology"""
630,bakalavriat,Çin Xalq Respublikası,"""Tianjin University""","""Electrical Engineering and Automation"""
631,bakalavriat,Çin Xalq Respublikası,"""Tianjin University""","""Network Engineering"""
632,bakalavriat,Çin Xalq Respublikası,"""Tianjin University""","""Software Engineering"""
633,bakalavriat,Çin Xalq Respublikası,"""Tsinghua University""","""Artificial Intelligence"""
634,bakalavriat,Çin Xalq Respublikası,"""Tsinghua University""","""Computer Science and Technology"""
635,bakalavriat,Çin Xalq Respublikası,"""Tsinghua University""","""Electrical Engineering and Automation"""
636,bakalavriat,Çin Xalq Respublikası,"""Tsinghua University""","""Electronic Information Engineering"""
637,bakalavriat,Çin Xalq Respublikası,"""Tsinghua University""","""Microelectronics Science and Engineering"""
638,bakalavriat,Çin Xalq Respublikası,"""Tsinghua University""","""Software Engineering"""
639,bakalavriat,Çin Xalq Respublikası,"""University of Electronic Science and Technology of China""","""Computer Science and Technology"""
640,bakalavriat,Çin Xalq Respublikası,"""University of Electronic Science and Technology of China""","""Electrical Engineering and Automation"""
641,bakalavriat,Çin Xalq Respublikası,"""University of Electronic Science and Technology of China""","""Electronic Information Engineering"""
642,bakalavriat,Çin Xalq Respublikası,"""University of Electronic Science and Technology of China""","""Software Engineering"""
643,bakalavriat,Çin Xalq Respublikası,"""University of Hong Kong""","""Computer Engineering"""
644,bakalavriat,Çin Xalq Respublikası,"""University of Hong Kong""","""Computer Science"""
645,bakalavriat,Çin Xalq Respublikası,"""University of Hong Kong""","""Electrical Engineering"""
646,bakalavriat,Çin Xalq Respublikası,"""University of Science and Technology of China""","""Artificial Intelligence"""
647,bakalavriat,Çin Xalq Respublikası,"""University of Science and Technology of China""","""Computer Science and Technology"""
648,bakalavriat,Çin Xalq Respublikası,"""University of Science and Technology of China""","""Electronic Information Engineering"""
649,bakalavriat,Çin Xalq Respublikası,"""University of Science and Technology of China""","""Information Security"""
650,bakalavriat,Çin Xalq Respublikası,"""Zhejiang University""","""Computer Engineering"""
651,bakalavriat,Çin Xalq Respublikası,"""Zhejiang University""","""Computer Science and Technology"""
652,bakalavriat,Çin Xalq Respublikası,"""Zhejiang University""","""Electrical Engineering and Its Automation"""
653,bakalavriat,Çin Xalq Respublikası,"""Zhejiang University""","""Electrical Engineering"""
654,bakalavriat,Çin Xalq Respublikası,"""Zhejiang University""","""Electronic Information Engineering"""
655,bakalavriat,Çin Xalq Respublikası,"""Zhejiang University""","""Electronic Science and Technology"""
656,bakalavriat,Çin Xalq Respublikası,"""Zhejiang University""","""Information and Computing Science"""
657,bakalavriat,Çin Xalq Respublikası,"""Zhejiang University""","""Information Engineering"""
658,bakalavriat,Çin Xalq Respublikası,"""Zhejiang University""","""Information Security"""
659,bakalavriat,Çin Xalq Respublikası,"""Zhejiang University""","""Software Engineering"""
660,bakalavriat,İrlandiya Respublikası,"""Dublin City University""","""Computer Science"""
661,bakalavriat,İrlandiya Respublikası,"""Dublin City University""","""Electronic and Computer Engineering"""
662,bakalavriat,İrlandiya Respublikası,"""Trinity College Dublin""","""Computer Engineering"""
663,bakalavriat,İrlandiya Respublikası,"""Trinity College Dublin""","""Computer Science"""
664,bakalavriat,İrlandiya Respublikası,"""Trinity College Dublin""","""Electronic Engineering"""
665,bakalavriat,İrlandiya Respublikası,"""University College Cork""","""Computer Science"""
666,bakalavriat,İrlandiya Respublikası,"""University College Dublin""","""Computer Science"""
667,bakalavriat,İrlandiya Respublikası,"""University College Dublin""","""Electrical/Electronic Engineering"""
668,bakalavriat,İrlandiya Respublikası,"""University of Galway""","""Electrical and Electronic Engineering"""
669,bakalavriat,İrlandiya Respublikası,"""University of Galway""","""Electronic and Computer Engineering"""
670,bakalavriat,İspaniya Krallığı,"""Pompeu Fabra University""","""Computer Engineering"""
671,bakalavriat,İspaniya Krallığı,"""Universitat Autònoma de Barcelona (UAB)""","""Artificial Intelligence"""
672,bakalavriat,İspaniya Krallığı,"""Universitat Autònoma de Barcelona (UAB)""","""Automation and Industrial Electronic Engineering"""
673,bakalavriat,İspaniya Krallığı,"""Universitat Autònoma de Barcelona (UAB)""","""Computer Engineering (Specialisation in Information Technologies)"""
674,bakalavriat,İspaniya Krallığı,"""Universitat Autònoma de Barcelona (UAB)""","""Computer Engineering"""
675,bakalavriat,İspaniya Krallığı,"""Universitat Autònoma de Barcelona (UAB)""","""Electronic Engineering for Telecommunication"""
676,bakalavriat,İspaniya Krallığı,"""University of Barcelona""","""Computer Engineering"""
677,bakalavriat,İspaniya Krallığı,"""University of Barcelona""","""Cybersecurity"""
678,bakalavriat,İspaniya Krallığı,"""University of Barcelona""","""Electronic Engineering and Telecommunications"""
679,bakalavriat,İspaniya Krallığı,"""University of Navarra""","""Computer Engineering"""
680,bakalavriat,İspaniya Krallığı,"""University of Navarra""","""Telecommunications Technologies"""
681,bakalavriat,İsrail Dövləti,"""Hebrew University of Jerusalem""","""Computer Science and Computational Biology"""
682,bakalavriat,İsrail Dövləti,"""Hebrew University of Jerusalem""","""Computer Science"""
683,bakalavriat,İsrail Dövləti,"""Hebrew University of Jerusalem""","""Electrical and Computer Engineering in Micro or Opto electronics"""
684,bakalavriat,İsrail Dövləti,"""Hebrew University of Jerusalem""","""Electrical and Computer Engineering"""
685,bakalavriat,İsrail Dövləti,"""Technion Israel Institute of Technology""","""Computer Engineering"""
686,bakalavriat,İsrail Dövləti,"""Technion Israel Institute of Technology""","""Computer Science Machine Learning and Data Analysis"""
687,bakalavriat,İsrail Dövləti,"""Technion Israel Institute of Technology""","""Computer Science"""
688,bakalavriat,İsrail Dövləti,"""Technion Israel Institute of Technology""","""Electrical Engineering and Physics"""
689,bakalavriat,İsrail Dövləti,"""Technion Israel Institute of Technology""","""Electrical Engineering"""
690,bakalavriat,İsrail Dövləti,"""Technion Israel Institute of Technology""","""Information System Engineering"""
691,bakalavriat,İsrail Dövləti,"""Technion Israel Institute of Technology""","""Science in Computer and Software Engineering"""
692,bakalavriat,İsrail Dövləti,"""Technion Israel Institute of Technology""","""Software Engineering"""
693,bakalavriat,İsveçrə Konfederasiyası,"""École Polytechnique Fédérale de Lausanne""","""Computer Science"""
694,bakalavriat,İsveçrə Konfederasiyası,"""École Polytechnique Fédérale de Lausanne""","""Electrical and Electronic Engineering"""
695,bakalavriat,İsveçrə Konfederasiyası,"""ETH Zurich""","""Computer Science"""
696,bakalavriat,İsveçrə Konfederasiyası,"""ETH Zurich""","""Electrical Engineering and Information Technology"""
697,bakalavriat,İtaliya Respublikası,"""Free University of Bozen-Bolzano""","""Computer Sciences"""
698,bakalavriat,İtaliya Respublikası,"""Free University of Bozen-Bolzano""","""Electronics and Cyber-Physical Systems Engineering"""
699,bakalavriat,İtaliya Respublikası,"""Polytechnic University of Turin""","""Computer Engineering"""
700,bakalavriat,İtaliya Respublikası,"""Polytechnic University of Turin""","""Electronic and Communications Engineering"""
701,bakalavriat,İtaliya Respublikası,"""Sapienza University of Rome""","""Applied Computer Science and Artificial Intelligence"""
702,bakalavriat,İtaliya Respublikası,"""University of Brescia""","""Computer Science and Engineering"""
703,bakalavriat,İtaliya Respublikası,"""University of Florence""","""Computer Engineering"""
704,bakalavriat,İtaliya Respublikası,"""University of Florence""","""Computer Sciences"""
705,bakalavriat,İtaliya Respublikası,"""University of Florence""","""Electronics Engineering"""
706,bakalavriat,İtaliya Respublikası,"""University of Milan""","""Artificial Intelligence"""
707,bakalavriat,İtaliya Respublikası,"""University of Milan""","""Computer Science"""
708,bakalavriat,İtaliya Respublikası,"""University of Milan""","""Computer Systems and Networks Security"""
709,bakalavriat,İtaliya Respublikası,"""University of Milan-Bicocca""","""Artificial Intelligence"""
710,bakalavriat,İtaliya Respublikası,"""University of Pavia""","""Electronic and Computer Engineering"""
711,bakalavriat,İtaliya Respublikası,"""University of Rome II- Tor Vergata""","""Computer Engineering"""
712,bakalavriat,İtaliya Respublikası,"""University of Rome II- Tor Vergata""","""Computer Science"""
713,bakalavriat,İtaliya Respublikası,"""University of Rome II- Tor Vergata""","""Electronic Engineering"""
714,bakalavriat,İtaliya Respublikası,"""University of Trento""","""Computer Science"""
715,bakalavriat,İtaliya Respublikası,"""University of Trento""","""Computer, Communications and Electronic Engineering"""
716,bakalavriat,Koreya Respublikası,"""Chung-Ang University""","""Artificial Intelligence"""
717,bakalavriat,Koreya Respublikası,"""Chung-Ang University""","""Computer Engineering"""
718,bakalavriat,Koreya Respublikası,"""Chung-Ang University""","""Electrical and Electronics Engineering"""
719,bakalavriat,Koreya Respublikası,"""Sejong University""","""Computer and Information Security"""
720,bakalavriat,Koreya Respublikası,"""Sejong University""","""Computer Science Engineering"""
721,bakalavriat,Koreya Respublikası,"""Sejong University""","""Electronics and Information Engineering"""
722,bakalavriat,Koreya Respublikası,"""Seoul National University""","""Computer Science and Engineering"""
723,bakalavriat,Koreya Respublikası,"""Seoul National University""","""Electrical and Computer Engineering"""
724,bakalavriat,Koreya Respublikası,"""Sungkyunkwan University (SKKU)""","""Computer Science and Engineering"""
725,bakalavriat,Koreya Respublikası,"""Sungkyunkwan University (SKKU)""","""Computer Science"""
726,bakalavriat,Koreya Respublikası,"""Sungkyunkwan University (SKKU)""","""Electronic and Electrical Engineering"""
727,bakalavriat,Koreya Respublikası,"""Sungkyunkwan University (SKKU)""","""Intelligent Robotics"""
728,bakalavriat,Koreya Respublikası,"""Ulsan National Institute of Science and Technology
(UNIST)""","""Computer Science and Engineering"""
729,bakalavriat,Koreya Respublikası,"""Ulsan National Institute of Science and Technology
(UNIST)""","""Electrical Engineering"""
730,bakalavriat,Malayziya,"""Universiti Kebangsaan Malaysia""","""Computer Science"""
731,bakalavriat,Malayziya,"""Universiti Kebangsaan Malaysia""","""Information Technology"""
732,bakalavriat,Malayziya,"""Universiti Kebangsaan Malaysia""","""Software Engineering"""
733,bakalavriat,Malayziya,"""Universiti Sains Malaysia""","""Computer Science"""
734,bakalavriat,Malayziya,"""Universiti Sains Malaysia""","""Electrical Engineering"""
735,bakalavriat,Malayziya,"""Universiti Sains Malaysia""","""Electronic Engineering"""
736,bakalavriat,Malayziya,"""Universiti Sains Malaysia""","""Software Engineering"""
737,bakalavriat,Malayziya,"""Universiti Teknologi Malaysia""","""Artificial Intelligence"""
738,bakalavriat,Malayziya,"""Universiti Teknologi Malaysia""","""Computer Science (Computer Networks and Security)"""
739,bakalavriat,Malayziya,"""Universiti Teknologi Malaysia""","""Computer Science (Graphics and Multimedia Software)"""
740,bakalavriat,Malayziya,"""Universiti Teknologi Malaysia""","""Electrical Engineering"""
741,bakalavriat,Malayziya,"""Universiti Teknologi Malaysia""","""Electronic Engineering"""
742,bakalavriat,Malayziya,"""Universiti Teknologi Malaysia""","""Electronic Systems Engineering """
743,bakalavriat,Malayziya,"""Universiti Teknologi Malaysia""","""Software Engineering"""
744,bakalavriat,Malayziya,"""Universiti Teknologi Petronas""","""Computer Engineering"""
745,bakalavriat,Malayziya,"""Universiti Teknologi Petronas""","""Computer Science"""
746,bakalavriat,Malayziya,"""Universiti Teknologi Petronas""","""Electrical and Electronics Engineering"""
747,bakalavriat,Malayziya,"""Universiti Teknologi Petronas""","""Information Systems"""
748,bakalavriat,Malayziya,"""Universiti Teknologi Petronas""","""Information Technology"""
749,bakalavriat,Malayziya,"""Universiti Utara Malaysia""","""Computer Science"""
750,bakalavriat,Malayziya,"""Universiti Utara Malaysia""","""Information Technology"""
751,bakalavriat,Malayziya,"""University of Malaya""","""Computer Science (Artificial Intelligence)"""
752,bakalavriat,Malayziya,"""University of Malaya""","""Computer Science (Computer System and Network)"""
753,bakalavriat,Malayziya,"""University of Malaya""","""Computer Science (Information Systems)"""
754,bakalavriat,Malayziya,"""University of Malaya""","""Computer Science (Software Engineering)"""
755,bakalavriat,Malayziya,"""University of Malaya""","""Electrical Engineering"""
756,bakalavriat,Rusiya Federasiyası,"""Bauman Moscow State Technical University""","""Applied Informatics"""
757,bakalavriat,Rusiya Federasiyası,"""Bauman Moscow State Technical University""","""Applied Mathematics and Computer Science"""
758,bakalavriat,Rusiya Federasiyası,"""Bauman Moscow State Technical University""","""Computer Science and Computing"""
759,bakalavriat,Rusiya Federasiyası,"""Bauman Moscow State Technical University""","""Computer Security"""
760,bakalavriat,Rusiya Federasiyası,"""Bauman Moscow State Technical University""","""Electric Power and Electrical Engineering"""
761,bakalavriat,Rusiya Federasiyası,"""Bauman Moscow State Technical University""","""Electronic Systems and Complexes"""
762,bakalavriat,Rusiya Federasiyası,"""Bauman Moscow State Technical University""","""Electronics and Nanoelectronics"""
763,bakalavriat,Rusiya Federasiyası,"""Bauman Moscow State Technical University""","""Mathematics and Computer Science"""
764,bakalavriat,Rusiya Federasiyası,"""Bauman Moscow State Technical University""","""Software Engineering"""
765,bakalavriat,Rusiya Federasiyası,"""ITMO University""","""Applied Informatics"""
766,bakalavriat,Rusiya Federasiyası,"""ITMO University""","""Applied Mathematics and Computer Science"""
767,bakalavriat,Rusiya Federasiyası,"""ITMO University""","""Computer Science and Engineering"""
768,bakalavriat,Rusiya Federasiyası,"""Lomonosov Moscow State University""","""Applied Mathematics and Computer Science"""
769,bakalavriat,Rusiya Federasiyası,"""Lomonosov Moscow State University""","""Fundamental Informatics and Information Technologies"""
770,bakalavriat,Rusiya Federasiyası,"""Moscow Institute of Physics and Technology (MIPT)""","""Computer Science"""
771,bakalavriat,Rusiya Federasiyası,"""Moscow Institute of Physics and Technology (MIPT)""","""Computing Technology in Mathematical Modeling"""
772,bakalavriat,Rusiya Federasiyası,"""Moscow Institute of Physics and Technology (MIPT)""","""Mathematics, Computer Science, Control and Software Engineering"""
773,bakalavriat,Rusiya Federasiyası,"""Saint Petersburg State University""","""Mathematics and Computer Science"""
774,bakalavriat,Rusiya Federasiyası,"""Saint Petersburg State University""","""Software Engineering"""
775,bakalavriat,Sinqapur Respublikası,"""Nanyang Technological University, Singapore""","""Computer Engineering"""
776,bakalavriat,Sinqapur Respublikası,"""Nanyang Technological University, Singapore""","""Electrical and Electronic Engineering"""
777,bakalavriat,Sinqapur Respublikası,"""Nanyang Technological University, Singapore""","""Data Science and Artificial Intelligence"""
778,bakalavriat,Sinqapur Respublikası,"""National University of Singapore""","""Computer Engineering"""
779,bakalavriat,Sinqapur Respublikası,"""National University of Singapore""","""Computer Science"""
780,bakalavriat,Sinqapur Respublikası,"""National University of Singapore""","""Electrical Engineering"""
781,bakalavriat,Sinqapur Respublikası,"""National University of Singapore""","""Information Security"""
782,bakalavriat,Türkiyə Respublikası,"""Ankara University""","""Artificial Intelligence and Data Engineering"""
783,bakalavriat,Türkiyə Respublikası,"""Ankara University""","""Computer Engineering"""
784,bakalavriat,Türkiyə Respublikası,"""Ankara University""","""Electrical and Electronics Engineering"""
785,bakalavriat,Türkiyə Respublikası,"""Ankara University""","""Software Engineering"""
786,bakalavriat,Türkiyə Respublikası,"""Bilkent University""","""Computer Engineering"""
787,bakalavriat,Türkiyə Respublikası,"""Bilkent University""","""Electrical and Electronics Engineering"""
788,bakalavriat,Türkiyə Respublikası,"""Boğaziçi University""","""Computer Engineering"""
789,bakalavriat,Türkiyə Respublikası,"""Boğaziçi University""","""Electrical and Electronics Engineering"""
790,bakalavriat,Türkiyə Respublikası,"""Gazi University""","""Computer Engineering"""
791,bakalavriat,Türkiyə Respublikası,"""Istanbul Technical University""","""Artificial Intelligence and Data Engineering"""
792,bakalavriat,Türkiyə Respublikası,"""Istanbul Technical University""","""Computer Engineering"""
793,bakalavriat,Türkiyə Respublikası,"""Istanbul Technical University""","""Electrical Engineering"""
794,bakalavriat,Türkiyə Respublikası,"""Istanbul Technical University""","""Electronics and Communication Engineering"""
795,bakalavriat,Türkiyə Respublikası,"""Koç University""","""Electrical and Electronics Engineering"""
796,bakalavriat,Türkiyə Respublikası,"""Marmara University""","""Computer Engineering"""
797,bakalavriat,Türkiyə Respublikası,"""Middle East Technical University""","""Computer Engineering"""
798,bakalavriat,Türkiyə Respublikası,"""Middle East Technical University""","""Electrical and Electronics Engineering"""
799,bakalavriat,Türkiyə Respublikası,"""Sabanci University""","""Computer Science and Engineering"""
800,bakalavriat,Türkiyə Respublikası,"""Sabanci University""","""Electronics Engineering"""
801,bakalavriat,Yaponiya,"""Kyushu University""","""Electrical Engineering and Computer Science"""
802,bakalavriat,Yaponiya,"""University of Tokyo""","""Electrical and Electronic Engineering"""
803,bakalavriat,Yaponiya,"""University of Tokyo""","""Informatics"""
804,bakalavriat,Almaniya Federativ Respublikası,"""Heidelberg University""","""Economics"""
805,bakalavriat,Almaniya Federativ Respublikası,"""LMU Munich""","""Economics"""
806,bakalavriat,Birləşmiş Ərəb Əmirlikləri,"""United Arab Emirates University""","""Economics"""
807,bakalavriat,Birləşmiş Ərəb Əmirlikləri,"""University of Sharjah""","""Economics"""
808,bakalavriat,Birləşmiş Krallıq,"""Imperial College London""","""Economics, Finance and Data Science"""
809,bakalavriat,Birləşmiş Krallıq,"""London School of Economics and Political Science""","""Econometrics and Mathematical Economics"""
810,bakalavriat,Birləşmiş Krallıq,"""London School of Economics and Political Science""","""Economics"""
811,bakalavriat,Birləşmiş Krallıq,"""UCL""","""Economics"""
812,bakalavriat,Birləşmiş Krallıq,"""University of Oxford""","""Economics and Management"""
813,bakalavriat,Birləşmiş Krallıq,"""University of Warwick""","""Economics"""
814,bakalavriat,Çin Xalq Respublikası,"""Beijing University of Chemical Technology""","""Economics"""
815,bakalavriat,Çin Xalq Respublikası,"""Chinese University of Hong Kong""","""Economics"""
816,bakalavriat,Çin Xalq Respublikası,"""Hunan University""","""Economics"""
817,bakalavriat,Çin Xalq Respublikası,"""Xiamen University""","""Economics"""
818,bakalavriat,Çin Xalq Respublikası,"""Nanjing University""","""Economics"""
819,bakalavriat,Çin Xalq Respublikası,"""Peking University""","""Economics"""
820,bakalavriat,Çin Xalq Respublikası,"""University of Hong Kong""","""Economics and Finance"""
821,bakalavriat,Çin Xalq Respublikası,"""University of Hong Kong""","""Economics"""
822,bakalavriat,Çin Xalq Respublikası,"""Zhejiang University""","""Economics"""
823,bakalavriat,Çin Xalq Respublikası,"""Shanghai Jiao Tong University""","""Economics"""
824,bakalavriat,İspaniya Krallığı,"""Pompeu Fabra University""","""Economics"""
825,bakalavriat,İtaliya Respublikası,"""Free University of Bozen-Bolzano""","""Economics and Management"""
826,bakalavriat,İtaliya Respublikası,"""University of Milan""","""Economics and Management"""
827,bakalavriat,İtaliya Respublikası,"""University of Pavia""","""Economics"""
828,bakalavriat,İtaliya Respublikası,"""University of Rome II- Tor Vergata""","""Economics and Finance"""
829,bakalavriat,İtaliya Respublikası,"""University of Siena""","""Economics and Management"""
830,bakalavriat,Koreya Respublikası,"""Chung-Ang University""","""Economics"""
831,bakalavriat,Koreya Respublikası,"""Sejong University""","""Economics"""
832,bakalavriat,Koreya Respublikası,"""Seoul National University""","""Economics"""
833,bakalavriat,Koreya Respublikası,"""Sungkyunkwan University (SKKU)""","""Economics"""
834,bakalavriat,Koreya Respublikası,"""Sungkyunkwan University (SKKU)""","""International Trade and Policy (Interdisciplinary)"""
835,bakalavriat,Koreya Respublikası,"""Sungkyunkwan University (SKKU)""","""Quantitative Applied Economics"""
836,bakalavriat,Koreya Respublikası,"""Yonsei University""","""Economics"""
837,bakalavriat,Malayziya,"""Universiti Utara Malaysia""","""Economics"""
838,bakalavriat,Rusiya Federasiyası,"""MGIMO University""","""World Economy and Innovations"""
839,bakalavriat,Sinqapur Respublikası,"""National University of Singapore""","""Economics"""
840,bakalavriat,Almaniya Federativ Respublikası,"""Technical University of Munich""","""Agricultural and Horticultural Sciences"""
841,bakalavriat,Almaniya Federativ Respublikası,"""Technical University of Munich""","""Food Chemistry"""
842,bakalavriat,Birləşmiş Ərəb Əmirlikləri,"""United Arab Emirates University""","""Agricultural Resource Management"""
843,bakalavriat,Birləşmiş Ərəb Əmirlikləri,"""United Arab Emirates University""","""Horticulture"""
844,bakalavriat,Birləşmiş Ərəb Əmirlikləri,"""United Arab Emirates University""","""Marine Fisheries and Animal Science"""
845,bakalavriat,Birləşmiş Krallıq,"""Royal Agricultural University""","""Applied Equine Science and Business"""
846,bakalavriat,Birləşmiş Krallıq,"""University of Bristol""","""Veterinary Nursing and Companion Animal Behaviour"""
847,bakalavriat,Birləşmiş Krallıq,"""University of Cambridge""","""Plant Sciences"""
848,bakalavriat,Birləşmiş Krallıq,"""University of Cambridge""","""Veterinary Medicine"""
849,bakalavriat,Birləşmiş Krallıq,"""University of Edinburgh""","""Veterinary Medicine"""
850,bakalavriat,Birləşmiş Krallıq,"""University of Glasgow""","""Veterinary Medicine and Surgery """
851,bakalavriat,İrlandiya Respublikası,"""University College Cork""","""Applied Plant Biology"""
852,bakalavriat,İspaniya Krallığı,"""Autonomous University of Madrid""","""Food Science and Technology"""
853,bakalavriat,İspaniya Krallığı,"""University of Barcelona""","""Food Science and Technology"""
854,bakalavriat,İspaniya Krallığı,"""University of Navarra""","""Agricultural, Food and Rural Environment Engineering"""
855,bakalavriat,İspaniya Krallığı,"""University of Navarra""","""Innovation on Food Processes and Products"""
856,bakalavriat,İsrail Dövləti,"""Hebrew University of Jerusalem""","""Agroecology and Plant Health"""
857,bakalavriat,İsrail Dövləti,"""Hebrew University of Jerusalem""","""Agroecology with Biotechnology in Agriculture"""
858,bakalavriat,İsrail Dövləti,"""Hebrew University of Jerusalem""","""Animal Sciences with Biotechnology in Agriculture"""
859,bakalavriat,İsrail Dövləti,"""Hebrew University of Jerusalem""","""Animal Sciences"""
860,bakalavriat,İsrail Dövləti,"""Hebrew University of Jerusalem""","""Biochemistry and Food Science with Biotechnology in Agriculture"""
861,bakalavriat,İsrail Dövləti,"""Hebrew University of Jerusalem""","""Biochemistry and Food Sciences"""
862,bakalavriat,İsrail Dövləti,"""Hebrew University of Jerusalem""","""Environmental Economics with Biotechnology in Agriculture"""
863,bakalavriat,İsrail Dövləti,"""Technion Israel Institute of Technology""","""Biotechnology and Food Engineering"""
864,bakalavriat,İsveçrə Konfederasiyası,"""ETH Zurich""","""Agricultural Sciences"""
865,bakalavriat,İtaliya Respublikası,"""Free University of Bozen-Bolzano""","""Agricultural, Food and Mountain Environmental Sciences"""
866,bakalavriat,İtaliya Respublikası,"""University of Florence""","""Agricultural Sciences"""
867,bakalavriat,İtaliya Respublikası,"""University of Milan""","""Animal Production"""
868,bakalavriat,İtaliya Respublikası,"""University of Milan""","""Breeding and Welfare of Companions Animals"""
869,bakalavriat,İtaliya Respublikası,"""University of Milan""","""Dairy Enterprise Technologies and Management"""
870,bakalavriat,İtaliya Respublikası,"""University of Milan""","""Food Service and Retail Sciences"""
871,bakalavriat,İtaliya Respublikası,"""University of Milan""","""Science and Technology for Sustainable Food"""
872,bakalavriat,İtaliya Respublikası,"""University of Milan""","""Veterinary Medicine"""
873,bakalavriat,Koreya Respublikası,"""Sejong University""","""Food Service and Biotechnology"""
874,bakalavriat,Malayziya,"""Universiti Kebangsaan Malaysia""","""Plant Biotechnology"""
875,bakalavriat,Malayziya,"""Universiti Sains Malaysia""","""Food Technology"""
876,bakalavriat,Rusiya Federasiyası,"""Lomonosov Moscow State University""","""Soil Science"""
877,bakalavriat,Rusiya Federasiyası,"""Russian State Agrarian University - Moscow Timiryazev Agricultural Academy""","""Agrarian chemistry and agrarian soil science"""
878,bakalavriat,Rusiya Federasiyası,"""Russian State Agrarian University - Moscow Timiryazev Agricultural Academy""","""Agronomy"""
879,bakalavriat,Rusiya Federasiyası,"""Russian State Agrarian University - Moscow Timiryazev Agricultural Academy""","""Animal husbandry"""
880,bakalavriat,Rusiya Federasiyası,"""Russian State Agrarian University - Moscow Timiryazev Agricultural Academy""","""Veterinary and Sanitary Expertise"""
881,bakalavriat,Türkiyə Respublikası,"""Ankara University""","""Agricultural Machinery and Technologies Engineering"""
882,bakalavriat,Türkiyə Respublikası,"""Ankara University""","""Agricultural Science"""
883,bakalavriat,Türkiyə Respublikası,"""Ankara University""","""Agricultural Structures and Irrigation"""
884,bakalavriat,Türkiyə Respublikası,"""Ankara University""","""Dairy Technology"""
885,bakalavriat,Türkiyə Respublikası,"""Ankara University""","""Field Crops"""
886,bakalavriat,Türkiyə Respublikası,"""Ankara University""","""Fisheries and Aquaculture"""
887,bakalavriat,Türkiyə Respublikası,"""Ankara University""","""Food Engineering"""
888,bakalavriat,Türkiyə Respublikası,"""Ankara University""","""Horticulture"""
889,bakalavriat,Türkiyə Respublikası,"""Ankara University""","""Plant Protection"""
890,bakalavriat,Türkiyə Respublikası,"""Istanbul Technical University""","""Food Engineering"""
891,bakalavriat,Türkiyə Respublikası,"""Middle East Technical University""","""Food Engineering"""
892,bakalavriat,Rusiya Federasiyası,"""Saint Petersburg State University""","""Petroleum Engineering"""
893,bakalavriat,Almaniya Federativ Respublikası,"""Technical University of Munich""","""Mechanical Engineering"""
894,bakalavriat,Birləşmiş Ərəb Əmirlikləri,"""Abu Dhabi University""","""Chemical Engineering"""
895,bakalavriat,Birləşmiş Ərəb Əmirlikləri,"""Abu Dhabi University""","""Mechanical Engineering"""
896,bakalavriat,Birləşmiş Ərəb Əmirlikləri,"""Al Ain University""","""Civil Engineering"""
897,bakalavriat,Birləşmiş Ərəb Əmirlikləri,"""Al Ain University""","""Networks and Communication Engineering"""
898,bakalavriat,Birləşmiş Ərəb Əmirlikləri,"""Khalifa University""","""Chemical Engineering"""
899,bakalavriat,Birləşmiş Ərəb Əmirlikləri,"""Khalifa University""","""Civil Engineering"""
900,bakalavriat,Birləşmiş Ərəb Əmirlikləri,"""Khalifa University""","""Engineering Systems and Management"""
901,bakalavriat,Birləşmiş Ərəb Əmirlikləri,"""Khalifa University""","""Mechanical Engineering"""
902,bakalavriat,Birləşmiş Ərəb Əmirlikləri,"""Khalifa University""","""Petroleum Engineering"""
903,bakalavriat,Birləşmiş Ərəb Əmirlikləri,"""Khalifa University""","""Robotics and Artificial Intelligence"""
904,bakalavriat,Birləşmiş Ərəb Əmirlikləri,"""United Arab Emirates University""","""Chemical Engineering"""
905,bakalavriat,Birləşmiş Ərəb Əmirlikləri,"""United Arab Emirates University""","""Civil Engineering"""
906,bakalavriat,Birləşmiş Ərəb Əmirlikləri,"""United Arab Emirates University""","""Mechanical Engineering"""
907,bakalavriat,Birləşmiş Ərəb Əmirlikləri,"""United Arab Emirates University""","""Petroleum Engineering"""
908,bakalavriat,Birləşmiş Krallıq,"""Imperial College London""","""Chemical Engineering"""
909,bakalavriat,Birləşmiş Krallıq,"""Imperial College London""","""Materials Science and Engineering"""
910,bakalavriat,Birləşmiş Krallıq,"""Imperial College London""","""Mechanical Engineering"""
911,bakalavriat,Birləşmiş Krallıq,"""King’s College London""","""General Engineering"""
912,bakalavriat,Birləşmiş Krallıq,"""UCL""","""Civil Engineering"""
913,bakalavriat,Birləşmiş Krallıq,"""UCL""","""Mechanical Engineering"""
914,bakalavriat,Birləşmiş Krallıq,"""University of Birmingham""","""Chemical Engineering"""
915,bakalavriat,Birləşmiş Krallıq,"""University of Birmingham""","""Civil Engineering"""
916,bakalavriat,Birləşmiş Krallıq,"""University of Birmingham""","""Engineering"""
917,bakalavriat,Birləşmiş Krallıq,"""University of Bristol""","""Civil Engineering"""
918,bakalavriat,Birləşmiş Krallıq,"""University of Cambridge""","""Aerothermal Engineering"""
919,bakalavriat,Birləşmiş Krallıq,"""University of Cambridge""","""Civil Engineering"""
920,bakalavriat,Birləşmiş Krallıq,"""University of Cambridge""","""Mechanical Engineering"""
921,bakalavriat,Birləşmiş Krallıq,"""University of Cambridge""","""Structural Engineering"""
922,bakalavriat,Birləşmiş Krallıq,"""University of Edinburgh""","""Chemical Engineering"""
923,bakalavriat,Birləşmiş Krallıq,"""University of Edinburgh""","""Civil Engineering"""
924,bakalavriat,Birləşmiş Krallıq,"""University of Edinburgh""","""Electrical and Mechanical Engineering"""
925,bakalavriat,Birləşmiş Krallıq,"""University of Edinburgh""","""Engineering"""
926,bakalavriat,Birləşmiş Krallıq,"""University of Edinburgh""","""Mechanical Engineering"""
927,bakalavriat,Birləşmiş Krallıq,"""University of Edinburgh""","""Structural and Fire Safety Engineering"""
928,bakalavriat,Birləşmiş Krallıq,"""University of Glasgow""","""Mechanical Engineering"""
929,bakalavriat,Birləşmiş Krallıq,"""University of Glasgow""","""Robotics and Artificial Intelligence"""
930,bakalavriat,Birləşmiş Krallıq,"""University of Manchester""","""Chemical Engineering"""
931,bakalavriat,Birləşmiş Krallıq,"""University of Manchester""","""Civil Engineering"""
932,bakalavriat,Birləşmiş Krallıq,"""University of Manchester""","""Materials Science and Engineering"""
933,bakalavriat,Birləşmiş Krallıq,"""University of Manchester""","""Mechanical Engineering"""
934,bakalavriat,Birləşmiş Krallıq,"""University of Manchester""","""Mechatronic Engineering"""
935,bakalavriat,Birləşmiş Krallıq,"""University of Southampton""","""Chemical Engineering"""
936,bakalavriat,Birləşmiş Krallıq,"""University of Southampton""","""Civil Engineering"""
937,bakalavriat,Birləşmiş Krallıq,"""University of Southampton""","""Mechanical Engineering"""
938,bakalavriat,Birləşmiş Krallıq,"""University of Warwick""","""Civil Engineering"""
939,bakalavriat,Birləşmiş Krallıq,"""University of Warwick""","""Engineering (General)"""
940,bakalavriat,Birləşmiş Krallıq,"""University of Warwick""","""Manufacturing and Mechanical Engineering"""
941,bakalavriat,Çin Xalq Respublikası,"""Beijing University of Chemical Technology""","""Automation"""
942,bakalavriat,Çin Xalq Respublikası,"""Beijing University of Chemical Technology""","""Chemical Engineering and Technology"""
943,bakalavriat,Çin Xalq Respublikası,"""Beijing University of Chemical Technology""","""Energy Chemical Engineering"""
944,bakalavriat,Çin Xalq Respublikası,"""Beijing University of Chemical Technology""","""Materials Science and Engineering"""
945,bakalavriat,Çin Xalq Respublikası,"""Beijing University of Chemical Technology""","""Mechanical Design Manufacturing and Automation"""
946,bakalavriat,Çin Xalq Respublikası,"""Beijing University of Chemical Technology""","""Mechanical Engineering"""
947,bakalavriat,Çin Xalq Respublikası,"""Beijing University of Chemical Technology""","""Process Equipment and Control Engineering"""
948,bakalavriat,Çin Xalq Respublikası,"""Beijing University of Chemical Technology""","""Robotics Engineering"""
949,bakalavriat,Çin Xalq Respublikası,"""Chinese University of Hong Kong""","""Mechanical Automation Engineering"""
950,bakalavriat,Çin Xalq Respublikası,"""Chongqing University""","""Automation"""
951,bakalavriat,Çin Xalq Respublikası,"""Chongqing University""","""Building Environment and Energy Application Engineering"""
952,bakalavriat,Çin Xalq Respublikası,"""Chongqing University""","""Civil Engineering"""
953,bakalavriat,Çin Xalq Respublikası,"""Chongqing University""","""Mining Engineering"""
954,bakalavriat,Çin Xalq Respublikası,"""Dalian University of Technology""","""Chemical Engineering and Technics """
955,bakalavriat,Çin Xalq Respublikası,"""Dalian University of Technology""","""Civil Engineering"""
956,bakalavriat,Çin Xalq Respublikası,"""Dalian University of Technology""","""Engineering Mechanics"""
957,bakalavriat,Çin Xalq Respublikası,"""Dalian University of Technology""","""Mechanical Design and Manufacturing and Automation"""
958,bakalavriat,Çin Xalq Respublikası,"""Harbin Institute of Technology""","""Additive Manufacturing Engineering"""
959,bakalavriat,Çin Xalq Respublikası,"""Harbin Institute of Technology""","""Automation"""
960,bakalavriat,Çin Xalq Respublikası,"""Harbin Institute of Technology""","""Bionic Science and Engineering"""
961,bakalavriat,Çin Xalq Respublikası,"""Harbin Institute of Technology""","""Building Environment and Energy Application Engineering"""
962,bakalavriat,Çin Xalq Respublikası,"""Harbin Institute of Technology""","""Chemical Engineering and Technology"""
963,bakalavriat,Çin Xalq Respublikası,"""Harbin Institute of Technology""","""Civil Engineering"""
964,bakalavriat,Çin Xalq Respublikası,"""Harbin Institute of Technology""","""Communication Engineering"""
965,bakalavriat,Çin Xalq Respublikası,"""Harbin Institute of Technology""","""Flight Vehicle Manufacturing Engineering"""
966,bakalavriat,Çin Xalq Respublikası,"""Harbin Institute of Technology""","""Intelligent Manufacturing Engineering"""
967,bakalavriat,Çin Xalq Respublikası,"""Harbin Institute of Technology""","""Material Forming and Controlling Engineering"""
968,bakalavriat,Çin Xalq Respublikası,"""Harbin Institute of Technology""","""Materials Science and Engineering"""
969,bakalavriat,Çin Xalq Respublikası,"""Harbin Institute of Technology""","""Mechanical Design Manufacturing and Automation"""
970,bakalavriat,Çin Xalq Respublikası,"""Harbin Institute of Technology""","""Nuclear Engineering and Technology"""
971,bakalavriat,Çin Xalq Respublikası,"""Harbin Institute of Technology""","""Polymer Materials and Engineering"""
972,bakalavriat,Çin Xalq Respublikası,"""Harbin Institute of Technology""","""Robot Engineering"""
973,bakalavriat,Çin Xalq Respublikası,"""Huazhong University of Science and Technology""","""Civil Engineering"""
974,bakalavriat,Çin Xalq Respublikası,"""Huazhong University of Science and Technology""","""Industrial Engineering"""
975,bakalavriat,Çin Xalq Respublikası,"""Hunan University""","""Automation"""
976,bakalavriat,Çin Xalq Respublikası,"""Hunan University""","""Civil Engineering"""
977,bakalavriat,Çin Xalq Respublikası,"""Hunan University""","""Engineering Mechanics"""
978,bakalavriat,Çin Xalq Respublikası,"""Hunan University""","""Materials Science and Engineering"""
979,bakalavriat,Çin Xalq Respublikası,"""Xi’an Jiaotong University""","""Chemical Engineering and Technology"""
980,bakalavriat,Çin Xalq Respublikası,"""Xi’an Jiaotong University""","""Materials Science and Engineering"""
981,bakalavriat,Çin Xalq Respublikası,"""Xi’an Jiaotong University""","""Mechanical Engineering"""
982,bakalavriat,Çin Xalq Respublikası,"""Xiamen University""","""Civil Engineering"""
983,bakalavriat,Çin Xalq Respublikası,"""Nanjing University""","""Industrial Engineering"""
984,bakalavriat,Çin Xalq Respublikası,"""Nanjing University""","""Telecommunications Engineering"""
985,bakalavriat,Çin Xalq Respublikası,"""Northwestern Polytechnical University""","""Civil Engineering"""
986,bakalavriat,Çin Xalq Respublikası,"""Northwestern Polytechnical University""","""Materials Science and Engineering"""
987,bakalavriat,Çin Xalq Respublikası,"""Northwestern Polytechnical University""","""Mechanical Engineering"""
988,bakalavriat,Çin Xalq Respublikası,"""Peking University""","""Chemistry and Molecular Engineering"""
989,bakalavriat,Çin Xalq Respublikası,"""Peking University""","""Engineering"""
990,bakalavriat,Çin Xalq Respublikası,"""Shanghai Jiao Tong University""","""Automation"""
991,bakalavriat,Çin Xalq Respublikası,"""Shanghai Jiao Tong University""","""Materials Science and Engineering"""
992,bakalavriat,Çin Xalq Respublikası,"""Shanghai Jiao Tong University""","""Mechanical Engineering"""
993,bakalavriat,Çin Xalq Respublikası,"""Shanghai Jiao Tong University""","""Naval Architecture and Ocean Engineering"""
994,bakalavriat,Çin Xalq Respublikası,"""Shanghai University""","""Automation"""
995,bakalavriat,Çin Xalq Respublikası,"""Shanghai University""","""Chemical Engineering and Technology"""
996,bakalavriat,Çin Xalq Respublikası,"""Shanghai University""","""Industrial Engineering"""
997,bakalavriat,Çin Xalq Respublikası,"""Shanghai University""","""Intelligent Manufacturing Engineering"""
998,bakalavriat,Çin Xalq Respublikası,"""Shanghai University""","""Mechanical Design Manufacturing and Automation"""
999,bakalavriat,Çin Xalq Respublikası,"""Shanghai University""","""Mechatronic Engineering"""
1000,bakalavriat,Çin Xalq Respublikası,"""Shanghai University""","""Robot Engineering"""
1001,bakalavriat,Çin Xalq Respublikası,"""Shenzhen University""","""Automation"""
1002,bakalavriat,Çin Xalq Respublikası,"""Shenzhen University""","""Engineering Management"""
1003,bakalavriat,Çin Xalq Respublikası,"""Shenzhen University""","""Materials Science and Engineering"""
1004,bakalavriat,Çin Xalq Respublikası,"""Shenzhen University""","""Mechanical Design Manufacturing and Automation"""
1005,bakalavriat,Çin Xalq Respublikası,"""Shenzhen University""","""Polymer Materials and Engineering"""
1006,bakalavriat,Çin Xalq Respublikası,"""Shenzhen University""","""Robotic Engineering"""
1007,bakalavriat,Çin Xalq Respublikası,"""Tianjin University""","""Industrial Engineering"""
1008,bakalavriat,Çin Xalq Respublikası,"""Tianjin University""","""Material Forming and Control Engineering"""
1009,bakalavriat,Çin Xalq Respublikası,"""Tianjin University""","""Mechanical and Electronic Engineering"""
1010,bakalavriat,Çin Xalq Respublikası,"""Tianjin University""","""Process Equipment and Control Engineering"""
1011,bakalavriat,Çin Xalq Respublikası,"""Tianjin University""","""Vehicle Engineering"""
1012,bakalavriat,Çin Xalq Respublikası,"""Tianjin University""","""Wood Science and Engineering"""
1013,bakalavriat,Çin Xalq Respublikası,"""Tongji University""","""Civil Engineering"""
1014,bakalavriat,Çin Xalq Respublikası,"""Tsinghua University""","""Chemical Engineering and Industrial Biological Engineering"""
1015,bakalavriat,Çin Xalq Respublikası,"""Tsinghua University""","""Civil Engineering and Systems"""
1016,bakalavriat,Çin Xalq Respublikası,"""Tsinghua University""","""Civil Engineering"""
1017,bakalavriat,Çin Xalq Respublikası,"""Tsinghua University""","""Engineering Mechanics"""
1018,bakalavriat,Çin Xalq Respublikası,"""Tsinghua University""","""Hydraulic and Hydropower Engineering"""
1019,bakalavriat,Çin Xalq Respublikası,"""Tsinghua University""","""Hydroscience and Engineering"""
1020,bakalavriat,Çin Xalq Respublikası,"""Tsinghua University""","""Industrial Engineering"""
1021,bakalavriat,Çin Xalq Respublikası,"""Tsinghua University""","""Materials Science and Engineering"""
1022,bakalavriat,Çin Xalq Respublikası,"""Tsinghua University""","""Mechanical Engineering"""
1023,bakalavriat,Çin Xalq Respublikası,"""Tsinghua University""","""Microelectromechanical Systems Engineering"""
1024,bakalavriat,Çin Xalq Respublikası,"""Tsinghua University""","""Traffic Engineering"""
1025,bakalavriat,Çin Xalq Respublikası,"""Tsinghua University""","""Water Supply and Wastewater Engineering"""
1026,bakalavriat,Çin Xalq Respublikası,"""University of Electronic Science and Technology of China""","""Communication Engineering"""
1027,bakalavriat,Çin Xalq Respublikası,"""University of Hong Kong""","""Civil Engineering"""
1028,bakalavriat,Çin Xalq Respublikası,"""University of Hong Kong""","""Materials Engineering"""
1029,bakalavriat,Çin Xalq Respublikası,"""University of Hong Kong""","""Mechanical Engineering"""
1030,bakalavriat,Çin Xalq Respublikası,"""Wuhan University""","""Automation"""
1031,bakalavriat,Çin Xalq Respublikası,"""Wuhan University""","""Energy Chemical Engineering"""
1032,bakalavriat,Çin Xalq Respublikası,"""Zhejiang University""","""Civil Engineering"""
1033,bakalavriat,Çin Xalq Respublikası,"""Zhejiang University""","""Industrial Engineering"""
1034,bakalavriat,Çin Xalq Respublikası,"""Zhejiang University""","""Mechanical Engineering"""
1035,bakalavriat,İrlandiya Respublikası,"""Trinity College Dublin""","""Civil, Structural, and Environmental Engineering"""
1036,bakalavriat,İrlandiya Respublikası,"""Trinity College Dublin""","""Engineering"""
1037,bakalavriat,İrlandiya Respublikası,"""University College Dublin""","""Chemical and Bioprocess Engineering"""
1038,bakalavriat,İrlandiya Respublikası,"""University College Dublin""","""Civil Engineering"""
1039,bakalavriat,İrlandiya Respublikası,"""University College Dublin""","""Engineering"""
1040,bakalavriat,İrlandiya Respublikası,"""University College Dublin""","""Mechanical Engineering"""
1041,bakalavriat,İrlandiya Respublikası,"""University of Galway""","""Mechanical Engineering"""
1042,bakalavriat,İspaniya Krallığı,"""Universitat Autònoma de Barcelona (UAB)""","""Automotive Engineering"""
1043,bakalavriat,İspaniya Krallığı,"""Universitat Autònoma de Barcelona (UAB)""","""Chemical Engineering"""
1044,bakalavriat,İspaniya Krallığı,"""Universitat Autònoma de Barcelona (UAB)""","""Industrial Organisation"""
1045,bakalavriat,İspaniya Krallığı,"""Universitat Autònoma de Barcelona (UAB)""","""Mechanical Engineering"""
1046,bakalavriat,İspaniya Krallığı,"""Universitat Autònoma de Barcelona (UAB)""","""Telecommunication Systems Engineering"""
1047,bakalavriat,İspaniya Krallığı,"""University of Barcelona""","""Chemical Engineering"""
1048,bakalavriat,İspaniya Krallığı,"""University of Barcelona""","""Materials Engineering"""
1049,bakalavriat,İspaniya Krallığı,"""University of Navarra""","""Industrial Engineering"""
1050,bakalavriat,İspaniya Krallığı,"""University of Navarra""","""Mechanical Engineering"""
1051,bakalavriat,İsrail Dövləti,"""Technion Israel Institute of Technology""","""Chemical Engineering"""
1052,bakalavriat,İsrail Dövləti,"""Technion Israel Institute of Technology""","""Civil Engineering"""
1053,bakalavriat,İsrail Dövləti,"""Technion Israel Institute of Technology""","""Materials Engineering and Biology"""
1054,bakalavriat,İsrail Dövləti,"""Technion Israel Institute of Technology""","""Materials Engineering and Chemistry"""
1055,bakalavriat,İsrail Dövləti,"""Technion Israel Institute of Technology""","""Materials Engineering and Physics"""
1056,bakalavriat,İsrail Dövləti,"""Technion Israel Institute of Technology""","""Materials Engineering"""
1057,bakalavriat,İsrail Dövləti,"""Technion Israel Institute of Technology""","""Mechanical Engineering"""
1058,bakalavriat,İsveçrə Konfederasiyası,"""École Polytechnique Fédérale de Lausanne""","""Chemistry and Chemical Engineering"""
1059,bakalavriat,İsveçrə Konfederasiyası,"""École Polytechnique Fédérale de Lausanne""","""Civil Engineering"""
1060,bakalavriat,İsveçrə Konfederasiyası,"""École Polytechnique Fédérale de Lausanne""","""Materials Science and Engineering"""
1061,bakalavriat,İsveçrə Konfederasiyası,"""École Polytechnique Fédérale de Lausanne""","""Mechanical Engineering"""
1062,bakalavriat,İsveçrə Konfederasiyası,"""ETH Zurich""","""Civil Engineering"""
1063,bakalavriat,İsveçrə Konfederasiyası,"""ETH Zurich""","""Geospatial Engineering"""
1064,bakalavriat,İsveçrə Konfederasiyası,"""ETH Zurich""","""Mechanical Engineering"""
1065,bakalavriat,İtaliya Respublikası,"""Polytechnic University of Milan""","""Civil Engineering for Risk Mitigation"""
1066,bakalavriat,İtaliya Respublikası,"""Polytechnic University of Milan""","""Civil Engineering"""
1067,bakalavriat,İtaliya Respublikası,"""Polytechnic University of Turin""","""Automotive Engineering"""
1068,bakalavriat,İtaliya Respublikası,"""Polytechnic University of Turin""","""Civil and Environmental Engineering"""
1069,bakalavriat,İtaliya Respublikası,"""Polytechnic University of Turin""","""Mechanical Engineering"""
1070,bakalavriat,İtaliya Respublikası,"""University of Brescia""","""Civil Engineering"""
1071,bakalavriat,İtaliya Respublikası,"""University of Brescia""","""Industrial Automation Engineering"""
1072,bakalavriat,İtaliya Respublikası,"""University of Brescia""","""Land and Environmental Engineering"""
1073,bakalavriat,İtaliya Respublikası,"""University of Brescia""","""Mechanical and Materials Engineering"""
1074,bakalavriat,İtaliya Respublikası,"""University of Florence""","""Civil and Building Engineering for Sustainability"""
1075,bakalavriat,İtaliya Respublikası,"""University of Florence""","""Environmental Engineering"""
1076,bakalavriat,İtaliya Respublikası,"""University of Florence""","""Mechanical Engineering"""
1077,bakalavriat,İtaliya Respublikası,"""University of Pavia""","""Civil and Environmental Engineering"""
1078,bakalavriat,İtaliya Respublikası,"""University of Pavia""","""Digital Technologies for Constructions, Environment and Territory"""
1079,bakalavriat,İtaliya Respublikası,"""University of Pavia""","""Industrial engineering"""
1080,bakalavriat,İtaliya Respublikası,"""University of Rome II- Tor Vergata""","""Building Engineering"""
1081,bakalavriat,İtaliya Respublikası,"""University of Rome II- Tor Vergata""","""Civil and Environmental Engineering"""
1082,bakalavriat,İtaliya Respublikası,"""University of Rome II- Tor Vergata""","""Engineering Sciences"""
1083,bakalavriat,İtaliya Respublikası,"""University of Rome II- Tor Vergata""","""ICT and Internet Engineering"""
1084,bakalavriat,İtaliya Respublikası,"""University of Rome II- Tor Vergata""","""Mechanical Engineering"""
1085,bakalavriat,Koreya Respublikası,"""Chung-Ang University""","""Chemical Engineering and Material Science"""
1086,bakalavriat,Koreya Respublikası,"""Chung-Ang University""","""Energy System Engineering"""
1087,bakalavriat,Koreya Respublikası,"""Chung-Ang University""","""Integrative Engineering"""
1088,bakalavriat,Koreya Respublikası,"""Chung-Ang University""","""Mechanical Engineering"""
1089,bakalavriat,Koreya Respublikası,"""Kyung Hee University""","""Chemical Engineering"""
1090,bakalavriat,Koreya Respublikası,"""Kyung Hee University""","""Industrial Engineering and Management Engineering"""
1091,bakalavriat,Koreya Respublikası,"""Kyung Hee University""","""Mechanical Engineering"""
1092,bakalavriat,Koreya Respublikası,"""Sejong University""","""Civil and Environmental Engineering"""
1093,bakalavriat,Koreya Respublikası,"""Sejong University""","""Defense System Engineering"""
1094,bakalavriat,Koreya Respublikası,"""Sejong University""","""Mechanical Engineering"""
1095,bakalavriat,Koreya Respublikası,"""Seoul National University""","""Chemical and Biological Engineering"""
1096,bakalavriat,Koreya Respublikası,"""Seoul National University""","""Civil and Environmental Engineering"""
1097,bakalavriat,Koreya Respublikası,"""Seoul National University""","""Energy Resources Engineering"""
1098,bakalavriat,Koreya Respublikası,"""Seoul National University""","""Industrial Engineering"""
1099,bakalavriat,Koreya Respublikası,"""Seoul National University""","""Materials Science and Engineering"""
1100,bakalavriat,Koreya Respublikası,"""Seoul National University""","""Mechanical Engineering"""
1101,bakalavriat,Koreya Respublikası,"""Sungkyunkwan University (SKKU)""","""Advanced Semiconductor Engineering (Interdisciplinary)"""
1102,bakalavriat,Koreya Respublikası,"""Sungkyunkwan University (SKKU)""","""Chemical Engineering"""
1103,bakalavriat,Koreya Respublikası,"""Sungkyunkwan University (SKKU)""","""Civil, Architectural and Environmental System Engineering"""
1104,bakalavriat,Koreya Respublikası,"""Sungkyunkwan University (SKKU)""","""Industrial Engineering"""
1105,bakalavriat,Koreya Respublikası,"""Sungkyunkwan University (SKKU)""","""Material-Component Convergence Engineering"""
1106,bakalavriat,Koreya Respublikası,"""Sungkyunkwan University (SKKU)""","""Mechanical Engineering"""
1107,bakalavriat,Koreya Respublikası,"""Sungkyunkwan University (SKKU)""","""Semiconductor and Display Engineering"""
1108,bakalavriat,Koreya Respublikası,"""Ulsan National Institute of Science and Technology
(UNIST)""","""Civil, Urban, Earth, and Environmental Engineering"""
1109,bakalavriat,Koreya Respublikası,"""Ulsan National Institute of Science and Technology
(UNIST)""","""Energy and Chemical Engineering"""
1110,bakalavriat,Koreya Respublikası,"""Ulsan National Institute of Science and Technology
(UNIST)""","""Industrial Engineering"""
1111,bakalavriat,Koreya Respublikası,"""Ulsan National Institute of Science and Technology
(UNIST)""","""Materials Science and Engineering"""
1112,bakalavriat,Koreya Respublikası,"""Ulsan National Institute of Science and Technology
(UNIST)""","""Mechanical Engineering"""
1113,bakalavriat,Koreya Respublikası,"""Yonsei University""","""Physics and Engineering Physics"""
1114,bakalavriat,Malayziya,"""Sunway University""","""Civil Engineering"""
1115,bakalavriat,Malayziya,"""Sunway University""","""Mechatronic Engineering (Robotics) """
1116,bakalavriat,Malayziya,"""Universiti Sains Malaysia""","""Bioprocess Engineering Technology"""
1117,bakalavriat,Malayziya,"""Universiti Sains Malaysia""","""Building Engineering Technology """
1118,bakalavriat,Malayziya,"""Universiti Sains Malaysia""","""Chemical Engineering"""
1119,bakalavriat,Malayziya,"""Universiti Sains Malaysia""","""Civil Engineering"""
1120,bakalavriat,Malayziya,"""Universiti Sains Malaysia""","""Manufacturing Engineering with Management"""
1121,bakalavriat,Malayziya,"""Universiti Sains Malaysia""","""Materials Engineering"""
1122,bakalavriat,Malayziya,"""Universiti Sains Malaysia""","""Mechanical Engineering"""
1123,bakalavriat,Malayziya,"""Universiti Sains Malaysia""","""Mechatronic Engineering"""
1124,bakalavriat,Malayziya,"""Universiti Sains Malaysia""","""Mineral Resources Engineering"""
1125,bakalavriat,Malayziya,"""Universiti Sains Malaysia""","""Polymer Engineering"""
1126,bakalavriat,Malayziya,"""Universiti Teknologi Malaysia""","""Chemical Engineering (Bioprocess) """
1127,bakalavriat,Malayziya,"""Universiti Teknologi Malaysia""","""Chemical Engineering (Gas)"""
1128,bakalavriat,Malayziya,"""Universiti Teknologi Malaysia""","""Chemical Engineering"""
1129,bakalavriat,Malayziya,"""Universiti Teknologi Malaysia""","""Chemical Process Engineering"""
1130,bakalavriat,Malayziya,"""Universiti Teknologi Malaysia""","""Civil Engineering"""
1131,bakalavriat,Malayziya,"""Universiti Teknologi Malaysia""","""Engineering (Electrical - Mechatronics) """
1132,bakalavriat,Malayziya,"""Universiti Teknologi Malaysia""","""Mechanical Engineering (Manufacturing)"""
1133,bakalavriat,Malayziya,"""Universiti Teknologi Malaysia""","""Mechanical Engineering"""
1134,bakalavriat,Malayziya,"""Universiti Teknologi Malaysia""","""Mechanical Precision Engineering """
1135,bakalavriat,Malayziya,"""Universiti Teknologi Malaysia""","""Naval Architecture and Ocean Engineering"""
1136,bakalavriat,Malayziya,"""Universiti Teknologi Malaysia""","""Petroleum Engineering"""
1137,bakalavriat,Malayziya,"""Universiti Teknologi Petronas""","""Chemical Engineering"""
1138,bakalavriat,Malayziya,"""Universiti Teknologi Petronas""","""Civil Engineering"""
1139,bakalavriat,Malayziya,"""Universiti Teknologi Petronas""","""Integrated Engineering"""
1140,bakalavriat,Malayziya,"""Universiti Teknologi Petronas""","""Materials Engineering"""
1141,bakalavriat,Malayziya,"""Universiti Teknologi Petronas""","""Mechanical Engineering"""
1142,bakalavriat,Malayziya,"""Universiti Teknologi Petronas""","""Petroleum Engineering"""
1143,bakalavriat,Malayziya,"""University of Malaya""","""Chemical Engineering"""
1144,bakalavriat,Malayziya,"""University of Malaya""","""Civil Engineering"""
1145,bakalavriat,Malayziya,"""University of Malaya""","""Mechanical Engineering"""
1146,bakalavriat,Rusiya Federasiyası,"""Bauman Moscow State Technical University""","""Biotechnical Systems and Technologies"""
1147,bakalavriat,Rusiya Federasiyası,"""Bauman Moscow State Technical University""","""Hightech plasma and power plants"""
1148,bakalavriat,Rusiya Federasiyası,"""Bauman Moscow State Technical University""","""Mechanical Engineering"""
1149,bakalavriat,Rusiya Federasiyası,"""Bauman Moscow State Technical University""","""Mechanics and Mathematical Modeling"""
1150,bakalavriat,Rusiya Federasiyası,"""Bauman Moscow State Technical University""","""Mechatronics and Robotics"""
1151,bakalavriat,Rusiya Federasiyası,"""Bauman Moscow State Technical University""","""Nanoengineering"""
1152,bakalavriat,Rusiya Federasiyası,"""Bauman Moscow State Technical University""","""Optics Engineering"""
1153,bakalavriat,Rusiya Federasiyası,"""Bauman Moscow State Technical University""","""Power Engineering"""
1154,bakalavriat,Rusiya Federasiyası,"""Bauman Moscow State Technical University""","""Process Machines and Equipment"""
1155,bakalavriat,Rusiya Federasiyası,"""ITMO University""","""Chemical Engineering"""
1156,bakalavriat,Rusiya Federasiyası,"""ITMO University""","""Mechatronics and Robotics"""
1157,bakalavriat,Rusiya Federasiyası,"""ITMO University""","""Optical Engineering"""
1158,bakalavriat,Rusiya Federasiyası,"""Lomonosov Moscow State University""","""Mechanics"""
1159,bakalavriat,Rusiya Federasiyası,"""Moscow Institute of Physics and Technology (MIPT)""","""Convergent nano, bio, informational and cognitive technologies"""
1160,bakalavriat,Rusiya Federasiyası,"""Saint Petersburg State University""","""Engineering Oriented Physics"""
1161,bakalavriat,Rusiya Federasiyası,"""Saint Petersburg State University""","""Fundamental Mechanics"""
1162,bakalavriat,Sinqapur Respublikası,"""Nanyang Technological University, Singapore""","""Chemical and Biomolecular Engineering"""
1163,bakalavriat,Sinqapur Respublikası,"""Nanyang Technological University, Singapore""","""Civil Engineering with Second Major in Data Analytics"""
1164,bakalavriat,Sinqapur Respublikası,"""Nanyang Technological University, Singapore""","""Civil Engineering"""
1165,bakalavriat,Sinqapur Respublikası,"""Nanyang Technological University, Singapore""","""Mechanical Engineering"""
1166,bakalavriat,Sinqapur Respublikası,"""National University of Singapore""","""Chemical and Biomolecular Engineering"""
1167,bakalavriat,Sinqapur Respublikası,"""National University of Singapore""","""Chemical Engineering"""
1168,bakalavriat,Sinqapur Respublikası,"""National University of Singapore""","""Civil Engineering"""
1169,bakalavriat,Sinqapur Respublikası,"""National University of Singapore""","""Engineering Science"""
1170,bakalavriat,Sinqapur Respublikası,"""National University of Singapore""","""Industrial and Systems Engineering"""
1171,bakalavriat,Sinqapur Respublikası,"""National University of Singapore""","""Material Science and Engineering"""
1172,bakalavriat,Sinqapur Respublikası,"""National University of Singapore""","""Mechanical Engineering"""
1173,bakalavriat,Türkiyə Respublikası,"""Ankara University""","""Chemical Engineering"""
1174,bakalavriat,Türkiyə Respublikası,"""Ankara University""","""Civil Engineering"""
1175,bakalavriat,Türkiyə Respublikası,"""Ankara University""","""Geological Engineering"""
1176,bakalavriat,Türkiyə Respublikası,"""Ankara University""","""Geophysical Engineering"""
1177,bakalavriat,Türkiyə Respublikası,"""Ankara University""","""Physics Engineering"""
1178,bakalavriat,Türkiyə Respublikası,"""Bilkent University""","""Industrial Engineering"""
1179,bakalavriat,Türkiyə Respublikası,"""Bilkent University""","""Mechanical Engineering"""
1180,bakalavriat,Türkiyə Respublikası,"""Boğaziçi University""","""Chemical Engineering"""
1181,bakalavriat,Türkiyə Respublikası,"""Boğaziçi University""","""Civil Engineering"""
1182,bakalavriat,Türkiyə Respublikası,"""Boğaziçi University""","""Industrial Engineering"""
1183,bakalavriat,Türkiyə Respublikası,"""Boğaziçi University""","""Mechanical Engineering"""
1184,bakalavriat,Türkiyə Respublikası,"""Istanbul Technical University""","""Chemical Engineering"""
1185,bakalavriat,Türkiyə Respublikası,"""Istanbul Technical University""","""Civil Engineering"""
1186,bakalavriat,Türkiyə Respublikası,"""Istanbul Technical University""","""Control and Automation Engineering"""
1187,bakalavriat,Türkiyə Respublikası,"""Istanbul Technical University""","""Geological Engineering"""
1188,bakalavriat,Türkiyə Respublikası,"""Istanbul Technical University""","""Geomatics Engineering"""
1189,bakalavriat,Türkiyə Respublikası,"""Istanbul Technical University""","""Geophysical Engineering"""
1190,bakalavriat,Türkiyə Respublikası,"""Istanbul Technical University""","""Industrial Engineering"""
1191,bakalavriat,Türkiyə Respublikası,"""Istanbul Technical University""","""Management Engineering"""
1192,bakalavriat,Türkiyə Respublikası,"""Istanbul Technical University""","""Manufacturing Engineering"""
1193,bakalavriat,Türkiyə Respublikası,"""Istanbul Technical University""","""Marine Engineering"""
1194,bakalavriat,Türkiyə Respublikası,"""Istanbul Technical University""","""Maritime Transportation and Management Engineering"""
1195,bakalavriat,Türkiyə Respublikası,"""Istanbul Technical University""","""Mathematical Engineering"""
1196,bakalavriat,Türkiyə Respublikası,"""Istanbul Technical University""","""Mechanical Engineering"""
1197,bakalavriat,Türkiyə Respublikası,"""Istanbul Technical University""","""Metallurgical and Materials Engineering"""
1198,bakalavriat,Türkiyə Respublikası,"""Istanbul Technical University""","""Mineral Processing Engineering"""
1199,bakalavriat,Türkiyə Respublikası,"""Istanbul Technical University""","""Mining Engineering"""
1200,bakalavriat,Türkiyə Respublikası,"""Istanbul Technical University""","""Naval Architecture and Marine Engineering"""
1201,bakalavriat,Türkiyə Respublikası,"""Istanbul Technical University""","""Physics Engineering"""
1202,bakalavriat,Türkiyə Respublikası,"""Istanbul Technical University""","""Shipbuilding and Ocean Engineering"""
1203,bakalavriat,Türkiyə Respublikası,"""Istanbul Technical University""","""Textile Engineering"""
1204,bakalavriat,Türkiyə Respublikası,"""Middle East Technical University""","""Chemical Engineering"""
1205,bakalavriat,Türkiyə Respublikası,"""Middle East Technical University""","""Civil Engineering"""
1206,bakalavriat,Türkiyə Respublikası,"""Middle East Technical University""","""Geological Engineering"""
1207,bakalavriat,Türkiyə Respublikası,"""Middle East Technical University""","""Industrial Engineering"""
1208,bakalavriat,Türkiyə Respublikası,"""Middle East Technical University""","""Mechanical Engineering"""
1209,bakalavriat,Türkiyə Respublikası,"""Middle East Technical University""","""Metallurgical and Materials Engineering"""
1210,bakalavriat,Türkiyə Respublikası,"""Middle East Technical University""","""Mining Engineering"""
1211,bakalavriat,Türkiyə Respublikası,"""Sabanci University""","""Mechatronics Engineering"""
1212,bakalavriat,Türkiyə Respublikası,"""Sabanci University""","""Industrial Engineering"""
1213,bakalavriat,Yaponiya,"""University of Tokyo""","""Chemical System Engineering"""
1214,bakalavriat,Yaponiya,"""University of Tokyo""","""Materials Engineering"""
