Nömrə,Təhsil səviyyəsi,Ölkə,Universitet,Təhsil proqramı
1,magistratura,Almaniya Federativ Respublikası,"""Technical University Berlin""","""Architecture"""
2,magistratura,Almaniya Federativ Respublikası,"""Technical University Berlin""","""Landscape Architecture"""
3,magistratura,Almaniya Federativ Respublikası,"""Technical University Berlin""","""Urban Design"""
4,magistratura,Almaniya Federativ Respublikası,"""Technical University of Munich""","""Architecture"""
5,magistratura,Almaniya Federativ Respublikası,"""Technical University of Munich""","""Nature Conservation and Landscape Planning"""
6,magistratura,Almaniya Federativ Respublikası,"""Technical University of Munich""","""Information Technologies for the Built Environment"""
7,magistratura,Almaniya Federativ Respublikası,"""Technical University of Munich""","""Land Management and Geospatial Science"""
8,magistratura,Almaniya Federativ Respublikası,"""Technical University of Munich""","""Landscape Architecture"""
9,magistratura,Amerika Birləşmiş Ştatları,"""Carnegie Mellon University""","""Advanced Architectural Design"""
10,magistratura,Amerika Birləşmiş Ştatları,"""Carnegie Mellon University""","""Architecture"""
11,magistratura,Amerika Birləşmiş Ştatları,"""Carnegie Mellon University""","""Design"""
12,magistratura,Amerika Birləşmiş Ştatları,"""Carnegie Mellon University""","""Urban Design"""
13,magistratura,Amerika Birləşmiş Ştatları,"""Columbia University""","""Advanced Architectural Design"""
14,magistratura,Amerika Birləşmiş Ştatları,"""Columbia University""","""Architecture and Urban Design"""
15,magistratura,Amerika Birləşmiş Ştatları,"""Columbia University""","""Urban Planning"""
16,magistratura,Amerika Birləşmiş Ştatları,"""Cornell University""","""Architecture"""
17,magistratura,Amerika Birləşmiş Ştatları,"""Cornell University""","""Regional Planning"""
18,magistratura,Amerika Birləşmiş Ştatları,"""Harvard University""","""Architecture"""
19,magistratura,Amerika Birləşmiş Ştatları,"""Harvard University""","""Design Engineering"""
20,magistratura,Amerika Birləşmiş Ştatları,"""Harvard University""","""Landscape Architecture"""
21,magistratura,Amerika Birləşmiş Ştatları,"""Harvard University""","""Urban Planning and Design"""
22,magistratura,Amerika Birləşmiş Ştatları,"""Massachusetts Institute of Technology""","""Architecture"""
23,magistratura,Amerika Birləşmiş Ştatları,"""Massachusetts Institute of Technology""","""Building Technology"""
24,magistratura,Amerika Birləşmiş Ştatları,"""Massachusetts Institute of Technology""","""City Planning"""
25,magistratura,Amerika Birləşmiş Ştatları,"""Princeton University""","""Architecture"""
26,magistratura,Amerika Birləşmiş Ştatları,"""Stanford University""","""Design"""
27,magistratura,Amerika Birləşmiş Ştatları,"""University of California, Berkeley""","""Architecture"""
28,magistratura,Amerika Birləşmiş Ştatları,"""University of California, Berkeley""","""Design"""
29,magistratura,Amerika Birləşmiş Ştatları,"""University of California, Berkeley""","""Urban Design"""
30,magistratura,Amerika Birləşmiş Ştatları,"""University of California, Los Angeles""","""Architecture"""
31,magistratura,Amerika Birləşmiş Ştatları,"""University of California, Los Angeles""","""Urban and Regional Planning"""
32,magistratura,Amerika Birləşmiş Ştatları,"""University of Michigan-Ann Arbor""","""Architecture"""
33,magistratura,Amerika Birləşmiş Ştatları,"""University of Michigan-Ann Arbor""","""Landscape Architecture"""
34,magistratura,Amerika Birləşmiş Ştatları,"""University of Pennsylvania""","""Architecture"""
35,magistratura,Amerika Birləşmiş Ştatları,"""University of Pennsylvania""","""City and Regional Planning: Smart Cities"""
36,magistratura,Amerika Birləşmiş Ştatları,"""University of Pennsylvania""","""Landscape Architecture and Regional Planning"""
37,magistratura,Amerika Birləşmiş Ştatları,"""Yale University""","""Architecture"""
38,magistratura,Avstraliya İttifaqı,"""Monash University""","""Architecture"""
39,magistratura,Avstraliya İttifaqı,"""University of Adelaide""","""Architecture"""
40,magistratura,Avstraliya İttifaqı,"""University of Adelaide""","""Landscape Architecture"""
41,magistratura,Avstraliya İttifaqı,"""University of Adelaide""","""Planning (Urban Design)"""
42,magistratura,Avstraliya İttifaqı,"""University of Queensland""","""Architecture"""
43,magistratura,Avstraliya İttifaqı,"""University of Queensland""","""Urban and Regional Planning"""
44,magistratura,Avstraliya İttifaqı,"""University of Queensland""","""Urban Development and Design"""
45,magistratura,Avstraliya İttifaqı,"""University of Melbourne""","""Architectural Engineering"""
46,magistratura,Avstraliya İttifaqı,"""University of Melbourne""","""Architecture"""
47,magistratura,Avstraliya İttifaqı,"""University of Melbourne""","""Landscape Architecture"""
48,magistratura,Avstraliya İttifaqı,"""University of Melbourne""","""Urban Design"""
49,magistratura,Avstraliya İttifaqı,"""University of Melbourne""","""Urban Planning"""
50,magistratura,Avstraliya İttifaqı,"""University of Sydney""","""Architecture"""
51,magistratura,Avstraliya İttifaqı,"""University of Sydney""","""Urban and Regional Planning"""
52,magistratura,Avstraliya İttifaqı,"""University of Sydney""","""Urban Design"""
53,magistratura,Avstraliya İttifaqı,"""University of Sydney""","""Urbanism (Heritage Conservation)"""
54,magistratura,Avstraliya İttifaqı,"""University of Sydney""","""Urbanism (Urban and Regional Planning)"""
55,magistratura,Birləşmiş Ərəb Əmirlikləri,"""United Arab Emirates University""","""Architectural Engineering"""
56,magistratura,Birləşmiş Krallıq,"""UCL""","""Architectural Design"""
57,magistratura,Birləşmiş Krallıq,"""UCL""","""Architecture"""
58,magistratura,Birləşmiş Krallıq,"""UCL""","""Building and Urban Design in Development"""
59,magistratura,Birləşmiş Krallıq,"""UCL""","""City Planning"""
60,magistratura,Birləşmiş Krallıq,"""UCL""","""Design for Manufacture"""
61,magistratura,Birləşmiş Krallıq,"""UCL""","""Infrastructure Planning, Appraisal and Development"""
62,magistratura,Birləşmiş Krallıq,"""UCL""","""Landscape Architecture"""
63,magistratura,Birləşmiş Krallıq,"""UCL""","""Smart Buildings and Digital Engineering"""
64,magistratura,Birləşmiş Krallıq,"""UCL""","""Transport and City Planning"""
65,magistratura,Birləşmiş Krallıq,"""UCL""","""Urban Design and City Planning"""
66,magistratura,Birləşmiş Krallıq,"""University of Cambridge""","""Architecture"""
67,magistratura,Birləşmiş Krallıq,"""University of Edinburgh""","""Architecture"""
68,magistratura,Birləşmiş Krallıq,"""University of Edinburgh""","""Interior, Architectural and Spatial Design"""
69,magistratura,Birləşmiş Krallıq,"""University of Edinburgh""","""Landscape Architecture"""
70,magistratura,Birləşmiş Krallıq,"""University of Glasgow""","""City Planning and Real Estate Development"""
71,magistratura,Birləşmiş Krallıq,"""University of Glasgow""","""City Planning"""
72,magistratura,Birləşmiş Krallıq,"""University of Manchester""","""Landscape Architecture"""
73,magistratura,Birləşmiş Krallıq,"""University of Nottingham""","""Advanced Building Performance Engineering"""
74,magistratura,Birləşmiş Krallıq,"""University of Nottingham""","""Architecture"""
75,magistratura,Birləşmiş Krallıq,"""University of Sheffield""","""Architectural Design"""
76,magistratura,Birləşmiş Krallıq,"""University of Sheffield""","""Architecture and Landscape Architecture"""
77,magistratura,Birləşmiş Krallıq,"""University of Sheffield""","""Architecture"""
78,magistratura,Birləşmiş Krallıq,"""University of Sheffield""","""Architecture: Collaborative Practice"""
79,magistratura,Birləşmiş Krallıq,"""University of Sheffield""","""Landscape Architecture"""
80,magistratura,Cənubi Afrika Respublikası,"""University of Cape Town""","""City and Regional Planning"""
81,magistratura,Cənubi Afrika Respublikası,"""University of Cape Town""","""Landscape Architecture"""
82,magistratura,Çin Xalq Respublikası,"""Chinese University of Hong Kong""","""Architecture"""
83,magistratura,Çin Xalq Respublikası,"""Chinese University of Hong Kong""","""Urban Design"""
84,magistratura,Çin Xalq Respublikası,"""Chongqing University""","""Architecture"""
85,magistratura,Çin Xalq Respublikası,"""Chongqing University""","""Landscape Architecture"""
86,magistratura,Çin Xalq Respublikası,"""Chongqing University""","""Urban and Rural Planning"""
87,magistratura,Çin Xalq Respublikası,"""Dalian University of Technology""","""Architecture"""
88,magistratura,Çin Xalq Respublikası,"""Hong Kong Polytechnic University""","""Urban Informatics and Smart Cities"""
89,magistratura,Çin Xalq Respublikası,"""Huazhong University of Science and Technology""","""Urban and Rural Planning"""
90,magistratura,Çin Xalq Respublikası,"""Hunan University""","""Architecture"""
91,magistratura,Çin Xalq Respublikası,"""Xiamen University""","""Architecture"""
92,magistratura,Çin Xalq Respublikası,"""Xiamen University""","""Urban and Regional Planning"""
93,magistratura,Çin Xalq Respublikası,"""Nanjing University""","""Architecture"""
94,magistratura,Çin Xalq Respublikası,"""Nanjing University""","""Urban Planning"""
95,magistratura,Çin Xalq Respublikası,"""Northwestern Polytechnical University""","""Architecture"""
96,magistratura,Çin Xalq Respublikası,"""Shanghai Jiao Tong University""","""Architecture"""
97,magistratura,Çin Xalq Respublikası,"""Shanghai Jiao Tong University""","""Landscape Architecture"""
98,magistratura,Çin Xalq Respublikası,"""Tianjin University""","""Industrial Design"""
99,magistratura,Çin Xalq Respublikası,"""Tsinghua University""","""Architecture"""
100,magistratura,Çin Xalq Respublikası,"""Tsinghua University""","""Landscape Architecture"""
101,magistratura,Çin Xalq Respublikası,"""Tsinghua University""","""Urban and Rural Planning"""
102,magistratura,Çin Xalq Respublikası,"""University of Hong Kong""","""Architecture"""
103,magistratura,Çin Xalq Respublikası,"""University of Hong Kong""","""Landscape Architecture"""
104,magistratura,Çin Xalq Respublikası,"""University of Hong Kong""","""Urban Design and Transport"""
105,magistratura,Çin Xalq Respublikası,"""University of Hong Kong""","""Urban Planning"""
106,magistratura,Çin Xalq Respublikası,"""Wuhan University""","""Architecture"""
107,magistratura,Çin Xalq Respublikası,"""Zhejiang University""","""Bridge and Tunnel Engineering"""
108,magistratura,İrlandiya Respublikası,"""University College Dublin""","""Urban Design and Planning"""
109,magistratura,İspaniya Krallığı,"""University of Navarra""","""Architecture"""
110,magistratura,İsrail Dövləti,"""Technion Israel Institute of Technology""","""Architecture"""
111,magistratura,İsrail Dövləti,"""Technion Israel Institute of Technology""","""Design and Manufacturing Management"""
112,magistratura,İsrail Dövləti,"""Technion Israel Institute of Technology""","""Industrial Design"""
113,magistratura,İsrail Dövləti,"""Technion Israel Institute of Technology""","""Landscape Architecture"""
114,magistratura,İsveç Krallığı,"""Lund University""","""Architecture"""
115,magistratura,İsveçrə Konfederasiyası,"""École Polytechnique Fédérale de Lausanne""","""Architecture"""
116,magistratura,İsveçrə Konfederasiyası,"""ETH Zurich""","""Architecture"""
117,magistratura,İsveçrə Konfederasiyası,"""ETH Zurich""","""Landscape Architecture"""
118,magistratura,İsveçrə Konfederasiyası,"""ETH Zurich""","""Spatial Development and Infrastructure Systems"""
119,magistratura,İtaliya Respublikası,"""Polytechnic University of Milan""","""Architecture - Built Environment Interiors"""
120,magistratura,İtaliya Respublikası,"""Polytechnic University of Milan""","""Architecture and Urban design"""
121,magistratura,İtaliya Respublikası,"""Polytechnic University of Milan""","""Building and Architectural Engineering"""
122,magistratura,İtaliya Respublikası,"""Polytechnic University of Milan""","""Design and Engineering"""
123,magistratura,İtaliya Respublikası,"""Polytechnic University of Milan""","""Environmental and land planning engineering"""
124,magistratura,İtaliya Respublikası,"""Polytechnic University of Milan""","""İnterior and spatial design"""
125,magistratura,İtaliya Respublikası,"""Polytechnic University of Milan""","""Landscape Architecture - Land Landscape Heritage"""
126,magistratura,İtaliya Respublikası,"""Polytechnic University of Milan""","""Management of Built Environment"""
127,magistratura,İtaliya Respublikası,"""Polytechnic University of Milan""","""Product Service System Design"""
128,magistratura,İtaliya Respublikası,"""Polytechnic University of Milan""","""Sustainable Architecture and Landscape Design"""
129,magistratura,İtaliya Respublikası,"""Polytechnic University of Milan""","""Urban Planning and Policy Design"""
130,magistratura,İtaliya Respublikası,"""Sapienza University of Rome""","""Architecture - Urban Regeneration"""
131,magistratura,İtaliya Respublikası,"""Sapienza University of Rome""","""Architecture (Conservation)"""
132,magistratura,İtaliya Respublikası,"""Sapienza University of Rome""","""Landscape Architecture"""
133,magistratura,İtaliya Respublikası,"""University of Bologna""","""Building Engineering- Architecture"""
134,magistratura,İtaliya Respublikası,"""University of Florence""","""Urban and Regional Planning and Design for Sustainability"""
135,magistratura,İtaliya Respublikası,"""University of Milan""","""Green Areas and Landscape Design"""
136,magistratura,İtaliya Respublikası,"""University of Naples-Federico II""","""Architecture and Heritage"""
137,magistratura,İtaliya Respublikası,"""University of Naples-Federico II""","""Design for the Built Environment"""
138,magistratura,Koreya Respublikası,"""Chung-Ang University""","""Architectural Engineering"""
139,magistratura,Koreya Respublikası,"""Chung-Ang University""","""Architecture"""
140,magistratura,Koreya Respublikası,"""Chung-Ang University""","""Urban Planning and Real Estate"""
141,magistratura,Koreya Respublikası,"""Hanyang University""","""Architectural Design"""
142,magistratura,Koreya Respublikası,"""Hanyang University""","""Architectural Systems Engineering"""
143,magistratura,Koreya Respublikası,"""Korea Advanced Institute of Science and Technology
(KAIST)""","""Industrial Design"""
144,magistratura,Koreya Respublikası,"""Seoul National University""","""Architecture"""
145,magistratura,Koreya Respublikası,"""Seoul National University""","""Landscape Architecture"""
146,magistratura,Koreya Respublikası,"""Seoul National University""","""Urban Design"""
147,magistratura,Koreya Respublikası,"""Sungkyunkwan University (SKKU)""","""Architecture"""
148,magistratura,Koreya Respublikası,"""Sungkyunkwan University (SKKU)""","""Landscape Architecture"""
149,magistratura,Koreya Respublikası,"""Ulsan National Institute of Science and Technology
(UNIST)""","""Urban and Environmental Engineering"""
150,magistratura,Koreya Respublikası,"""Yonsei University""","""Architectural Engineering"""
151,magistratura,Koreya Respublikası,"""Yonsei University""","""Urban and Regional Planning"""
152,magistratura,Qətər Dövləti,"""Qatar University""","""Urban Planning and Design"""
153,magistratura,Malayziya,"""Universiti Kebangsaan Malaysia""","""Architecture"""
154,magistratura,Malayziya,"""Universiti Sains Malaysia""","""Architecture"""
155,magistratura,Malayziya,"""Universiti Teknologi Malaysia""","""Architecture"""
156,magistratura,Malayziya,"""University of Malaya""","""Architecture"""
157,magistratura,Oman Sultanlığı,"""Sultan Qaboos University""","""Architectural Engineering"""
158,magistratura,Rusiya Federasiyası,"""Russian State Agrarian University - Moscow Timiryazev
Agricultural Academy""","""Land management and cadastres"""
159,magistratura,Səudiyyə Ərəbistanı,"""King Abdulaziz University""","""Urban and Regional Planning"""
160,magistratura,Sinqapur Respublikası,"""National University of Singapore""","""Industrial Design"""
161,magistratura,Sinqapur Respublikası,"""National University of Singapore""","""Landscape Architecture"""
162,magistratura,Türkiyə Respublikası,"""Bilkent University""","""Interior Architecture and Environmental Design"""
163,magistratura,Türkiyə Respublikası,"""Gazi University""","""Architecture"""
164,magistratura,Türkiyə Respublikası,"""Gazi University""","""City and Regional Planning"""
165,magistratura,Türkiyə Respublikası,"""Gazi University""","""Industrial Design"""
166,magistratura,Türkiyə Respublikası,"""Istanbul Technical University""","""Architectural Design Computing"""
167,magistratura,Türkiyə Respublikası,"""Istanbul Technical University""","""Architectural Design"""
168,magistratura,Türkiyə Respublikası,"""Istanbul Technical University""","""Interior Architecture Design"""
169,magistratura,Türkiyə Respublikası,"""Istanbul Technical University""","""Landscape Architecture"""
170,magistratura,Türkiyə Respublikası,"""Istanbul Technical University""","""Urban Design"""
171,magistratura,Türkiyə Respublikası,"""Istanbul Technical University""","""Urban Planning"""
172,magistratura,Türkiyə Respublikası,"""Middle East Technical University""","""Architecture"""
173,magistratura,Türkiyə Respublikası,"""Middle East Technical University""","""City Planning"""
174,magistratura,Türkiyə Respublikası,"""Middle East Technical University""","""Computational Design and Fabrication Technologies in Architecture"""
175,magistratura,Türkiyə Respublikası,"""Middle East Technical University""","""Industrial Design"""
176,magistratura,Türkiyə Respublikası,"""Middle East Technical University""","""Mechanical Design and Manufacturing"""
177,magistratura,Türkiyə Respublikası,"""Middle East Technical University""","""Regional Planning"""
178,magistratura,Türkiyə Respublikası,"""Middle East Technical University""","""Urban Design"""
179,magistratura,Türkiyə Respublikası,"""Middle East Technical University""","""Urban Policy Planning and Local Governments"""
180,magistratura,Yaponiya,"""Tokyo Institute of Technology""","""Architecture and Building Engineering"""
181,magistratura,Yeni Zelandiya,"""University of Auckland""","""Architecture (Professional) and Urban Design"""
182,magistratura,Yeni Zelandiya,"""University of Auckland""","""Architecture (Professional) and Urban Planning (Professional)"""
183,magistratura,Yeni Zelandiya,"""University of Auckland""","""Architecture"""
184,magistratura,Yeni Zelandiya,"""University of Auckland""","""Urban Design"""
185,magistratura,Almaniya Federativ Respublikası,"""Free University of Berlin""","""Planetary Sciences and Space Exploration"""
186,magistratura,Almaniya Federativ Respublikası,"""LMU Munich""","""Astrophysics"""
187,magistratura,Almaniya Federativ Respublikası,"""Technical University Berlin""","""Aeronautics and Astronautics"""
188,magistratura,Almaniya Federativ Respublikası,"""Technical University Berlin""","""Space Engineering"""
189,magistratura,Almaniya Federativ Respublikası,"""Technical University of Munich""","""Aerospace Engineering"""
190,magistratura,Almaniya Federativ Respublikası,"""Technical University of Munich""","""Aerospace"""
191,magistratura,Almaniya Federativ Respublikası,"""University of Tubingen""","""Astro and Particle Physics"""
192,magistratura,Amerika Birləşmiş Ştatları,"""California Institute of Technology""","""Aeronautics"""
193,magistratura,Amerika Birləşmiş Ştatları,"""California Institute of Technology""","""Space Engineering"""
194,magistratura,Amerika Birləşmiş Ştatları,"""Massachusetts Institute of Technology""","""Aeronautics and Astronautics"""
195,magistratura,Amerika Birləşmiş Ştatları,"""Princeton University""","""Mechanical and Aerospace Engineering"""
196,magistratura,Amerika Birləşmiş Ştatları,"""Stanford University""","""Aeronautics and Astronautics"""
197,magistratura,Amerika Birləşmiş Ştatları,"""University of California, Los Angeles""","""Aerospace Engineering"""
198,magistratura,Amerika Birləşmiş Ştatları,"""University of Michigan-Ann Arbor""","""Aerospace Engineering"""
199,magistratura,Avstraliya İttifaqı,"""Australian National University""","""Astronomy and Astrophysics"""
200,magistratura,Avstraliya İttifaqı,"""University of Sydney""","""Aerospace Engineering"""
201,magistratura,Birləşmiş Ərəb Əmirlikləri,"""Khalifa University""","""Aerospace Engineering"""
202,magistratura,Birləşmiş Krallıq,"""Imperial College London""","""Advanced Aeronautical Engineering"""
203,magistratura,Birləşmiş Krallıq,"""Imperial College London""","""Advanced Computational Methods for Aeronautics, Flow Management and Fluid
Structure Interaction"""
204,magistratura,Birləşmiş Krallıq,"""UCL""","""Astrophysics"""
205,magistratura,Birləşmiş Krallıq,"""University of Bristol""","""Aerial Robotics"""
206,magistratura,Birləşmiş Krallıq,"""University of Bristol""","""Aerospace Engineering"""
207,magistratura,Birləşmiş Krallıq,"""University of Cambridge""","""Astronomy"""
208,magistratura,Birləşmiş Krallıq,"""University of Cambridge""","""Astrophysics"""
209,magistratura,Birləşmiş Krallıq,"""University of Glasgow""","""Aerospace Engineering and Management"""
210,magistratura,Birləşmiş Krallıq,"""University of Glasgow""","""Aerospace Engineering"""
211,magistratura,Birləşmiş Krallıq,"""University of Glasgow""","""Astrophysics"""
212,magistratura,Birləşmiş Krallıq,"""University of Leeds""","""Aerospace Engineering"""
213,magistratura,Birləşmiş Krallıq,"""University of Manchester""","""Aerospace Engineering"""
214,magistratura,Çin Xalq Respublikası,"""Beihang University""","""Aerospace Science and Technology """
215,magistratura,Çin Xalq Respublikası,"""Harbin Institute of Technology""","""Aeronautical and Astronautical Science and Technology"""
216,magistratura,Çin Xalq Respublikası,"""Hong Kong Polytechnic University""","""Aviation Engineering"""
217,magistratura,Çin Xalq Respublikası,"""Nanjing University of Aeronautics and Astronautics""","""Aerospace Science and Technology"""
218,magistratura,Çin Xalq Respublikası,"""Shanghai Jiao Tong University""","""Astronomy"""
219,magistratura,Çin Xalq Respublikası,"""Tsinghua University""","""Aeronautical and Astronautical Science and Technology"""
220,magistratura,Çin Xalq Respublikası,"""Tsinghua University""","""Aerospace Science and Technology"""
221,magistratura,Çin Xalq Respublikası,"""University of Science and Technology of China""","""Astronomy"""
222,magistratura,Çin Xalq Respublikası,"""University of Science and Technology of China""","""Astrophysics"""
223,magistratura,Çin Xalq Respublikası,"""University of Science and Technology of China""","""Space Physics"""
224,magistratura,Çin Xalq Respublikası,"""Wuhan University""","""Space Physics"""
225,magistratura,Çin Xalq Respublikası,"""Zhejiang University""","""Aerospace Information Technology"""
226,magistratura,Çin Xalq Respublikası,"""Zhejiang University""","""Aerospace Propulsion Theory and Engineering"""
227,magistratura,Çin Xalq Respublikası,"""Zhejiang University""","""Aircraft Measurement Information Engineering"""
228,magistratura,Çin Xalq Respublikası,"""Zhejiang University""","""Manufacturing Engineering of Aerospace"""
229,magistratura,İrlandiya Respublikası,"""Dublin City University""","""Astrophysics and Relativity"""
230,magistratura,İspaniya Krallığı,"""University of Barcelona""","""Astrophysics, Particle Physics and Cosmology"""
231,magistratura,İsrail Dövləti,"""Technion Israel Institute of Technology""","""Aerospace Engineering with Thesis"""
232,magistratura,İsveç Krallığı,"""Lund University""","""Astrophysics"""
233,magistratura,İsveç Krallığı,"""Stockholm University""","""Astronomy"""
234,magistratura,İsveç Krallığı,"""Stockholm University""","""Physics, Particles and Cosmos"""
235,magistratura,İtaliya Respublikası,"""Sapienza University of Rome""","""Astronomy and Astrophysics"""
236,magistratura,İtaliya Respublikası,"""Sapienza University of Rome""","""Space and astronautical engineering"""
237,magistratura,İtaliya Respublikası,"""University of Bologna""","""Aerospace Engineering"""
238,magistratura,İtaliya Respublikası,"""University of Milan-Bicocca""","""Astrophysics and Space Physics"""
239,magistratura,İtaliya Respublikası,"""University of Pisa""","""Aerospace Engineering"""
240,magistratura,İtaliya Respublikası,"""University of Rome II- Tor Vergata""","""Astrophysics"""
241,magistratura,Koreya Respublikası,"""Korea Advanced Institute of Science and Technology
(KAIST)""","""Aerospace Engineering"""
242,magistratura,Koreya Respublikası,"""Seoul National University""","""Aerospace Engineering"""
243,magistratura,Koreya Respublikası,"""Seoul National University""","""Astronomy"""
244,magistratura,Pakistan İslam Respublikası,"""Air University""","""Aerospace Engineering"""
245,magistratura,Rusiya Federasiyası,"""ITMO University""","""Rocket Systems and Astronautics"""
246,magistratura,Rusiya Federasiyası,"""Moscow Institute of Physics and Technology (MIPT)""","""Aerodynamics"""
247,magistratura,Rusiya Federasiyası,"""National Research Nuclear University MEPhI""","""High Energy Physics and Astrophysics"""
248,magistratura,Sinqapur Respublikası,"""Nanyang Technological University, Singapore""","""Mechanical and Aerospace Engineering"""
249,magistratura,Türkiyə Respublikası,"""Istanbul Technical University""","""Aeronautics and Astronautics Engineering"""
250,magistratura,Türkiyə Respublikası,"""Istanbul Technical University""","""Satellite Communication and Remote Sensing"""
251,magistratura,Türkiyə Respublikası,"""Middle East Technical University""","""Aerospace Engineering"""
252,magistratura,Yaponiya,"""Kyoto University""","""Astronomical Observatory"""
253,magistratura,Yaponiya,"""Kyushu University""","""Aeronautics and Astronautics"""
254,magistratura,Yaponiya,"""Tohoku University""","""Mechanical and Aerospace Engineering"""
255,magistratura,Yaponiya,"""University of Tokyo""","""Aeronautics and Astronautics"""
256,magistratura,Yaponiya,"""University of Tokyo""","""Astronomy"""
257,magistratura,Yeni Zelandiya,"""University of Auckland""","""Aerospace Engineering"""
258,magistratura,Amerika Birləşmiş Ştatları,"""Carnegie Mellon University""","""Public Policy and Management"""
259,magistratura,Amerika Birləşmiş Ştatları,"""Harvard University""","""Public Administration"""
260,magistratura,Amerika Birləşmiş Ştatları,"""Harvard University""","""Public Policy"""
261,magistratura,Amerika Birləşmiş Ştatları,"""Princeton University""","""Public Policy"""
262,magistratura,Amerika Birləşmiş Ştatları,"""University of California, Berkeley""","""Public Policy"""
263,magistratura,Amerika Birləşmiş Ştatları,"""University of California, Los Angeles""","""Public Policy"""
264,magistratura,Amerika Birləşmiş Ştatları,"""University of Chicago""","""Computational Analysis and Public Policy"""
265,magistratura,Amerika Birləşmiş Ştatları,"""University of Chicago""","""Public Policy"""
266,magistratura,Amerika Birləşmiş Ştatları,"""University of Michigan-Ann Arbor""","""Public Policy"""
267,magistratura,Avstraliya İttifaqı,"""Australian National University""","""Public Policy"""
268,magistratura,Avstraliya İttifaqı,"""Monash University""","""Public Policy"""
269,magistratura,Avstraliya İttifaqı,"""University of Melbourne""","""Public Policy and Management"""
270,magistratura,Avstraliya İttifaqı,"""University of Sydney""","""Public Policy"""
271,magistratura,Birləşmiş Krallıq,"""London School of Economics and Political Science""","""Public Administration"""
272,magistratura,Birləşmiş Krallıq,"""London School of Economics and Political Science""","""Public Policy and Administration"""
273,magistratura,Birləşmiş Krallıq,"""London School of Economics and Political Science""","""Public Policy"""
274,magistratura,Birləşmiş Krallıq,"""University of Cambridge""","""Public Policy"""
275,magistratura,Birləşmiş Krallıq,"""University of Oxford""","""Public Policy"""
276,magistratura,Çin Xalq Respublikası,"""Chinese University of Hong Kong""","""Public Policy"""
277,magistratura,Çin Xalq Respublikası,"""Tsinghua University""","""Public Administration"""
278,magistratura,İspaniya Krallığı,"""University of Barcelona""","""Advanced Public Management"""
279,magistratura,İsrail Dövləti,"""University of Haifa""","""Public Administration, Public Management and Policy Studies"""
280,magistratura,İtaliya Respublikası,"""University of Brescia""","""Governance of the Public Administration"""
281,magistratura,İtaliya Respublikası,"""University of Milan""","""Administration and Public Policy"""
282,magistratura,Koreya Respublikası,"""Sungkyunkwan University (SKKU)""","""Public Administration"""
283,magistratura,Koreya Respublikası,"""Yonsei University""","""Public Administration"""
284,magistratura,Malayziya,"""Sunway University""","""Public Policy"""
285,magistratura,Rusiya Federasiyası,"""MGIMO University""","""Public Administration"""
286,magistratura,Sinqapur Respublikası,"""National University of Singapore""","""Public Policy"""
287,magistratura,Yaponiya,"""University of Tokyo""","""Public Policy"""
288,magistratura,Almaniya Federativ Respublikası,"""Technical University of Munich""","""Energy and Process Engineering"""
289,magistratura,Amerika Birləşmiş Ştatları,"""Massachusetts Institute of Technology""","""Nuclear Science and Engineering"""
290,magistratura,Amerika Birləşmiş Ştatları,"""Stanford University""","""Energy Resources Engineering"""
291,magistratura,Amerika Birləşmiş Ştatları,"""University of California, Berkeley""","""Energy and Resources"""
292,magistratura,Amerika Birləşmiş Ştatları,"""University of California, Berkeley""","""Nuclear Engineering"""
293,magistratura,Amerika Birləşmiş Ştatları,"""University of Michigan-Ann Arbor""","""Nuclear Engineering and Radiological Sciences"""
294,magistratura,Avstraliya İttifaqı,"""Australian National University""","""Energy Change"""
295,magistratura,Avstraliya İttifaqı,"""Australian National University""","""Renewable Energy"""
296,magistratura,Avstraliya İttifaqı,"""University of Queensland""","""Sustainable Energy"""
297,magistratura,Avstraliya İttifaqı,"""University of Melbourne""","""Energy Systems"""
298,magistratura,Birləşmiş Ərəb Əmirlikləri,"""Khalifa University""","""Nuclear Engineering"""
299,magistratura,Birləşmiş Ərəb Əmirlikləri,"""University of Sharjah""","""Sustainable and Renewable Energy Engineering"""
300,magistratura,Birləşmiş Krallıq,"""Imperial College London""","""Geo-Energy with Machine Learning and Data Science"""
301,magistratura,Birləşmiş Krallıq,"""Imperial College London""","""Future Power Networks"""
302,magistratura,Birləşmiş Krallıq,"""UCL""","""Energy Systems and Data Analytics"""
303,magistratura,Birləşmiş Krallıq,"""UCL""","""Smart Energy and the Built Environment"""
304,magistratura,Birləşmiş Krallıq,"""University of Birmingham""","""Electrical Power Systems"""
305,magistratura,Birləşmiş Krallıq,"""University of Bristol""","""Nuclear Science and Engineering"""
306,magistratura,Birləşmiş Krallıq,"""University of Cambridge""","""Energy Technologies"""
307,magistratura,Birləşmiş Krallıq,"""University of Cambridge""","""Nuclear Energy"""
308,magistratura,Birləşmiş Krallıq,"""University of Edinburgh""","""Electrical Power Engineering"""
309,magistratura,Birləşmiş Krallıq,"""University of Edinburgh""","""Energy, Society and Sustainability"""
310,magistratura,Birləşmiş Krallıq,"""University of Edinburgh""","""Sustainable Energy Systems"""
311,magistratura,Birləşmiş Krallıq,"""University of Glasgow""","""Nuclear and Environmental Physics"""
312,magistratura,Birləşmiş Krallıq,"""University of Glasgow""","""Sustainable Energy"""
313,magistratura,Birləşmiş Krallıq,"""University of Manchester""","""Advanced Electrical Power Systems Engineering"""
314,magistratura,Birləşmiş Krallıq,"""University of Manchester""","""Electrical Power Systems Engineering"""
315,magistratura,Birləşmiş Krallıq,"""University of Manchester""","""Geoscience for Sustainable Energy"""
316,magistratura,Birləşmiş Krallıq,"""University of Manchester""","""Renewable Energy and Clean Technology"""
317,magistratura,Birləşmiş Krallıq,"""University of Manchester""","""Subsurface Energy Engineering"""
318,magistratura,Birləşmiş Krallıq,"""University of Nottingham""","""Electrical Engineering for Sustainable and Renewable"""
319,magistratura,Birləşmiş Krallıq,"""University of Nottingham""","""Renewable Energy and Architecture"""
320,magistratura,Birləşmiş Krallıq,"""University of Nottingham""","""Sustainable Energy Engineering"""
321,magistratura,Birləşmiş Krallıq,"""University of Oxford""","""Energy Systems"""
322,magistratura,Birləşmiş Krallıq,"""University of Warwick""","""Electrical Power Engineering"""
323,magistratura,Birləşmiş Krallıq,"""University of York""","""Fusion Energy Science and Technologies"""
324,magistratura,Çin Xalq Respublikası,"""Chongqing University""","""Energy and Power"""
325,magistratura,Çin Xalq Respublikası,"""Peking University""","""Energy and Resources Engineering"""
326,magistratura,Çin Xalq Respublikası,"""Xi’an Jiaotong University""","""Building Environment and Energy"""
327,magistratura,Çin Xalq Respublikası,"""Xi’an Jiaotong University""","""Energy and Chemical Process Equipment and Safety and Reliability"""
328,magistratura,Çin Xalq Respublikası,"""Xi’an Jiaotong University""","""Green Energy and Chemical Equipment"""
329,magistratura,Çin Xalq Respublikası,"""Xi’an Jiaotong University""","""Nuclear Science and Technology"""
330,magistratura,Çin Xalq Respublikası,"""Xiamen University""","""Advanced Energy"""
331,magistratura,Çin Xalq Respublikası,"""Xiamen University""","""Nuclear Engineering"""
332,magistratura,Çin Xalq Respublikası,"""Shanghai Jiao Tong University""","""Energy and Power Engineering"""
333,magistratura,Çin Xalq Respublikası,"""Shanghai Jiao Tong University""","""Nuclear Science and Technology"""
334,magistratura,Çin Xalq Respublikası,"""Shanghai University""","""Resources and Power"""
335,magistratura,Çin Xalq Respublikası,"""Tianjin University""","""Energy Engineering"""
336,magistratura,Çin Xalq Respublikası,"""Tsinghua University""","""Energy and Power Engineering"""
337,magistratura,Çin Xalq Respublikası,"""Tsinghua University""","""Nuclear Science and Technology"""
338,magistratura,Çin Xalq Respublikası,"""University of Hong Kong""","""Energy Engineering"""
339,magistratura,Çin Xalq Respublikası,"""University of Science and Technology of China""","""Nuclear Energy Science and Engineering"""
340,magistratura,Çin Xalq Respublikası,"""University of Science and Technology of China""","""Renewable Clean Energy"""
341,magistratura,Çin Xalq Respublikası,"""University of Science and Technology of China""","""Thermal Power Engineering"""
342,magistratura,Çin Xalq Respublikası,"""Zhejiang University""","""Energy and Environmental Engineering"""
343,magistratura,Çin Xalq Respublikası,"""Zhejiang University""","""New Energy Science and Engineering"""
344,magistratura,Çin Xalq Respublikası,"""Zhejiang University""","""Thermal Power Engineering"""
345,magistratura,İrlandiya Respublikası,"""Trinity College Dublin""","""Energy Science"""
346,magistratura,İspaniya Krallığı,"""University of Barcelona""","""Nuclear Physics"""
347,magistratura,İsrail Dövləti,"""Technion Israel Institute of Technology""","""Energy Engineering"""
348,magistratura,İsrail Dövləti,"""Technion Israel Institute of Technology""","""Energy"""
349,magistratura,İsveç Krallığı,"""Lund University""","""Sustainable Energy Engineering"""
350,magistratura,İsveçrə Konfederasiyası,"""École Polytechnique Fédérale de Lausanne""","""Energy Science and Technology"""
351,magistratura,İsveçrə Konfederasiyası,"""École Polytechnique Fédérale de Lausanne""","""Nuclear Engineering"""
352,magistratura,İsveçrə Konfederasiyası,"""ETH Zurich""","""Energy Science and Technology"""
353,magistratura,İsveçrə Konfederasiyası,"""ETH Zurich""","""Nuclear Engineering"""
354,magistratura,İtaliya Respublikası,"""Free University of Bozen-Bolzano""","""Energy Engineering"""
355,magistratura,İtaliya Respublikası,"""University of Bologna""","""Electric Energy Engineering"""
356,magistratura,İtaliya Respublikası,"""University of Florence""","""Energy Engineering"""
357,magistratura,İtaliya Respublikası,"""University of Rome II- Tor Vergata""","""Energy Engineering"""
358,magistratura,İtaliya Respublikası,"""University of Trento""","""Energy Engineering"""
359,magistratura,İtaliya Respublikası,"""University of Pisa""","""Nuclear Engineering"""
360,magistratura,Koreya Respublikası,"""Daegu Gyeongbuk Institute of Science and Technology""","""Energy Science and Engineering"""
361,magistratura,Koreya Respublikası,"""Korea Advanced Institute of Science and Technology
(KAIST)""","""Nuclear and Quantum Engineering"""
362,magistratura,Koreya Respublikası,"""Pohang University of Science and Technology
(POSTECH)""","""Advanced Nuclear Engineering"""
363,magistratura,Koreya Respublikası,"""Seoul National University""","""Energy Systems Engineering"""
364,magistratura,Koreya Respublikası,"""Ulsan National Institute of Science and Technology
(UNIST)""","""Nuclear Engineering"""
365,magistratura,Koreya Respublikası,"""Yonsei University""","""Energy System Engineering"""
366,magistratura,Malayziya,"""University of Malaya""","""Renewable Energy"""
367,magistratura,Niderland Krallığı,"""Delft University of Technology""","""Sustainable Energy Technology"""
368,magistratura,Oman Sultanlığı,"""Sultan Qaboos University""","""Power System and Energy Engineering"""
369,magistratura,Rusiya Federasiyası,"""Bauman Moscow State Technical University""","""Nuclear Power and Thermal Physics"""
370,magistratura,Rusiya Federasiyası,"""ITMO University""","""Electrical Technology and Electrical Power Engineering"""
371,magistratura,Rusiya Federasiyası,"""National Research Nuclear University MEPhI""","""Nuclear Engineering"""
372,magistratura,Rusiya Federasiyası,"""National Research Nuclear University MEPhI""","""Nuclear Power Engineering"""
373,magistratura,Səudiyyə Ərəbistanı,"""King Fahd University of Petroleum and Minerals""","""Renewable Energy"""
374,magistratura,Türkiyə Respublikası,"""Ankara University""","""Energy Engineering"""
375,magistratura,Türkiyə Respublikası,"""Ege University""","""Nuclear Physics"""
376,magistratura,Türkiyə Respublikası,"""Ege University""","""Nuclear Sciences"""
377,magistratura,Türkiyə Respublikası,"""Gazi University""","""Energy Systems Engineering"""
378,magistratura,Türkiyə Respublikası,"""Istanbul Technical University""","""Energy Science and Technology"""
379,magistratura,Türkiyə Respublikası,"""Istanbul Technical University""","""Petroleum and Natural Gas Engineering"""
380,magistratura,Türkiyə Respublikası,"""Istanbul University""","""Nuclear Physics"""
381,magistratura,Türkiyə Respublikası,"""Middle East Technical University""","""Petroleum and Natural Gas Engineering"""
382,magistratura,Türkiyə Respublikası,"""Sabanci University""","""Energy Technologies and Management"""
383,magistratura,Yaponiya,"""Kyoto University""","""Energy Science"""
384,magistratura,Oman Sultanlığı,"""Sultan Qaboos University""","""Petroleum and Natural Gas Engineering"""
385,magistratura,Almaniya Federativ Respublikası,"""Free University of Berlin""","""Biodiversity, Evolution, Ecology"""
386,magistratura,Almaniya Federativ Respublikası,"""Free University of Berlin""","""Meteorology"""
387,magistratura,Almaniya Federativ Respublikası,"""LMU Munich""","""Evolution, Ecology and Systematics"""
388,magistratura,Almaniya Federativ Respublikası,"""LMU Munich""","""Meteorology"""
389,magistratura,Almaniya Federativ Respublikası,"""Technical University of Munich""","""Forestry and Wood Science"""
390,magistratura,Almaniya Federativ Respublikası,"""University of Göttingen""","""Biodiversity, Ecology and Evolution"""
391,magistratura,Almaniya Federativ Respublikası,"""University of Tubingen""","""Geoecology"""
392,magistratura,Amerika Birləşmiş Ştatları,"""California Institute of Technology""","""Environmental Science and Engineering"""
393,magistratura,Amerika Birləşmiş Ştatları,"""Columbia University""","""Earth and Environmental Engineering"""
394,magistratura,Amerika Birləşmiş Ştatları,"""Columbia University""","""Ecology, Evolution, and Conservation Biology"""
395,magistratura,Amerika Birləşmiş Ştatları,"""University of California, Berkeley""","""Forestry"""
396,magistratura,Amerika Birləşmiş Ştatları,"""University of Michigan-Ann Arbor""","""Earth and Environmental Sciences"""
397,magistratura,Amerika Birləşmiş Ştatları,"""Yale University""","""Chemical and Environmental Engineering"""
398,magistratura,Avstraliya İttifaqı,"""Australian National University""","""Environment"""
399,magistratura,Avstraliya İttifaqı,"""University of Queensland""","""Environmental Management"""
400,magistratura,Avstraliya İttifaqı,"""University of Melbourne""","""Ecosystem Management and Conservation"""
401,magistratura,Avstraliya İttifaqı,"""University of Melbourne""","""Environment"""
402,magistratura,Avstraliya İttifaqı,"""University of Melbourne""","""Environmental Science"""
403,magistratura,Avstraliya İttifaqı,"""University of Melbourne""","""Environmental Systems Engineering"""
404,magistratura,Avstraliya İttifaqı,"""University of Sydney""","""Environmental Science"""
405,magistratura,Birləşmiş Ərəb Əmirlikləri,"""United Arab Emirates University""","""Environmental Sciences and Sustainability"""
406,magistratura,Birləşmiş Krallıq,"""Imperial College London""","""Ecology, Evolution and Conservation"""
407,magistratura,Birləşmiş Krallıq,"""Imperial College London""","""Green Chemistry, Energy and the Environment"""
408,magistratura,Birləşmiş Krallıq,"""UCL""","""Ecology and Data Science"""
409,magistratura,Birləşmiş Krallıq,"""UCL""","""Environmental Systems Engineering"""
410,magistratura,Birləşmiş Krallıq,"""University of Bristol""","""Water and Environmental Management"""
411,magistratura,Birləşmiş Krallıq,"""University of Edinburgh""","""Climate Change Management"""
412,magistratura,Birləşmiş Krallıq,"""University of Glasgow""","""Ecology and Environmental Biology"""
413,magistratura,Birləşmiş Krallıq,"""University of Leeds""","""Environmental Engineering and Project Management"""
414,magistratura,Birləşmiş Krallıq,"""University of Manchester""","""Environmental Impact Assessment and Management"""
415,magistratura,Birləşmiş Krallıq,"""University of Manchester""","""Environmental Monitoring, Modelling and Reconstruction"""
416,magistratura,Birləşmiş Krallıq,"""University of Nottingham""","""Environmental Process Engineering"""
417,magistratura,Birləşmiş Krallıq,"""University of Oxford""","""Biodiversity, Conservation and Management"""
418,magistratura,Birləşmiş Krallıq,"""University of Oxford""","""Water Science, Policy and Management"""
419,magistratura,Birləşmiş Krallıq,"""University of Warwick""","""Environmental Bioscience in a Changing Climate"""
420,magistratura,Çin Xalq Respublikası,"""Beijing Normal University""","""Environmental Ecology"""
421,magistratura,Çin Xalq Respublikası,"""Beijing Normal University""","""Environmental Science"""
422,magistratura,Çin Xalq Respublikası,"""Beijing Normal University""","""Hydrology and Water Resources"""
423,magistratura,Çin Xalq Respublikası,"""Beijing University of Chemical Technology""","""Environmental Science and Engineering"""
424,magistratura,Çin Xalq Respublikası,"""Chongqing University""","""Resource and Environment"""
425,magistratura,Çin Xalq Respublikası,"""East China Normal University""","""Ecology"""
426,magistratura,Çin Xalq Respublikası,"""East China Normal University""","""Meteorology"""
427,magistratura,Çin Xalq Respublikası,"""Hong Kong Polytechnic University""","""Environmental Management and Engineering"""
428,magistratura,Çin Xalq Respublikası,"""Huazhong University of Science and Technology""","""Environmental Science and Engineering"""
429,magistratura,Çin Xalq Respublikası,"""Xi’an Jiaotong University""","""Building Environment and Cleanenergy Building Technology"""
430,magistratura,Çin Xalq Respublikası,"""Xi’an Jiaotong University""","""Environmental Science and Engineering"""
431,magistratura,Çin Xalq Respublikası,"""Xiamen University""","""Ecology"""
432,magistratura,Çin Xalq Respublikası,"""Xiamen University""","""Environmental Science"""
433,magistratura,Çin Xalq Respublikası,"""Shanghai Jiao Tong University""","""Environmental Science and Engineering"""
434,magistratura,Çin Xalq Respublikası,"""Shanghai Jiao Tong University""","""Resource and Environment"""
435,magistratura,Çin Xalq Respublikası,"""Shanghai University""","""Resources and Environment"""
436,magistratura,Çin Xalq Respublikası,"""Tianjin University""","""Environmental Sciences"""
437,magistratura,Çin Xalq Respublikası,"""Tsinghua University""","""Earth Resources and Environment"""
438,magistratura,Çin Xalq Respublikası,"""Tsinghua University""","""Environmental Science and Engineering"""
439,magistratura,Çin Xalq Respublikası,"""University of Hong Kong""","""Environmental Management"""
440,magistratura,Çin Xalq Respublikası,"""University of Science and Technology of China""","""Ecology"""
441,magistratura,Çin Xalq Respublikası,"""University of Science and Technology of China""","""Environmental Science and Engineering"""
442,magistratura,Çin Xalq Respublikası,"""Wuhan University""","""Ecology"""
443,magistratura,Çin Xalq Respublikası,"""Wuhan University""","""Environmental Science"""
444,magistratura,Çin Xalq Respublikası,"""Wuhan University""","""Hydrology and Water Resources Engineering"""
445,magistratura,Çin Xalq Respublikası,"""Zhejiang University""","""Ecology"""
446,magistratura,Çin Xalq Respublikası,"""Zhejiang University""","""Environmental Science"""
447,magistratura,Çin Xalq Respublikası,"""Zhejiang University""","""Mineralogy, Petrology, Mineral Deposit Geology"""
448,magistratura,Çin Xalq Respublikası,"""Zhejiang University""","""Resource Exploration and Geophysics"""
449,magistratura,Çin Xalq Respublikası,"""Zhejiang University""","""Resource Environment and Regional Planning"""
450,magistratura,Çin Xalq Respublikası,"""Zhejiang University""","""Utilization and Protection of Water Resources"""
451,magistratura,Finlandiya Respublikası,"""University of Helsinki""","""Ecology and Evolutionary Biology"""
452,magistratura,İrlandiya Respublikası,"""University College Dublin""","""Environmental Policy"""
453,magistratura,İrlandiya Respublikası,"""University College Dublin""","""Sustainable Energy and Green Technologies"""
454,magistratura,İspaniya Krallığı,"""Universitat Autònoma de Barcelona (UAB)""","""Biological and Environmental Engineering"""
455,magistratura,İspaniya Krallığı,"""Universitat Autònoma de Barcelona (UAB)""","""Interdisciplinary Studies in Environmental, Economic and Social Sustainability"""
456,magistratura,İspaniya Krallığı,"""Universitat Autònoma de Barcelona (UAB)""","""Mineral Resources and Geological Hazards"""
457,magistratura,İspaniya Krallığı,"""Universitat Autònoma de Barcelona (UAB)""","""Soil and Water Management"""
458,magistratura,İspaniya Krallığı,"""University of Barcelona""","""Biodiversity"""
459,magistratura,İspaniya Krallığı,"""University of Barcelona""","""Ecology, Environmental Management and Restoration"""
460,magistratura,İspaniya Krallığı,"""University of Barcelona""","""Environmental Agrobiology"""
461,magistratura,İspaniya Krallığı,"""University of Barcelona""","""Meteorology"""
462,magistratura,İspaniya Krallığı,"""University of Barcelona""","""Spatial Planning and Environmental Management"""
463,magistratura,İsrail Dövləti,"""Ben-Gurion University of the Negev""","""Geological and Environmental Sciences"""
464,magistratura,İsrail Dövləti,"""University of Haifa""","""Environmental Intelligence"""
465,magistratura,İsveç Krallığı,"""Stockholm University""","""Ecology and Biodiversity"""
466,magistratura,İsveç Krallığı,"""Stockholm University""","""Environmental Management and Physical Planning"""
467,magistratura,İsveç Krallığı,"""Stockholm University""","""Environmental Science - Environmental Toxicology and Chemistry"""
468,magistratura,İsveç Krallığı,"""Stockholm University""","""Environmental Social Science"""
469,magistratura,İsveç Krallığı,"""Stockholm University""","""Landscape Ecology"""
470,magistratura,İsveçrə Konfederasiyası,"""École Polytechnique Fédérale de Lausanne""","""Environmental Sciences and Engineering"""
471,magistratura,İsveçrə Konfederasiyası,"""ETH Zurich""","""Environmental Sciences"""
472,magistratura,İsveçrə Konfederasiyası,"""ETH Zurich""","""Atmospheric and Climate Science"""
473,magistratura,İsveçrə Konfederasiyası,"""University of Bern""","""Ecology and Evolution"""
474,magistratura,İsveçrə Konfederasiyası,"""University of Lausanne""","""Environmental Sciences"""
475,magistratura,İsveçrə Konfederasiyası,"""University of Zurich""","""Quantitative Environmental Sciences"""
476,magistratura,İtaliya Respublikası,"""Free University of Bozen-Bolzano""","""Environmental Management of Mountain Areas"""
477,magistratura,İtaliya Respublikası,"""Polytechnic University of Milan""","""Transformative sustainability"""
478,magistratura,İtaliya Respublikası,"""University of Florence""","""Conservation and Restoration Sciences and Materials"""
479,magistratura,İtaliya Respublikası,"""University of Florence""","""Wildlife and Environmental Resources Science and Management"""
480,magistratura,İtaliya Respublikası,"""University of Milan""","""Environmental Change and Global Sustainability"""
481,magistratura,İtaliya Respublikası,"""University of Milan""","""Sustainable natural resource management"""
482,magistratura,İtaliya Respublikası,"""University of Pavia""","""Biodiversity conservation, science education and communication"""
483,magistratura,Koreya Respublikası,"""Chung-Ang University""","""Plant Science and Technology"""
484,magistratura,Koreya Respublikası,"""Seoul National University""","""Chemical Convergence for Energy and Environment"""
485,magistratura,Koreya Respublikası,"""Seoul National University""","""Earth and Environmental Sciences"""
486,magistratura,Koreya Respublikası,"""Seoul National University""","""Entomology"""
487,magistratura,Koreya Respublikası,"""Seoul National University""","""Environmental Materials Science"""
488,magistratura,Koreya Respublikası,"""Seoul National University""","""Environmental Planning"""
489,magistratura,Koreya Respublikası,"""Ulsan National Institute of Science and Technology
(UNIST)""","""Carbon Neutrality"""
490,magistratura,Malayziya,"""Universiti Kebangsaan Malaysia""","""Environmental Assessment and Monitoring"""
491,magistratura,Niderland Krallığı,"""Wageningen University & Research""","""Climate Studies"""
492,magistratura,Niderland Krallığı,"""Wageningen University & Research""","""Environmental Sciences"""
493,magistratura,Niderland Krallığı,"""Wageningen University & Research""","""Geo-Information Science"""
494,magistratura,Oman Sultanlığı,"""Sultan Qaboos University""","""Environmental Science"""
495,magistratura,Pakistan İslam Respublikası,"""Quaid-i-Azam University""","""Environmental Sciences"""
496,magistratura,Polşa,"""Poznan University of Life Sciences""","""Forestry"""
497,magistratura,Rusiya Federasiyası,"""Lomonosov Moscow State University""","""Ecology and Environmental Management"""
498,magistratura,Rusiya Federasiyası,"""Lomonosov Moscow State University""","""Hydrometeorology"""
499,magistratura,Rusiya Federasiyası,"""National Research Nuclear University MEPhI""","""Radioecology and Radiation Protection"""
500,magistratura,Rusiya Federasiyası,"""Russian State Agrarian University - Moscow Timiryazev
Agricultural Academy""","""Ecology and environmental management"""
501,magistratura,Rusiya Federasiyası,"""Russian State Agrarian University - Moscow Timiryazev
Agricultural Academy""","""Environmental engineering and water management"""
502,magistratura,Rusiya Federasiyası,"""Russian State Agrarian University - Moscow Timiryazev
Agricultural Academy""","""Forestry"""
503,magistratura,Rusiya Federasiyası,"""Russian State Agrarian University - Moscow Timiryazev
Agricultural Academy""","""Hydrometeorology"""
504,magistratura,Tayland Krallığı,"""Chulalongkorn University""","""Environment, Development and Sustainability"""
505,magistratura,Türkiyə Respublikası,"""Istanbul Technical University""","""Environmental Sciences and Engineering"""
506,magistratura,Yaponiya,"""Kyushu University""","""Earth Resources Engineering"""
507,magistratura,Yaponiya,"""Nagoya University""","""Earth and Environmental Sciences"""
508,magistratura,Yaponiya,"""University of Tokyo""","""Bio-environmental Engineering"""
509,magistratura,Yaponiya,"""University of Tokyo""","""Earth and Planetary Environmental Science"""
510,magistratura,Yaponiya,"""University of Tsukuba""","""Environmental Sciences"""
511,magistratura,Almaniya Federativ Respublikası,"""Free University of Berlin""","""Biochemistry"""
512,magistratura,Almaniya Federativ Respublikası,"""Free University of Berlin""","""Bioinformatics"""
513,magistratura,Almaniya Federativ Respublikası,"""Free University of Berlin""","""Biology"""
514,magistratura,Almaniya Federativ Respublikası,"""Free University of Berlin""","""Chemistry"""
515,magistratura,Almaniya Federativ Respublikası,"""Free University of Berlin""","""Geological Sciences"""
516,magistratura,Almaniya Federativ Respublikası,"""Free University of Berlin""","""Mathematics"""
517,magistratura,Almaniya Federativ Respublikası,"""Heidelberg University""","""Biology"""
518,magistratura,Almaniya Federativ Respublikası,"""Heidelberg University""","""Chemistry"""
519,magistratura,Almaniya Federativ Respublikası,"""Heidelberg University""","""Earth Sciences"""
520,magistratura,Almaniya Federativ Respublikası,"""Heidelberg University""","""Medical Biometry/Biostatistics"""
521,magistratura,Almaniya Federativ Respublikası,"""Heidelberg University""","""Molecular Biosciences"""
522,magistratura,Almaniya Federativ Respublikası,"""Heidelberg University""","""Molecular Biotechnology"""
523,magistratura,Almaniya Federativ Respublikası,"""Heidelberg University""","""Physics"""
524,magistratura,Almaniya Federativ Respublikası,"""Humboldt University of Berlin""","""Biophysics"""
525,magistratura,Almaniya Federativ Respublikası,"""Humboldt University of Berlin""","""Chemistry"""
526,magistratura,Almaniya Federativ Respublikası,"""Humboldt University of Berlin""","""Quantitative Molecular Biology"""
527,magistratura,Almaniya Federativ Respublikası,"""Humboldt University of Berlin""","""Mathematics"""
528,magistratura,Almaniya Federativ Respublikası,"""Humboldt University of Berlin""","""Physics"""
529,magistratura,Almaniya Federativ Respublikası,"""LMU Munich""","""Biochemistry"""
530,magistratura,Almaniya Federativ Respublikası,"""LMU Munich""","""Geomaterials and Geochemistry"""
531,magistratura,Almaniya Federativ Respublikası,"""LMU Munich""","""Geophysics"""
532,magistratura,Almaniya Federativ Respublikası,"""LMU Munich""","""Molecular and Cellular Biology"""
533,magistratura,Almaniya Federativ Respublikası,"""LMU Munich""","""Physics"""
534,magistratura,Almaniya Federativ Respublikası,"""LMU Munich""","""Theoretical and Mathematical Physics"""
535,magistratura,Almaniya Federativ Respublikası,"""RWTH Aachen University""","""Applied Geophysics"""
536,magistratura,Almaniya Federativ Respublikası,"""RWTH Aachen University""","""Applied Geosciences"""
537,magistratura,Almaniya Federativ Respublikası,"""RWTH Aachen University""","""Biology"""
538,magistratura,Almaniya Federativ Respublikası,"""RWTH Aachen University""","""Chemistry"""
539,magistratura,Almaniya Federativ Respublikası,"""RWTH Aachen University""","""Mathematics"""
540,magistratura,Almaniya Federativ Respublikası,"""RWTH Aachen University""","""Molecular and Applied Biotechnology"""
541,magistratura,Almaniya Federativ Respublikası,"""RWTH Aachen University""","""Physics"""
542,magistratura,Almaniya Federativ Respublikası,"""Technical University Berlin""","""Biological Chemistry"""
543,magistratura,Almaniya Federativ Respublikası,"""Technical University Berlin""","""Biotechnology"""
544,magistratura,Almaniya Federativ Respublikası,"""Technical University Berlin""","""Chemistry"""
545,magistratura,Almaniya Federativ Respublikası,"""Technical University Berlin""","""Mathematics"""
546,magistratura,Almaniya Federativ Respublikası,"""Technical University Berlin""","""Physics"""
547,magistratura,Almaniya Federativ Respublikası,"""Technical University of Munich""","""Biochemistry"""
548,magistratura,Almaniya Federativ Respublikası,"""Technical University of Munich""","""Bioinformatics"""
549,magistratura,Almaniya Federativ Respublikası,"""Technical University of Munich""","""Biology"""
550,magistratura,Almaniya Federativ Respublikası,"""Technical University of Munich""","""Chemical Biotechnology"""
551,magistratura,Almaniya Federativ Respublikası,"""Technical University of Munich""","""Chemistry"""
552,magistratura,Almaniya Federativ Respublikası,"""Technical University of Munich""","""Geodesy and Geoinformation"""
553,magistratura,Almaniya Federativ Respublikası,"""Technical University of Munich""","""Industrial Biotechnology"""
554,magistratura,Almaniya Federativ Respublikası,"""Technical University of Munich""","""Mathematics"""
555,magistratura,Almaniya Federativ Respublikası,"""Technical University of Munich""","""Molecular Biotechnology"""
556,magistratura,Almaniya Federativ Respublikası,"""Technical University of Munich""","""Physics (Applied and Engineering Physics)"""
557,magistratura,Almaniya Federativ Respublikası,"""Technical University of Munich""","""Physics (Biophysics)"""
558,magistratura,Almaniya Federativ Respublikası,"""University of Göttingen""","""Chemistry"""
559,magistratura,Almaniya Federativ Respublikası,"""University of Göttingen""","""Computational Biology and Bioinformatics"""
560,magistratura,Almaniya Federativ Respublikası,"""University of Göttingen""","""Developmental, Neural and Behavioral Biology"""
561,magistratura,Almaniya Federativ Respublikası,"""University of Göttingen""","""Geoscience"""
562,magistratura,Almaniya Federativ Respublikası,"""University of Göttingen""","""Mathematics"""
563,magistratura,Almaniya Federativ Respublikası,"""University of Göttingen""","""Molecular Biology"""
564,magistratura,Almaniya Federativ Respublikası,"""University of Göttingen""","""Physics"""
565,magistratura,Almaniya Federativ Respublikası,"""University of Hamburg""","""Bioinformatics"""
566,magistratura,Almaniya Federativ Respublikası,"""University of Hamburg""","""Biology"""
567,magistratura,Almaniya Federativ Respublikası,"""University of Hamburg""","""Chemistry"""
568,magistratura,Almaniya Federativ Respublikası,"""University of Hamburg""","""Geophysics"""
569,magistratura,Almaniya Federativ Respublikası,"""University of Hamburg""","""Industrial Mathematics"""
570,magistratura,Almaniya Federativ Respublikası,"""University of Hamburg""","""Mathematical Physics"""
571,magistratura,Almaniya Federativ Respublikası,"""University of Hamburg""","""Mathematics"""
572,magistratura,Almaniya Federativ Respublikası,"""University of Hamburg""","""Physics"""
573,magistratura,Almaniya Federativ Respublikası,"""University of Tubingen""","""Advanced Quantum Physics"""
574,magistratura,Almaniya Federativ Respublikası,"""University of Tubingen""","""Biochemistry"""
575,magistratura,Almaniya Federativ Respublikası,"""University of Tubingen""","""Bioinformatics"""
576,magistratura,Almaniya Federativ Respublikası,"""University of Tubingen""","""Chemistry"""
577,magistratura,Almaniya Federativ Respublikası,"""University of Tubingen""","""Geosciences"""
578,magistratura,Almaniya Federativ Respublikası,"""University of Tubingen""","""Mathematical Physics"""
579,magistratura,Almaniya Federativ Respublikası,"""University of Tubingen""","""Mathematics"""
580,magistratura,Almaniya Federativ Respublikası,"""University of Tubingen""","""Microbiology"""
581,magistratura,Almaniya Federativ Respublikası,"""University of Tubingen""","""Physics"""
582,magistratura,Amerika Birləşmiş Ştatları,"""California Institute of Technology""","""Biology"""
583,magistratura,Amerika Birləşmiş Ştatları,"""California Institute of Technology""","""Chemistry"""
584,magistratura,Amerika Birləşmiş Ştatları,"""California Institute of Technology""","""Materials Science"""
585,magistratura,Amerika Birləşmiş Ştatları,"""California Institute of Technology""","""Mathematics"""
586,magistratura,Amerika Birləşmiş Ştatları,"""California Institute of Technology""","""Physics"""
587,magistratura,Amerika Birləşmiş Ştatları,"""Carnegie Mellon University""","""Materials Science"""
588,magistratura,Amerika Birləşmiş Ştatları,"""Columbia University""","""Biotechnology"""
589,magistratura,Amerika Birləşmiş Ştatları,"""Cornell University""","""Biostatistics and Data Science"""
590,magistratura,Amerika Birləşmiş Ştatları,"""Harvard University""","""Biology"""
591,magistratura,Amerika Birləşmiş Ştatları,"""Johns Hopkins University""","""Applied Biomedical Engineering"""
592,magistratura,Amerika Birləşmiş Ştatları,"""Johns Hopkins University""","""Biochemistry and Molecular Biology"""
593,magistratura,Amerika Birləşmiş Ştatları,"""Johns Hopkins University""","""Bioengineering Innovation and Design"""
594,magistratura,Amerika Birləşmiş Ştatları,"""Johns Hopkins University""","""Biostatistics"""
595,magistratura,Amerika Birləşmiş Ştatları,"""Johns Hopkins University""","""Molecular Microbiology and Immunology"""
596,magistratura,Amerika Birləşmiş Ştatları,"""Massachusetts Institute of Technology""","""Biological Engineering"""
597,magistratura,Amerika Birləşmiş Ştatları,"""Massachusetts Institute of Technology""","""Earth, Atmospheric and Planetary Sciences"""
598,magistratura,Amerika Birləşmiş Ştatları,"""Massachusetts Institute of Technology""","""Geophysics"""
599,magistratura,Amerika Birləşmiş Ştatları,"""Massachusetts Institute of Technology""","""Mathematics"""
600,magistratura,Amerika Birləşmiş Ştatları,"""Stanford University""","""Applied Physics"""
601,magistratura,Amerika Birləşmiş Ştatları,"""Stanford University""","""Bioengineering"""
602,magistratura,Amerika Birləşmiş Ştatları,"""Stanford University""","""Earth Systems"""
603,magistratura,Amerika Birləşmiş Ştatları,"""Stanford University""","""Geological Sciences"""
604,magistratura,Amerika Birləşmiş Ştatları,"""University of California, Berkeley""","""Bioengineering"""
605,magistratura,Amerika Birləşmiş Ştatları,"""University of California, Berkeley""","""Biostatistics"""
606,magistratura,Amerika Birləşmiş Ştatları,"""University of California, Berkeley""","""Metabolic Biology"""
607,magistratura,Amerika Birləşmiş Ştatları,"""University of California, Los Angeles""","""Bioengineering"""
608,magistratura,Amerika Birləşmiş Ştatları,"""University of California, Los Angeles""","""Bioinformatics"""
609,magistratura,Amerika Birləşmiş Ştatları,"""University of California, Los Angeles""","""Bioscience"""
610,magistratura,Amerika Birləşmiş Ştatları,"""University of California, Los Angeles""","""Biostatistics"""
611,magistratura,Amerika Birləşmiş Ştatları,"""University of California, Los Angeles""","""Geology"""
612,magistratura,Amerika Birləşmiş Ştatları,"""University of California, Los Angeles""","""Geophysics and Space Physics"""
613,magistratura,Amerika Birləşmiş Ştatları,"""University of California, Los Angeles""","""Microbiology, Immunology, and Molecular Genetics"""
614,magistratura,Amerika Birləşmiş Ştatları,"""University of California, Los Angeles""","""Molecular, Cell, and Developmental Biology"""
615,magistratura,Amerika Birləşmiş Ştatları,"""University of California San Diego""","""Physics"""
616,magistratura,Amerika Birləşmiş Ştatları,"""University of Michigan-Ann Arbor""","""Bioinformatics"""
617,magistratura,Amerika Birləşmiş Ştatları,"""University of Michigan-Ann Arbor""","""Biological Chemistry"""
618,magistratura,Amerika Birləşmiş Ştatları,"""University of Michigan-Ann Arbor""","""Biostatistics"""
619,magistratura,Amerika Birləşmiş Ştatları,"""University of Michigan-Ann Arbor""","""Biostatistics: Health Data Science"""
620,magistratura,Amerika Birləşmiş Ştatları,"""University of Michigan-Ann Arbor""","""Chemical Sciences"""
621,magistratura,Amerika Birləşmiş Ştatları,"""University of Michigan-Ann Arbor""","""Mathematics"""
622,magistratura,Amerika Birləşmiş Ştatları,"""University of Michigan-Ann Arbor""","""Molecular, Cellular, and Developmental Biology"""
623,magistratura,Amerika Birləşmiş Ştatları,"""University of Pennsylvania""","""Applied Geosciences"""
624,magistratura,Amerika Birləşmiş Ştatları,"""University of Pennsylvania""","""Bioengineering"""
625,magistratura,Amerika Birləşmiş Ştatları,"""University of Pennsylvania""","""Biotechnology"""
626,magistratura,Amerika Birləşmiş Ştatları,"""University of Pennsylvania""","""Chemical Sciences"""
627,magistratura,Amerika Birləşmiş Ştatları,"""University of Pennsylvania""","""Mathematics"""
628,magistratura,Amerika Birləşmiş Ştatları,"""University of Pennsylvania""","""Nanotechnology"""
629,magistratura,Amerika Birləşmiş Ştatları,"""University of Washington""","""Applied Bioengineering"""
630,magistratura,Amerika Birləşmiş Ştatları,"""Yale University""","""Applied Physics"""
631,magistratura,Amerika Birləşmiş Ştatları,"""Yale University""","""Biostatistics"""
632,magistratura,Avstraliya İttifaqı,"""Australian National University""","""Biological Sciences"""
633,magistratura,Avstraliya İttifaqı,"""Australian National University""","""Biotechnology"""
634,magistratura,Avstraliya İttifaqı,"""Australian National University""","""Earth Sciences"""
635,magistratura,Avstraliya İttifaqı,"""Australian National University""","""Quantitative Biology and Bioinformatics"""
636,magistratura,Avstraliya İttifaqı,"""Monash University""","""Biotechnology"""
637,magistratura,Avstraliya İttifaqı,"""Monash University""","""Green Chemistry and Sustainable Technologies"""
638,magistratura,Avstraliya İttifaqı,"""Monash University""","""Mathematics"""
639,magistratura,Avstraliya İttifaqı,"""University of Adelaide""","""Bioinformatics"""
640,magistratura,Avstraliya İttifaqı,"""University of Adelaide""","""Biotechnology"""
641,magistratura,Avstraliya İttifaqı,"""University of Queensland""","""Bioengineering"""
642,magistratura,Avstraliya İttifaqı,"""University of Queensland""","""Bioinformatics"""
643,magistratura,Avstraliya İttifaqı,"""University of Queensland""","""Biotechnology"""
644,magistratura,Avstraliya İttifaqı,"""University of Queensland""","""Conservation Biology"""
645,magistratura,Avstraliya İttifaqı,"""University of Queensland""","""Mathematics"""
646,magistratura,Avstraliya İttifaqı,"""University of Queensland""","""Molecular Biology"""
647,magistratura,Avstraliya İttifaqı,"""University of Queensland""","""Physics"""
648,magistratura,Avstraliya İttifaqı,"""University of Queensland""","""Synthetic Biology and Industrial Biotechnology"""
649,magistratura,Avstraliya İttifaqı,"""University of Melbourne""","""Biotechnology"""
650,magistratura,Avstraliya İttifaqı,"""University of Sydney""","""Biostatistics"""
651,magistratura,Avstraliya İttifaqı,"""University of Sydney""","""Mathematical Sciences"""
652,magistratura,Avstraliya İttifaqı,"""University of Western Australia""","""Biological Science"""
653,magistratura,Avstraliya İttifaqı,"""University of Western Australia""","""Biotechnology"""
654,magistratura,Avstraliya İttifaqı,"""University of Western Australia""","""Energy Geoscience"""
655,magistratura,Avstraliya İttifaqı,"""University of Western Australia""","""Geoscience"""
656,magistratura,Avstraliya İttifaqı,"""University of Western Australia""","""Physics"""
657,magistratura,Avstriya Respublikası,"""University of Vienna""","""Biological Chemistry"""
658,magistratura,Avstriya Respublikası,"""University of Vienna""","""Chemistry and Materials Technology"""
659,magistratura,Avstriya Respublikası,"""University of Vienna""","""Chemistry"""
660,magistratura,Avstriya Respublikası,"""University of Vienna""","""Evolutionary Systems Biology"""
661,magistratura,Avstriya Respublikası,"""University of Vienna""","""Molecular Biology Molecular Microbiology"""
662,magistratura,Avstriya Respublikası,"""University of Vienna""","""Physics"""
663,magistratura,Birləşmiş Ərəb Əmirlikləri,"""Khalifa University""","""Petroleum Geosciences"""
664,magistratura,Birləşmiş Ərəb Əmirlikləri,"""United Arab Emirates University""","""Geosciences"""
665,magistratura,Birləşmiş Ərəb Əmirlikləri,"""United Arab Emirates University""","""Mathematics"""
666,magistratura,Birləşmiş Ərəb Əmirlikləri,"""United Arab Emirates University""","""Molecular Biology and Biotechnology"""
667,magistratura,Birləşmiş Ərəb Əmirlikləri,"""United Arab Emirates University""","""Physics"""
668,magistratura,Birləşmiş Krallıq,"""Imperial College London""","""Advanced Materials for Sustainable Infrastructure"""
669,magistratura,Birləşmiş Krallıq,"""Imperial College London""","""Advanced Materials Science and Engineering"""
670,magistratura,Birləşmiş Krallıq,"""Imperial College London""","""Advanced Molecular Synthesis"""
671,magistratura,Birləşmiş Krallıq,"""Imperial College London""","""Applied Biosciences and Biotechnology"""
672,magistratura,Birləşmiş Krallıq,"""Imperial College London""","""Applied Mathematics"""
673,magistratura,Birləşmiş Krallıq,"""Imperial College London""","""Bioengineering"""
674,magistratura,Birləşmiş Krallıq,"""Imperial College London""","""Bioinformatics and Theoretical Systems Biology"""
675,magistratura,Birləşmiş Krallıq,"""Imperial College London""","""Biological and Physical Chemistry"""
676,magistratura,Birləşmiş Krallıq,"""Imperial College London""","""Chemical Biology and BioEntrepreneurship"""
677,magistratura,Birləşmiş Krallıq,"""Imperial College London""","""Human and Biological Robotics"""
678,magistratura,Birləşmiş Krallıq,"""Imperial College London""","""Molecular and Cellular Biosciences"""
679,magistratura,Birləşmiş Krallıq,"""Imperial College London""","""Molecular Plant and Microbial Sciences"""
680,magistratura,Birləşmiş Krallıq,"""Imperial College London""","""Physics"""
681,magistratura,Birləşmiş Krallıq,"""Imperial College London""","""Reproductive and Developmental Biology"""
682,magistratura,Birləşmiş Krallıq,"""Imperial College London""","""Statistics (Biostatistics)"""
683,magistratura,Birləşmiş Krallıq,"""King’s College London""","""Physics"""
684,magistratura,Birləşmiş Krallıq,"""Queen Mary University of London""","""Advanced Materials Science and Engineering"""
685,magistratura,Birləşmiş Krallıq,"""Queen Mary University of London""","""Organ on a Chip Technologies"""
686,magistratura,Birləşmiş Krallıq,"""Queen Mary University of London""","""Mathematics"""
687,magistratura,Birləşmiş Krallıq,"""Queen Mary University of London""","""Physics (Euromasters)"""
688,magistratura,Birləşmiş Krallıq,"""London School of Economics and Political Science""","""Applicable Mathematics"""
689,magistratura,Birləşmiş Krallıq,"""UCL""","""Applied Analytical Chemistry"""
690,magistratura,Birləşmiş Krallıq,"""UCL""","""Biochemical Engineering"""
691,magistratura,Birləşmiş Krallıq,"""UCL""","""Materials and Molecular Modelling"""
692,magistratura,Birləşmiş Krallıq,"""UCL""","""Physics"""
693,magistratura,Birləşmiş Krallıq,"""University of Birmingham""","""Applied Mathematics"""
694,magistratura,Birləşmiş Krallıq,"""University of Birmingham""","""Bioinformatics"""
695,magistratura,Birləşmiş Krallıq,"""University of Birmingham""","""Molecular Biotechnology"""
696,magistratura,Birləşmiş Krallıq,"""University of Bristol""","""Bioinformatics"""
697,magistratura,Birləşmiş Krallıq,"""University of Bristol""","""Chemistry"""
698,magistratura,Birləşmiş Krallıq,"""University of Bristol""","""Mathematical Sciences"""
699,magistratura,Birləşmiş Krallıq,"""University of Bristol""","""Physics"""
700,magistratura,Birləşmiş Krallıq,"""University of Cambridge""","""Applied Mathematics"""
701,magistratura,Birləşmiş Krallıq,"""University of Cambridge""","""Biological Science (Biochemistry)"""
702,magistratura,Birləşmiş Krallıq,"""University of Cambridge""","""Biological Science (Stem Cell Biology)"""
703,magistratura,Birləşmiş Krallıq,"""University of Cambridge""","""Biotechnology"""
704,magistratura,Birləşmiş Krallıq,"""University of Cambridge""","""Chemistry"""
705,magistratura,Birləşmiş Krallıq,"""University of Cambridge""","""Earth Sciences"""
706,magistratura,Birləşmiş Krallıq,"""University of Cambridge""","""Physics"""
707,magistratura,Birləşmiş Krallıq,"""University of Cambridge""","""Pure Mathematics"""
708,magistratura,Birləşmiş Krallıq,"""University of Edinburgh""","""Analytical Chemistry"""
709,magistratura,Birləşmiş Krallıq,"""University of Edinburgh""","""Biochemistry"""
710,magistratura,Birləşmiş Krallıq,"""University of Edinburgh""","""Bioinformatics"""
711,magistratura,Birləşmiş Krallıq,"""University of Edinburgh""","""Material Chemistry"""
712,magistratura,Birləşmiş Krallıq,"""University of Edinburgh""","""Mathematical Physics"""
713,magistratura,Birləşmiş Krallıq,"""University of Edinburgh""","""Medicinal and Biological Chemistry"""
714,magistratura,Birləşmiş Krallıq,"""University of Edinburgh""","""Theoretical Physics"""
715,magistratura,Birləşmiş Krallıq,"""University of Glasgow""","""Bioinformatics"""
716,magistratura,Birləşmiş Krallıq,"""University of Glasgow""","""Biotechnology"""
717,magistratura,Birləşmiş Krallıq,"""University of Glasgow""","""Chemistry"""
718,magistratura,Birləşmiş Krallıq,"""University of Glasgow""","""Mathematics / Applied Mathematics"""
719,magistratura,Birləşmiş Krallıq,"""University of Glasgow""","""Theoretical Physics"""
720,magistratura,Birləşmiş Krallıq,"""University of Leeds""","""Mathematics"""
721,magistratura,Birləşmiş Krallıq,"""University of Leeds""","""Physics"""
722,magistratura,Birləşmiş Krallıq,"""University of Manchester""","""Bioinformatics and Systems Biology"""
723,magistratura,Birləşmiş Krallıq,"""University of Manchester""","""Biological Sciences"""
724,magistratura,Birləşmiş Krallıq,"""University of Manchester""","""Biomaterials"""
725,magistratura,Birləşmiş Krallıq,"""University of Manchester""","""Chemistry"""
726,magistratura,Birləşmiş Krallıq,"""University of Manchester""","""Developmental Biology"""
727,magistratura,Birləşmiş Krallıq,"""University of Manchester""","""Geographical Information Science"""
728,magistratura,Birləşmiş Krallıq,"""University of Manchester""","""Pure Mathematics and Mathematical Logic"""
729,magistratura,Birləşmiş Krallıq,"""University of Manchester""","""Pure Mathematics"""
730,magistratura,Birləşmiş Krallıq,"""University of Nottingham""","""Advanced Materials"""
731,magistratura,Birləşmiş Krallıq,"""University of Nottingham""","""Bioengineering"""
732,magistratura,Birləşmiş Krallıq,"""University of Nottingham""","""Bioinformatics"""
733,magistratura,Birləşmiş Krallıq,"""University of Nottingham""","""Biotechnology"""
734,magistratura,Birləşmiş Krallıq,"""University of Oxford""","""Biochemistry"""
735,magistratura,Birləşmiş Krallıq,"""University of Oxford""","""Materials"""
736,magistratura,Birləşmiş Krallıq,"""University of Oxford""","""Mathematical Sciences"""
737,magistratura,Birləşmiş Krallıq,"""University of Sheffield""","""Biochemical Engineering with Industrial Management"""
738,magistratura,Birləşmiş Krallıq,"""University of Sheffield""","""Biological and Bioprocess Engineering"""
739,magistratura,Birləşmiş Krallıq,"""University of Southampton""","""Advanced Biological Science"""
740,magistratura,Birləşmiş Krallıq,"""University of Southampton""","""Chemistry"""
741,magistratura,Birləşmiş Krallıq,"""University of Southampton""","""Electrochemistry and Battery Technologies"""
742,magistratura,Birləşmiş Krallıq,"""University of Warwick""","""Analytical and Polymer Science"""
743,magistratura,Birləşmiş Krallıq,"""University of Warwick""","""Mathematics"""
744,magistratura,Birləşmiş Krallıq,"""University of Warwick""","""Polymer Chemistry"""
745,magistratura,Birləşmiş Krallıq,"""University of Warwick""","""Polymer Science"""
746,magistratura,Birləşmiş Krallıq,"""University of York""","""Bioinformatics"""
747,magistratura,Birləşmiş Krallıq,"""University of York""","""Biotechnology"""
748,magistratura,Birləşmiş Krallıq,"""University of York""","""Chemistry"""
749,magistratura,Birləşmiş Krallıq,"""University of York""","""Mathematical Science"""
750,magistratura,Çin Xalq Respublikası,"""Beihang University""","""Chemistry"""
751,magistratura,Çin Xalq Respublikası,"""Beihang University""","""Geophysics"""
752,magistratura,Çin Xalq Respublikası,"""Beihang University""","""Mathematics"""
753,magistratura,Çin Xalq Respublikası,"""Beihang University""","""Physics"""
754,magistratura,Çin Xalq Respublikası,"""Beijing Normal University""","""Analytical Chemistry"""
755,magistratura,Çin Xalq Respublikası,"""Beijing Normal University""","""Inorganic Chemistry"""
756,magistratura,Çin Xalq Respublikası,"""Beijing Normal University""","""Organic Chemistry"""
757,magistratura,Çin Xalq Respublikası,"""Beijing Normal University""","""Physical Chemistry"""
758,magistratura,Çin Xalq Respublikası,"""Beijing University of Chemical Technology""","""Bioengineering"""
759,magistratura,Çin Xalq Respublikası,"""Beijing University of Chemical Technology""","""Chemical Science and Engineering"""
760,magistratura,Çin Xalq Respublikası,"""Beijing University of Chemical Technology""","""Chemistry"""
761,magistratura,Çin Xalq Respublikası,"""Beijing University of Chemical Technology""","""Mathematics"""
762,magistratura,Çin Xalq Respublikası,"""Beijing University of Chemical Technology""","""Physics"""
763,magistratura,Çin Xalq Respublikası,"""Chinese University of Hong Kong""","""Biochemical and Biomedical Sciences"""
764,magistratura,Çin Xalq Respublikası,"""Chinese University of Hong Kong""","""Mathematics"""
765,magistratura,Çin Xalq Respublikası,"""Chinese University of Hong Kong""","""Physics"""
766,magistratura,Çin Xalq Respublikası,"""Harbin Institute of Technology""","""Chemistry"""
767,magistratura,Çin Xalq Respublikası,"""Hong Kong University of Science and Technology""","""Analytical Chemistry"""
768,magistratura,Çin Xalq Respublikası,"""Hong Kong University of Science and Technology""","""Biotechnology"""
769,magistratura,Çin Xalq Respublikası,"""Hong Kong University of Science and Technology""","""Physics"""
770,magistratura,Çin Xalq Respublikası,"""Huazhong University of Science and Technology""","""Biochemistry and Molecular Biology"""
771,magistratura,Çin Xalq Respublikası,"""Huazhong University of Science and Technology""","""Chemistry"""
772,magistratura,Çin Xalq Respublikası,"""Huazhong University of Science and Technology""","""Microbiology"""
773,magistratura,Çin Xalq Respublikası,"""Hunan University""","""Mathematics"""
774,magistratura,Çin Xalq Respublikası,"""Hunan University""","""Physics"""
775,magistratura,Çin Xalq Respublikası,"""Xi’an Jiaotong University""","""Applied Chemistry"""
776,magistratura,Çin Xalq Respublikası,"""Xi’an Jiaotong University""","""Biology"""
777,magistratura,Çin Xalq Respublikası,"""Xi’an Jiaotong University""","""Chemistry"""
778,magistratura,Çin Xalq Respublikası,"""Xiamen University""","""Biochemical Engineering"""
779,magistratura,Çin Xalq Respublikası,"""Xiamen University""","""Biology"""
780,magistratura,Çin Xalq Respublikası,"""Xiamen University""","""Chemical Biology"""
781,magistratura,Çin Xalq Respublikası,"""Xiamen University""","""Materials Physics and Chemistry"""
782,magistratura,Çin Xalq Respublikası,"""Northwestern Polytechnical University""","""Applied Chemistry"""
783,magistratura,Çin Xalq Respublikası,"""Northwestern Polytechnical University""","""Chemistry"""
784,magistratura,Çin Xalq Respublikası,"""Northwestern Polytechnical University""","""Materials Science"""
785,magistratura,Çin Xalq Respublikası,"""Northwestern Polytechnical University""","""Mathematics"""
786,magistratura,Çin Xalq Respublikası,"""Peking University""","""Earth and Space Sciences"""
787,magistratura,Çin Xalq Respublikası,"""Peking University""","""Mathematical Sciences"""
788,magistratura,Çin Xalq Respublikası,"""Peking University""","""Physics"""
789,magistratura,Çin Xalq Respublikası,"""Shanghai Jiao Tong University""","""Bioengineering"""
790,magistratura,Çin Xalq Respublikası,"""Shanghai Jiao Tong University""","""Biology"""
791,magistratura,Çin Xalq Respublikası,"""Shanghai Jiao Tong University""","""Marine Science"""
792,magistratura,Çin Xalq Respublikası,"""Shanghai Jiao Tong University""","""Physics"""
793,magistratura,Çin Xalq Respublikası,"""Shanghai University""","""Biology"""
794,magistratura,Çin Xalq Respublikası,"""Shanghai University""","""Chemistry"""
795,magistratura,Çin Xalq Respublikası,"""Shanghai University""","""Mathematics"""
796,magistratura,Çin Xalq Respublikası,"""Shanghai University""","""Physics"""
797,magistratura,Çin Xalq Respublikası,"""Shanghai University""","""Polymeric Chemistry and Physics"""
798,magistratura,Çin Xalq Respublikası,"""Shenzhen University""","""Mathematics"""
799,magistratura,Çin Xalq Respublikası,"""Sichuan University""","""Applied Chemistry"""
800,magistratura,Çin Xalq Respublikası,"""Sichuan University""","""Biochemical Engineering"""
801,magistratura,Çin Xalq Respublikası,"""Sichuan University""","""Chemical Technology"""
802,magistratura,Çin Xalq Respublikası,"""Southern Medical University""","""Biology"""
803,magistratura,Çin Xalq Respublikası,"""Southern University of Science and Technology
(SUSTech)""","""Biology"""
804,magistratura,Çin Xalq Respublikası,"""Southern University of Science and Technology
(SUSTech)""","""Chemistry"""
805,magistratura,Çin Xalq Respublikası,"""Southern University of Science and Technology
(SUSTech)""","""Physics"""
806,magistratura,Çin Xalq Respublikası,"""Tianjin University""","""Applied Chemistry"""
807,magistratura,Çin Xalq Respublikası,"""Tianjin University""","""Biochemical Engineering"""
808,magistratura,Çin Xalq Respublikası,"""Tianjin University""","""Marine Biology"""
809,magistratura,Çin Xalq Respublikası,"""Tianjin University""","""Materials Physics and Chemistry"""
810,magistratura,Çin Xalq Respublikası,"""University of Electronic Science and Technology of China""","""Mathematics"""
811,magistratura,Çin Xalq Respublikası,"""University of Electronic Science and Technology of China""","""Physics"""
812,magistratura,Çin Xalq Respublikası,"""University of Hong Kong""","""Physics"""
813,magistratura,Çin Xalq Respublikası,"""University of Science and Technology of China""","""Analytical Chemistry"""
814,magistratura,Çin Xalq Respublikası,"""University of Science and Technology of China""","""Applied Chemistry"""
815,magistratura,Çin Xalq Respublikası,"""University of Science and Technology of China""","""Applied Mathematics"""
816,magistratura,Çin Xalq Respublikası,"""University of Science and Technology of China""","""Atom and Molecule Physics"""
817,magistratura,Çin Xalq Respublikası,"""University of Science and Technology of China""","""Biochemistry and Molecular Biology"""
818,magistratura,Çin Xalq Respublikası,"""University of Science and Technology of China""","""Biological Engineering Mechanics"""
819,magistratura,Çin Xalq Respublikası,"""University of Science and Technology of China""","""Biological Mathematics"""
820,magistratura,Çin Xalq Respublikası,"""University of Science and Technology of China""","""Biophysics"""
821,magistratura,Çin Xalq Respublikası,"""University of Science and Technology of China""","""Cell Biology"""
822,magistratura,Çin Xalq Respublikası,"""University of Science and Technology of China""","""Chemical Biology"""
823,magistratura,Çin Xalq Respublikası,"""University of Science and Technology of China""","""Chemistry"""
824,magistratura,Çin Xalq Respublikası,"""University of Science and Technology of China""","""Computing Mathematics"""
825,magistratura,Çin Xalq Respublikası,"""University of Science and Technology of China""","""Energy Chemistry"""
826,magistratura,Çin Xalq Respublikası,"""University of Science and Technology of China""","""Fundamental Mathematics"""
827,magistratura,Çin Xalq Respublikası,"""University of Science and Technology of China""","""Quantum Information Physics"""
828,magistratura,Çin Xalq Respublikası,"""University of Science and Technology of China""","""Macromolecular Chemistry and Physics"""
829,magistratura,Çin Xalq Respublikası,"""University of Science and Technology of China""","""Material Chemistry"""
830,magistratura,Çin Xalq Respublikası,"""University of Science and Technology of China""","""Material Physics and Chemistry"""
831,magistratura,Çin Xalq Respublikası,"""University of Science and Technology of China""","""Mathematics"""
832,magistratura,Çin Xalq Respublikası,"""University of Science and Technology of China""","""Microbiology"""
833,magistratura,Çin Xalq Respublikası,"""University of Science and Technology of China""","""Nanochemistry"""
834,magistratura,Çin Xalq Respublikası,"""University of Science and Technology of China""","""Particle Physics and Nucleus Physics"""
835,magistratura,Çin Xalq Respublikası,"""University of Science and Technology of China""","""Physical Chemistry"""
836,magistratura,Çin Xalq Respublikası,"""University of Science and Technology of China""","""Physics"""
837,magistratura,Çin Xalq Respublikası,"""University of Science and Technology of China""","""Plasma Physics"""
838,magistratura,Çin Xalq Respublikası,"""University of Science and Technology of China""","""Theoretical Physics"""
839,magistratura,Çin Xalq Respublikası,"""Wuhan University""","""Applied Chemistry"""
840,magistratura,Çin Xalq Respublikası,"""Wuhan University""","""Applied Mathematics"""
841,magistratura,Çin Xalq Respublikası,"""Wuhan University""","""Computational Mathematics"""
842,magistratura,Çin Xalq Respublikası,"""Wuhan University""","""Material Physics and Chemistry"""
843,magistratura,Çin Xalq Respublikası,"""Wuhan University""","""Physical Chemistry"""
844,magistratura,Çin Xalq Respublikası,"""Wuhan University""","""Physical Electronics"""
845,magistratura,Çin Xalq Respublikası,"""Wuhan University""","""Solid Earth Physics"""
846,magistratura,Çin Xalq Respublikası,"""Wuhan University""","""Theoretical Physics"""
847,magistratura,Çin Xalq Respublikası,"""Zhejiang University""","""Analytical Chemistry"""
848,magistratura,Çin Xalq Respublikası,"""Zhejiang University""","""Applied Mathematics"""
849,magistratura,Çin Xalq Respublikası,"""Zhejiang University""","""Atomic and Molecular Physics"""
850,magistratura,Çin Xalq Respublikası,"""Zhejiang University""","""Biochemical Engineering"""
851,magistratura,Çin Xalq Respublikası,"""Zhejiang University""","""Bioinformatics"""
852,magistratura,Çin Xalq Respublikası,"""Zhejiang University""","""Biosystems Engineering"""
853,magistratura,Çin Xalq Respublikası,"""Zhejiang University""","""Chemistry and Physics of Polymers"""
854,magistratura,Çin Xalq Respublikası,"""Zhejiang University""","""Fundamental Mathematics"""
855,magistratura,Çin Xalq Respublikası,"""Zhejiang University""","""Geochemistry"""
856,magistratura,Çin Xalq Respublikası,"""Zhejiang University""","""Materials Physics and Chemistry"""
857,magistratura,Çin Xalq Respublikası,"""Zhejiang University""","""Organic Chemistry"""
858,magistratura,Çin Xalq Respublikası,"""Zhejiang University""","""Particle Physics and Nuclear Physics"""
859,magistratura,Çin Xalq Respublikası,"""Zhejiang University""","""Physical Chemistry"""
860,magistratura,Çin Xalq Respublikası,"""Zhejiang University""","""Structural Geology"""
861,magistratura,Çin Xalq Respublikası,"""Zhejiang University""","""Theoretical Physics"""
862,magistratura,Finlandiya Respublikası,"""University of Helsinki""","""Chemistry and Molecular Sciences"""
863,magistratura,Finlandiya Respublikası,"""University of Helsinki""","""Geology and Geophysics"""
864,magistratura,Finlandiya Respublikası,"""University of Helsinki""","""Microbiology and Microbial Biotechnology"""
865,magistratura,İrlandiya Respublikası,"""University of Galway""","""Applied Mathematics"""
866,magistratura,İrlandiya Respublikası,"""University of Galway""","""Biotechnology"""
867,magistratura,İspaniya Krallığı,"""Universitat Autònoma de Barcelona (UAB)""","""Advanced Biotechnology"""
868,magistratura,İspaniya Krallığı,"""Universitat Autònoma de Barcelona (UAB)""","""Advanced Genetics"""
869,magistratura,İspaniya Krallığı,"""Universitat Autònoma de Barcelona (UAB)""","""Advanced Immunology"""
870,magistratura,İspaniya Krallığı,"""Universitat Autònoma de Barcelona (UAB)""","""Advanced Nanoscience and Nanotechnology"""
871,magistratura,İspaniya Krallığı,"""Universitat Autònoma de Barcelona (UAB)""","""Applied Microbiology"""
872,magistratura,İspaniya Krallığı,"""Universitat Autònoma de Barcelona (UAB)""","""Biochemistry, Molecular Biology and Biomedicine"""
873,magistratura,İspaniya Krallığı,"""Universitat Autònoma de Barcelona (UAB)""","""Bioinformatics"""
874,magistratura,İspaniya Krallığı,"""Universitat Autònoma de Barcelona (UAB)""","""Quantum Science and Technology"""
875,magistratura,İspaniya Krallığı,"""Universitat Autònoma de Barcelona (UAB)""","""Neurosciences"""
876,magistratura,İspaniya Krallığı,"""University of Barcelona""","""Advanced Mathematics"""
877,magistratura,İspaniya Krallığı,"""University of Barcelona""","""Advanced Microbiology"""
878,magistratura,İspaniya Krallığı,"""University of Barcelona""","""Analytical Chemistry"""
879,magistratura,İspaniya Krallığı,"""University of Barcelona""","""Applied Materials Chemistry"""
880,magistratura,İspaniya Krallığı,"""University of Barcelona""","""Bioinformatics for health sciences"""
881,magistratura,İspaniya Krallığı,"""University of Barcelona""","""Molecular Biotechnology"""
882,magistratura,İspaniya Krallığı,"""University of Barcelona""","""Organic Chemistry"""
883,magistratura,İsrail Dövləti,"""Bar-Ilan University""","""Biotechnology"""
884,magistratura,İsrail Dövləti,"""Bar-Ilan University""","""Physics"""
885,magistratura,İsrail Dövləti,"""Ben-Gurion University of the Negev""","""Chemistry"""
886,magistratura,İsrail Dövləti,"""Ben-Gurion University of the Negev""","""Mathematics"""
887,magistratura,İsrail Dövləti,"""Ben-Gurion University of the Negev""","""Physics"""
888,magistratura,İsrail Dövləti,"""Technion Israel Institute of Technology""","""Biology"""
889,magistratura,İsrail Dövləti,"""Technion Israel Institute of Technology""","""Biotechnology"""
890,magistratura,İsrail Dövləti,"""Technion Israel Institute of Technology""","""Chemistry"""
891,magistratura,İsrail Dövləti,"""University of Haifa""","""Marine Biology"""
892,magistratura,İsrail Dövləti,"""University of Haifa""","""Marine Geosciences"""
893,magistratura,İsrail Dövləti,"""Weizmann Institute of Science""","""Chemical Sciences"""
894,magistratura,İsrail Dövləti,"""Weizmann Institute of Science""","""Physical Sciences"""
895,magistratura,İsveç Krallığı,"""Lund University""","""Bioinformatics"""
896,magistratura,İsveç Krallığı,"""Lund University""","""Biology"""
897,magistratura,İsveç Krallığı,"""Lund University""","""Biotechnology"""
898,magistratura,İsveç Krallığı,"""Lund University""","""Chemistry"""
899,magistratura,İsveç Krallığı,"""Lund University""","""Geology"""
900,magistratura,İsveç Krallığı,"""Lund University""","""Mathematics"""
901,magistratura,İsveç Krallığı,"""Lund University""","""Physics"""
902,magistratura,İsveç Krallığı,"""Stockholm University""","""Analytical Chemistry"""
903,magistratura,İsveç Krallığı,"""Stockholm University""","""Biology"""
904,magistratura,İsveç Krallığı,"""Stockholm University""","""Geological Science"""
905,magistratura,İsveç Krallığı,"""Stockholm University""","""Mathematics"""
906,magistratura,İsveç Krallığı,"""Stockholm University""","""Microbiology"""
907,magistratura,İsveç Krallığı,"""Stockholm University""","""Physics, General Physics"""
908,magistratura,İsveç Krallığı,"""Stockholm University""","""Sustainable Chemistry"""
909,magistratura,İsveç Krallığı,"""Stockholm University""","""Theoretical Physics"""
910,magistratura,İsveç Krallığı,"""Uppsala University""","""Analytical Chemistry"""
911,magistratura,İsveç Krallığı,"""Uppsala University""","""Applied Biotechnology"""
912,magistratura,İsveç Krallığı,"""Uppsala University""","""Bioinformatics"""
913,magistratura,İsveç Krallığı,"""Uppsala University""","""Biology"""
914,magistratura,İsveç Krallığı,"""Uppsala University""","""Biophysics"""
915,magistratura,İsveç Krallığı,"""Uppsala University""","""Earth Science"""
916,magistratura,İsveç Krallığı,"""Uppsala University""","""Mathematics"""
917,magistratura,İsveçrə Konfederasiyası,"""École Polytechnique Fédérale de Lausanne""","""Applied Mathematics"""
918,magistratura,İsveçrə Konfederasiyası,"""École Polytechnique Fédérale de Lausanne""","""Applied Physics"""
919,magistratura,İsveçrə Konfederasiyası,"""École Polytechnique Fédérale de Lausanne""","""Quantum Science and Engineering"""
920,magistratura,İsveçrə Konfederasiyası,"""École Polytechnique Fédérale de Lausanne""","""Mathematics"""
921,magistratura,İsveçrə Konfederasiyası,"""École Polytechnique Fédérale de Lausanne""","""Molecular and Biological Chemistry"""
922,magistratura,İsveçrə Konfederasiyası,"""École Polytechnique Fédérale de Lausanne""","""Physics"""
923,magistratura,İsveçrə Konfederasiyası,"""ETH Zurich""","""Applied Geophysics"""
924,magistratura,İsveçrə Konfederasiyası,"""ETH Zurich""","""Biology"""
925,magistratura,İsveçrə Konfederasiyası,"""ETH Zurich""","""Biotechnology"""
926,magistratura,İsveçrə Konfederasiyası,"""ETH Zurich""","""Chemical and Bioengineering"""
927,magistratura,İsveçrə Konfederasiyası,"""ETH Zurich""","""Chemistry"""
928,magistratura,İsveçrə Konfederasiyası,"""ETH Zurich""","""Computational Biology and Bioinformatics"""
929,magistratura,İsveçrə Konfederasiyası,"""ETH Zurich""","""Earth Sciences"""
930,magistratura,İsveçrə Konfederasiyası,"""ETH Zurich""","""Mathematics/Applied Mathematics"""
931,magistratura,İsveçrə Konfederasiyası,"""ETH Zurich""","""Physics"""
932,magistratura,İsveçrə Konfederasiyası,"""University of Basel""","""Chemistry"""
933,magistratura,İsveçrə Konfederasiyası,"""University of Basel""","""Mathematics"""
934,magistratura,İsveçrə Konfederasiyası,"""University of Basel""","""Molecular Biology"""
935,magistratura,İsveçrə Konfederasiyası,"""University of Basel""","""Physics"""
936,magistratura,İsveçrə Konfederasiyası,"""University of Bern""","""Chemistry and Molecular Sciences"""
937,magistratura,İsveçrə Konfederasiyası,"""University of Bern""","""Mathematics"""
938,magistratura,İsveçrə Konfederasiyası,"""University of Bern""","""Physics"""
939,magistratura,İsveçrə Konfederasiyası,"""University of Lausanne""","""Earth Sciences"""
940,magistratura,İsveçrə Konfederasiyası,"""University of Zurich""","""Biochemistry"""
941,magistratura,İsveçrə Konfederasiyası,"""University of Zurich""","""Bioinformatics"""
942,magistratura,İsveçrə Konfederasiyası,"""University of Zurich""","""Biology"""
943,magistratura,İsveçrə Konfederasiyası,"""University of Zurich""","""Biostatistics"""
944,magistratura,İsveçrə Konfederasiyası,"""University of Zurich""","""Chemical and Molecular Sciences"""
945,magistratura,İsveçrə Konfederasiyası,"""University of Zurich""","""Chemistry"""
946,magistratura,İsveçrə Konfederasiyası,"""University of Zurich""","""Computational Biology and Bioinformatics"""
947,magistratura,İsveçrə Konfederasiyası,"""University of Zurich""","""Earth System Science"""
948,magistratura,İsveçrə Konfederasiyası,"""University of Zurich""","""Mathematics"""
949,magistratura,İsveçrə Konfederasiyası,"""University of Zurich""","""Physics"""
950,magistratura,İtaliya Respublikası,"""Sant'Anna School of Advanced Studies-Pisa""","""Bionics Engineering"""
951,magistratura,İtaliya Respublikası,"""Sapienza University of Rome""","""Biochemistry"""
952,magistratura,İtaliya Respublikası,"""Sapienza University of Rome""","""Physics"""
953,magistratura,İtaliya Respublikası,"""University of Bologna""","""Bioinformatics"""
954,magistratura,İtaliya Respublikası,"""University of Bologna""","""Molecular and Cell Biology"""
955,magistratura,İtaliya Respublikası,"""University of Florence""","""Advanced Molecular Sciences"""
956,magistratura,İtaliya Respublikası,"""University of Florence""","""Biotechnology for Environmental Management and Sustainable Agriculture"""
957,magistratura,İtaliya Respublikası,"""University of Florence""","""Chemical Sciences"""
958,magistratura,İtaliya Respublikası,"""University of Florence""","""Mathematics"""
959,magistratura,İtaliya Respublikası,"""University of Florence""","""Molecular and Applied Biology"""
960,magistratura,İtaliya Respublikası,"""University of Florence""","""Molecular Biotechnology"""
961,magistratura,İtaliya Respublikası,"""University of Milan""","""Applied Biology in Nutritional Sciences"""
962,magistratura,İtaliya Respublikası,"""University of Milan""","""Biodiversity and Evolutionary Biology"""
963,magistratura,İtaliya Respublikası,"""University of Milan""","""Bioinformatics for Computational Genomics"""
964,magistratura,İtaliya Respublikası,"""University of Milan""","""Biology Applied to Research in Biomedicine"""
965,magistratura,İtaliya Respublikası,"""University of Milan""","""Earth Sciences"""
966,magistratura,İtaliya Respublikası,"""University of Milan""","""Geophysics"""
967,magistratura,İtaliya Respublikası,"""University of Milan""","""Quantitative Biology"""
968,magistratura,İtaliya Respublikası,"""University of Milan""","""Molecular Biology of the Cell"""
969,magistratura,İtaliya Respublikası,"""University of Milan""","""Molecular Biotechnology and Bioinformatics"""
970,magistratura,İtaliya Respublikası,"""University of Milan""","""Pharmaceutical Biotechnology"""
971,magistratura,İtaliya Respublikası,"""University of Milan-Bicocca""","""Mathematics"""
972,magistratura,İtaliya Respublikası,"""University of Milan-Bicocca""","""Physics"""
973,magistratura,İtaliya Respublikası,"""University of Naples-Federico II""","""Quantum Science and Engineering"""
974,magistratura,İtaliya Respublikası,"""University of Pavia""","""Advanced biotechnology"""
975,magistratura,İtaliya Respublikası,"""University of Pavia""","""Bioengineering"""
976,magistratura,İtaliya Respublikası,"""University of Pavia""","""Chemistry"""
977,magistratura,İtaliya Respublikası,"""University of Pavia""","""Experimental and Applied Biology"""
978,magistratura,İtaliya Respublikası,"""University of Pavia""","""Geosciences for sustainable development"""
979,magistratura,İtaliya Respublikası,"""University of Pavia""","""Mathematics"""
980,magistratura,İtaliya Respublikası,"""University of Pavia""","""Molecular biology and genetics"""
981,magistratura,İtaliya Respublikası,"""University of Pavia""","""Neurobiology"""
982,magistratura,İtaliya Respublikası,"""University of Pavia""","""Physical Sciences"""
983,magistratura,İtaliya Respublikası,"""University of Pisa""","""Biotechnologies and Applied Artificial Intelligence for Health"""
984,magistratura,İtaliya Respublikası,"""University of Rome II- Tor Vergata""","""Bioinformatics"""
985,magistratura,İtaliya Respublikası,"""University of Rome II- Tor Vergata""","""Chemistry for Nano-Engineering"""
986,magistratura,İtaliya Respublikası,"""University of Rome II- Tor Vergata""","""Chemistry"""
987,magistratura,İtaliya Respublikası,"""University of Rome II- Tor Vergata""","""Molecular and Cellular Biology and Biomedical Sciences"""
988,magistratura,İtaliya Respublikası,"""University of Rome II- Tor Vergata""","""Physics of Fundamental Interactions and Experimental Techniques"""
989,magistratura,İtaliya Respublikası,"""University of Rome II- Tor Vergata""","""Physics"""
990,magistratura,İtaliya Respublikası,"""University of Rome II- Tor Vergata""","""Pure and Applied Mathematics"""
991,magistratura,İtaliya Respublikası,"""University of Rome II- Tor Vergata""","""Science in Biotechnology"""
992,magistratura,İtaliya Respublikası,"""University of Siena""","""Applied Mathematics"""
993,magistratura,İtaliya Respublikası,"""University of Siena""","""Chemistry"""
994,magistratura,İtaliya Respublikası,"""University of Trento""","""Mathematics"""
995,magistratura,İtaliya Respublikası,"""University of Trento""","""Physics"""
996,magistratura,Koreya Respublikası,"""Chung-Ang University""","""Advanced Materials Engineering"""
997,magistratura,Koreya Respublikası,"""Chung-Ang University""","""Chemistry"""
998,magistratura,Koreya Respublikası,"""Chung-Ang University""","""Mathematics"""
999,magistratura,Koreya Respublikası,"""Chung-Ang University""","""Physics"""
1000,magistratura,Koreya Respublikası,"""Chung-Ang University""","""Systems Biotechnology"""
1001,magistratura,Koreya Respublikası,"""Daegu Gyeongbuk Institute of Science and Technology""","""Biology"""
1002,magistratura,Koreya Respublikası,"""Daegu Gyeongbuk Institute of Science and Technology""","""Physics and Chemistry"""
1003,magistratura,Koreya Respublikası,"""Gwangju Institute of Science and Technology (GIST)""","""Chemistry"""
1004,magistratura,Koreya Respublikası,"""Gwangju Institute of Science and Technology (GIST)""","""Physics and Photon Science"""
1005,magistratura,Koreya Respublikası,"""Hanyang University""","""Advanced Materials Engineering"""
1006,magistratura,Koreya Respublikası,"""Hanyang University""","""Advanced Technology and Convergence"""
1007,magistratura,Koreya Respublikası,"""Hanyang University""","""Applied Physics"""
1008,magistratura,Koreya Respublikası,"""Hanyang University""","""Bionanotechnology"""
1009,magistratura,Koreya Respublikası,"""Korea Advanced Institute of Science and Technology
(KAIST)""","""Biological Sciences"""
1010,magistratura,Koreya Respublikası,"""Korea Advanced Institute of Science and Technology
(KAIST)""","""Chemistry"""
1011,magistratura,Koreya Respublikası,"""Korea Advanced Institute of Science and Technology
(KAIST)""","""Mathematical Sciences"""
1012,magistratura,Koreya Respublikası,"""Korea Advanced Institute of Science and Technology
(KAIST)""","""Nanoscience and Technology"""
1013,magistratura,Koreya Respublikası,"""Korea Advanced Institute of Science and Technology
(KAIST)""","""Physics"""
1014,magistratura,Koreya Respublikası,"""Pohang University of Science and Technology
(POSTECH)""","""Chemistry"""
1015,magistratura,Koreya Respublikası,"""Pohang University of Science and Technology
(POSTECH)""","""Mathematics"""
1016,magistratura,Koreya Respublikası,"""Pohang University of Science and Technology
(POSTECH)""","""Physics"""
1017,magistratura,Koreya Respublikası,"""Seoul National University""","""Animal Science and Biotechnology"""
1018,magistratura,Koreya Respublikası,"""Seoul National University""","""Applied Life Chemistry"""
1019,magistratura,Koreya Respublikası,"""Seoul National University""","""Bioengineering"""
1020,magistratura,Koreya Respublikası,"""Seoul National University""","""Bioinformatics"""
1021,magistratura,Koreya Respublikası,"""Seoul National University""","""Biological Sciences"""
1022,magistratura,Koreya Respublikası,"""Seoul National University""","""Biomaterials Engineering"""
1023,magistratura,Koreya Respublikası,"""Seoul National University""","""Biophysics and Chemical Biology"""
1024,magistratura,Koreya Respublikası,"""Seoul National University""","""Biosystems Engineering"""
1025,magistratura,Koreya Respublikası,"""Seoul National University""","""Chemistry"""
1026,magistratura,Koreya Respublikası,"""Seoul National University""","""Earth Science Education"""
1027,magistratura,Koreya Respublikası,"""Seoul National University""","""Geography"""
1028,magistratura,Koreya Respublikası,"""Seoul National University""","""Mathematical Sciences"""
1029,magistratura,Koreya Respublikası,"""Seoul National University""","""Physics"""
1030,magistratura,Koreya Respublikası,"""Seoul National University""","""Plant Microbiology"""
1031,magistratura,Koreya Respublikası,"""Seoul National University""","""Stem Cell Biology"""
1032,magistratura,Koreya Respublikası,"""Sungkyunkwan University (SKKU)""","""Advanced Materials Sciences and Engineering"""
1033,magistratura,Koreya Respublikası,"""Sungkyunkwan University (SKKU)""","""Biological Sciences"""
1034,magistratura,Koreya Respublikası,"""Sungkyunkwan University (SKKU)""","""Biomechatronic Engineering"""
1035,magistratura,Koreya Respublikası,"""Sungkyunkwan University (SKKU)""","""Chemistry"""
1036,magistratura,Koreya Respublikası,"""Sungkyunkwan University (SKKU)""","""Integrative Biotechnology"""
1037,magistratura,Koreya Respublikası,"""Sungkyunkwan University (SKKU)""","""Mathematics"""
1038,magistratura,Koreya Respublikası,"""Sungkyunkwan University (SKKU)""","""Physics"""
1039,magistratura,Koreya Respublikası,"""Ulsan National Institute of Science and Technology
(UNIST)""","""Biological Sciences"""
1040,magistratura,Koreya Respublikası,"""Ulsan National Institute of Science and Technology
(UNIST)""","""Chemistry"""
1041,magistratura,Koreya Respublikası,"""Ulsan National Institute of Science and Technology
(UNIST)""","""Mathematical Science"""
1042,magistratura,Koreya Respublikası,"""Ulsan National Institute of Science and Technology
(UNIST)""","""Physics"""
1043,magistratura,Malayziya,"""Sunway University""","""Applied Mathematics"""
1044,magistratura,Malayziya,"""Sunway University""","""Mathematical Sciences"""
1045,magistratura,Malayziya,"""Universiti Kebangsaan Malaysia""","""Applied Physics"""
1046,magistratura,Malayziya,"""Universiti Kebangsaan Malaysia""","""Biochemical Engineering"""
1047,magistratura,Malayziya,"""Universiti Kebangsaan Malaysia""","""Chemistry"""
1048,magistratura,Malayziya,"""Universiti Kebangsaan Malaysia""","""Conservation Biology"""
1049,magistratura,Malayziya,"""Universiti Sains Malaysia""","""Teaching of Mathematics"""
1050,magistratura,Malayziya,"""Universiti Utara Malaysia""","""Mathematics"""
1051,magistratura,Malayziya,"""University of Malaya""","""Biotechnology"""
1052,magistratura,Malayziya,"""University of Malaya""","""Instrumental Analytical Chemistry"""
1053,magistratura,Niderland Krallığı,"""Wageningen University & Research""","""Bioinformatics and Systems Biology"""
1054,magistratura,Niderland Krallığı,"""Wageningen University & Research""","""Biology"""
1055,magistratura,Niderland Krallığı,"""Wageningen University & Research""","""Biosystems Engineering"""
1056,magistratura,Niderland Krallığı,"""Wageningen University & Research""","""Biotechnology"""
1057,magistratura,Niderland Krallığı,"""Wageningen University & Research""","""Molecular Life Sciences"""
1058,magistratura,Oman Sultanlığı,"""Sultan Qaboos University""","""Applied Mathematics"""
1059,magistratura,Oman Sultanlığı,"""Sultan Qaboos University""","""Biology"""
1060,magistratura,Oman Sultanlığı,"""Sultan Qaboos University""","""Chemistry"""
1061,magistratura,Oman Sultanlığı,"""Sultan Qaboos University""","""Physics"""
1062,magistratura,Oman Sultanlığı,"""Sultan Qaboos University""","""Pure Mathematics"""
1063,magistratura,Pakistan İslam Respublikası,"""Air University""","""Applied Physics"""
1064,magistratura,Pakistan İslam Respublikası,"""Air University""","""Mathematics"""
1065,magistratura,Pakistan İslam Respublikası,"""Capital University of Science and Technology""","""Biosciences"""
1066,magistratura,Pakistan İslam Respublikası,"""Quaid-i-Azam University""","""Biochemistry"""
1067,magistratura,Rusiya Federasiyası,"""Bauman Moscow State Technical University""","""Applied Mathematics"""
1068,magistratura,Rusiya Federasiyası,"""Bauman Moscow State Technical University""","""Technical Physics"""
1069,magistratura,Rusiya Federasiyası,"""ITMO University""","""Applied Optics"""
1070,magistratura,Rusiya Federasiyası,"""ITMO University""","""Applied Physics"""
1071,magistratura,Rusiya Federasiyası,"""ITMO University""","""Biotechnology"""
1072,magistratura,Rusiya Federasiyası,"""ITMO University""","""Physics and Technology of Nanostructures"""
1073,magistratura,Rusiya Federasiyası,"""Lomonosov Moscow State University""","""Applied Mathematics and Physics"""
1074,magistratura,Rusiya Federasiyası,"""Lomonosov Moscow State University""","""Biology"""
1075,magistratura,Rusiya Federasiyası,"""Lomonosov Moscow State University""","""Chemistry"""
1076,magistratura,Rusiya Federasiyası,"""Lomonosov Moscow State University""","""Fundamental and Applied Biology"""
1077,magistratura,Rusiya Federasiyası,"""Lomonosov Moscow State University""","""Geology"""
1078,magistratura,Rusiya Federasiyası,"""Lomonosov Moscow State University""","""Chemistry, Physics, and Mechanics of Materials"""
1079,magistratura,Rusiya Federasiyası,"""Lomonosov Moscow State University""","""Mechanics and Mathematics"""
1080,magistratura,Rusiya Federasiyası,"""Lomonosov Moscow State University""","""Physics"""
1081,magistratura,Rusiya Federasiyası,"""Lomonosov Moscow State University""","""Structural Biology and Biotechnology"""
1082,magistratura,Rusiya Federasiyası,"""Moscow Institute of Physics and Technology (MIPT)""","""Applied mathematics and Informatics"""
1083,magistratura,Rusiya Federasiyası,"""Moscow Institute of Physics and Technology (MIPT)""","""Applied mathematics"""
1084,magistratura,Rusiya Federasiyası,"""Novosibirsk State Agrarian University""","""Aquatic bioresources and aquaculture"""
1085,magistratura,Rusiya Federasiyası,"""Saint Petersburg State University""","""Applied Physics and Mathematics"""
1086,magistratura,Sinqapur Respublikası,"""Nanyang Technological University, Singapore""","""Biological Sciences"""
1087,magistratura,Sinqapur Respublikası,"""Nanyang Technological University, Singapore""","""Chemistry"""
1088,magistratura,Sinqapur Respublikası,"""Nanyang Technological University, Singapore""","""Mathematical Sciences"""
1089,magistratura,Sinqapur Respublikası,"""Nanyang Technological University, Singapore""","""Physics"""
1090,magistratura,Sinqapur Respublikası,"""National University of Singapore""","""Chemistry"""
1091,magistratura,Sinqapur Respublikası,"""National University of Singapore""","""Mathematics"""
1092,magistratura,Sinqapur Respublikası,"""National University of Singapore""","""Physics"""
1093,magistratura,Türkiyə Respublikası,"""Ankara University""","""Analytical Chemistry"""
1094,magistratura,Türkiyə Respublikası,"""Ankara University""","""Biochemistry"""
1095,magistratura,Türkiyə Respublikası,"""Ankara University""","""Biology"""
1096,magistratura,Türkiyə Respublikası,"""Ankara University""","""Biophysics"""
1097,magistratura,Türkiyə Respublikası,"""Ankara University""","""Biostatistics"""
1098,magistratura,Türkiyə Respublikası,"""Ankara University""","""Chemistry"""
1099,magistratura,Türkiyə Respublikası,"""Ankara University""","""Mathematics"""
1100,magistratura,Türkiyə Respublikası,"""Ankara University""","""Physics"""
1101,magistratura,Türkiyə Respublikası,"""Ankara University""","""Tumor Biology"""
1102,magistratura,Türkiyə Respublikası,"""Bilkent University""","""Chemistry"""
1103,magistratura,Türkiyə Respublikası,"""Bilkent University""","""Materials Science and Nanotechnology"""
1104,magistratura,Türkiyə Respublikası,"""Bilkent University""","""Mathematics"""
1105,magistratura,Türkiyə Respublikası,"""Bilkent University""","""Molecular Biology and Genetics"""
1106,magistratura,Türkiyə Respublikası,"""Bilkent University""","""Physics"""
1107,magistratura,Türkiyə Respublikası,"""Boğaziçi University""","""Chemistry"""
1108,magistratura,Türkiyə Respublikası,"""Boğaziçi University""","""Mathematics"""
1109,magistratura,Türkiyə Respublikası,"""Boğaziçi University""","""Molecular Biology and Genetics"""
1110,magistratura,Türkiyə Respublikası,"""Boğaziçi University""","""Physics"""
1111,magistratura,Türkiyə Respublikası,"""Ege University""","""Applied Mathematics"""
1112,magistratura,Türkiyə Respublikası,"""Ege University""","""Atomic and Molecular Physics"""
1113,magistratura,Türkiyə Respublikası,"""Ege University""","""Biochemistry"""
1114,magistratura,Türkiyə Respublikası,"""Ege University""","""Bioengineering"""
1115,magistratura,Türkiyə Respublikası,"""Ege University""","""Biology"""
1116,magistratura,Türkiyə Respublikası,"""Ege University""","""Biophysics"""
1117,magistratura,Türkiyə Respublikası,"""Ege University""","""Biotechnology"""
1118,magistratura,Türkiyə Respublikası,"""Ege University""","""Chemistry"""
1119,magistratura,Türkiyə Respublikası,"""Ege University""","""General Physics"""
1120,magistratura,Türkiyə Respublikası,"""Ege University""","""Mathematics"""
1121,magistratura,Türkiyə Respublikası,"""Gazi University""","""Analytical Chemistry"""
1122,magistratura,Türkiyə Respublikası,"""Gazi University""","""Biochemistry (Pharmacy)"""
1123,magistratura,Türkiyə Respublikası,"""Gazi University""","""Biology"""
1124,magistratura,Türkiyə Respublikası,"""Gazi University""","""Biophysics"""
1125,magistratura,Türkiyə Respublikası,"""Gazi University""","""Chemistry"""
1126,magistratura,Türkiyə Respublikası,"""Gazi University""","""Mathematics"""
1127,magistratura,Türkiyə Respublikası,"""Gazi University""","""Physics"""
1128,magistratura,Türkiyə Respublikası,"""Hacettepe University""","""Analytical Chemistry"""
1129,magistratura,Türkiyə Respublikası,"""Hacettepe University""","""Biochemistry"""
1130,magistratura,Türkiyə Respublikası,"""Hacettepe University""","""Biophysics"""
1131,magistratura,Türkiyə Respublikası,"""Hacettepe University""","""Chemistry"""
1132,magistratura,Türkiyə Respublikası,"""Hacettepe University""","""Microbiology"""
1133,magistratura,Türkiyə Respublikası,"""Istanbul Technical University""","""Chemistry"""
1134,magistratura,Türkiyə Respublikası,"""Istanbul Technical University""","""Molecular Biology-Genetics and Biotechnology"""
1135,magistratura,Türkiyə Respublikası,"""Istanbul University""","""Atomic and Molecular Physics"""
1136,magistratura,Türkiyə Respublikası,"""Istanbul University""","""Biochemistry"""
1137,magistratura,Türkiyə Respublikası,"""Istanbul University""","""Biology"""
1138,magistratura,Türkiyə Respublikası,"""Istanbul University""","""Biophysics"""
1139,magistratura,Türkiyə Respublikası,"""Istanbul University""","""Biotechnology"""
1140,magistratura,Türkiyə Respublikası,"""Istanbul University""","""Chemistry"""
1141,magistratura,Türkiyə Respublikası,"""Istanbul University""","""Mathematics"""
1142,magistratura,Türkiyə Respublikası,"""Istanbul University""","""Molecular Biology and Genetic"""
1143,magistratura,Türkiyə Respublikası,"""Istanbul University""","""Molecular Biology"""
1144,magistratura,Türkiyə Respublikası,"""Marmara University""","""Biochemistry"""
1145,magistratura,Türkiyə Respublikası,"""Marmara University""","""Biophysics"""
1146,magistratura,Türkiyə Respublikası,"""Marmara University""","""General Chemistry"""
1147,magistratura,Türkiyə Respublikası,"""Marmara University""","""Mathematics"""
1148,magistratura,Türkiyə Respublikası,"""Marmara University""","""Microbiology"""
1149,magistratura,Türkiyə Respublikası,"""Marmara University""","""Physics"""
1150,magistratura,Türkiyə Respublikası,"""Middle East Technical University""","""Biochemistry"""
1151,magistratura,Türkiyə Respublikası,"""Middle East Technical University""","""Biology"""
1152,magistratura,Türkiyə Respublikası,"""Middle East Technical University""","""Biotechnology"""
1153,magistratura,Türkiyə Respublikası,"""Middle East Technical University""","""Chemistry"""
1154,magistratura,Türkiyə Respublikası,"""Middle East Technical University""","""Mathematics"""
1155,magistratura,Türkiyə Respublikası,"""Middle East Technical University""","""Micro and Nanotechnology"""
1156,magistratura,Türkiyə Respublikası,"""Middle East Technical University""","""Molecular Biology and Genetics"""
1157,magistratura,Türkiyə Respublikası,"""Middle East Technical University""","""Physics"""
1158,magistratura,Türkiyə Respublikası,"""Sabanci University""","""Mathematics"""
1159,magistratura,Türkiyə Respublikası,"""Sabanci University""","""Molecular Biology, Genetics and Bioengineering"""
1160,magistratura,Türkiyə Respublikası,"""Sabanci University""","""Physics"""
1161,magistratura,Türkiyə Respublikası,"""Yıldız Technical University""","""Bioengineering"""
1162,magistratura,Vyetnam Sosialist Respublikası,"""Ton Duc Thang University""","""Applied Mathematics"""
1163,magistratura,Yaponiya,"""Kyoto University""","""Applied Mathematics and Physics"""
1164,magistratura,Yaponiya,"""Kyoto University""","""Biological Sciences"""
1165,magistratura,Yaponiya,"""Kyoto University""","""Chemistry"""
1166,magistratura,Yaponiya,"""Kyoto University""","""Earth and Planetary Sciences"""
1167,magistratura,Yaponiya,"""Kyoto University""","""Mathematics and Mathematical Sciences"""
1168,magistratura,Yaponiya,"""Kyoto University""","""Physics and Astronomy"""
1169,magistratura,Yaponiya,"""Kyushu University""","""Applied Chemistry"""
1170,magistratura,Yaponiya,"""Kyushu University""","""Mathematics"""
1171,magistratura,Yaponiya,"""Nagoya University""","""Chemistry"""
1172,magistratura,Yaponiya,"""Nagoya University""","""Physics and Mathematics"""
1173,magistratura,Yaponiya,"""Tokyo Institute of Technology""","""Chemical Science and Engineering"""
1174,magistratura,Yaponiya,"""Tokyo Institute of Technology""","""Earth and Planetary Sciences"""
1175,magistratura,Yaponiya,"""Tokyo Institute of Technology""","""Physics"""
1176,magistratura,Yaponiya,"""University of Tokyo""","""Applied Biological Chemistry"""
1177,magistratura,Yaponiya,"""University of Tokyo""","""Biophysics and Biochemistry"""
1178,magistratura,Yaponiya,"""University of Tokyo""","""Earth and Planetary Physics"""
1179,magistratura,Yaponiya,"""University of Tokyo""","""Mathematical Sciences"""
1180,magistratura,Yaponiya,"""University of Tsukuba""","""Biological Sciences"""
1181,magistratura,Yaponiya,"""University of Tsukuba""","""Geosciences"""
1182,magistratura,Yeni Zelandiya,"""University of Auckland""","""Science (Applied Mathematics)"""
1183,magistratura,Çin Xalq Respublikası,"""Zhejiang University""","""Computational Mathematics"""
1184,magistratura,Almaniya Federativ Respublikası,"""University of Hamburg""","""Health Economics and Health Care Management"""
1185,magistratura,Almaniya Federativ Respublikası,"""University of Hamburg""","""Health Management"""
1186,magistratura,Amerika Birləşmiş Ştatları,"""Columbia University""","""Health Administration"""
1187,magistratura,Amerika Birləşmiş Ştatları,"""Columbia University""","""Public Health"""
1188,magistratura,Amerika Birləşmiş Ştatları,"""Cornell University""","""Health Policy and Economics"""
1189,magistratura,Amerika Birləşmiş Ştatları,"""Cornell University""","""Public Health"""
1190,magistratura,Amerika Birləşmiş Ştatları,"""Harvard University""","""Health Care Management"""
1191,magistratura,Amerika Birləşmiş Ştatları,"""Harvard University""","""Epidemiology"""
1192,magistratura,Amerika Birləşmiş Ştatları,"""Harvard University""","""Public Health"""
1193,magistratura,Amerika Birləşmiş Ştatları,"""Johns Hopkins University""","""Health Administration"""
1194,magistratura,Amerika Birləşmiş Ştatları,"""Johns Hopkins University""","""Health Care Management"""
1195,magistratura,Amerika Birləşmiş Ştatları,"""Johns Hopkins University""","""Health Policy"""
1196,magistratura,Amerika Birləşmiş Ştatları,"""Johns Hopkins University""","""Public Health"""
1197,magistratura,Amerika Birləşmiş Ştatları,"""Stanford University""","""Health Policy"""
1198,magistratura,Amerika Birləşmiş Ştatları,"""University of California, Berkeley""","""Public Health"""
1199,magistratura,Amerika Birləşmiş Ştatları,"""University of Chicago""","""Public Health"""
1200,magistratura,Amerika Birləşmiş Ştatları,"""University of Michigan-Ann Arbor""","""Health Services Administration"""
1201,magistratura,Amerika Birləşmiş Ştatları,"""University of Michigan-Ann Arbor""","""Public Health"""
1202,magistratura,Amerika Birləşmiş Ştatları,"""University of Pennsylvania""","""Health Care Management"""
1203,magistratura,Amerika Birləşmiş Ştatları,"""University of Pennsylvania""","""Health Policy Research"""
1204,magistratura,Amerika Birləşmiş Ştatları,"""University of Pennsylvania""","""Public Health"""
1205,magistratura,Amerika Birləşmiş Ştatları,"""Yale University""","""Public Health"""
1206,magistratura,Avstraliya İttifaqı,"""Australian National University""","""Public Health"""
1207,magistratura,Avstraliya İttifaqı,"""University of Melbourne""","""Public Health"""
1208,magistratura,Birləşmiş Ərəb Əmirlikləri,"""United Arab Emirates University""","""Public Health"""
1209,magistratura,Birləşmiş Krallıq,"""Imperial College London""","""Public Health"""
1210,magistratura,Çin Xalq Respublikası,"""Chinese University of Hong Kong""","""Public Health"""
1211,magistratura,Çin Xalq Respublikası,"""Xiamen University""","""Public Health"""
1212,magistratura,Çin Xalq Respublikası,"""Southern Medical University""","""Public Health"""
1213,magistratura,Çin Xalq Respublikası,"""Tsinghua University""","""Public Health"""
1214,magistratura,Çin Xalq Respublikası,"""University of Hong Kong""","""Public Health"""
1215,magistratura,İsrail Dövləti,"""Hebrew University of Jerusalem""","""Public Health"""
1216,magistratura,İsrail Dövləti,"""University of Haifa""","""Health System Administration and Global Health Leadership"""
1217,magistratura,İsveç Krallığı,"""Karolinska Institute""","""Health Economics, Policy and Management"""
1218,magistratura,İsveç Krallığı,"""Karolinska Institute""","""Public Health Sciences"""
1219,magistratura,İsveç Krallığı,"""Lund University""","""Public Health"""
1220,magistratura,Koreya Respublikası,"""Seoul National University""","""Public Health"""
1221,magistratura,Koreya Respublikası,"""Yonsei University""","""Health Policy and Management"""
1222,magistratura,Malayziya,"""University of Malaya""","""Public Health"""
1223,magistratura,Sinqapur Respublikası,"""National University of Singapore""","""Public Health"""
1224,magistratura,Türkiyə Respublikası,"""Ankara University""","""Health Management"""
1225,magistratura,Türkiyə Respublikası,"""Hacettepe University""","""Public Health"""
1226,magistratura,Rusiya Federasiyası,"""Moscow Institute of Physics and Technology (MIPT)""","""Applied Informatics"""
1227,magistratura,Almaniya Federativ Respublikası,"""Free University of Berlin""","""Computer Science"""
1228,magistratura,Almaniya Federativ Respublikası,"""Free University of Berlin""","""Information Systems"""
1229,magistratura,Almaniya Federativ Respublikası,"""Heidelberg University""","""Computer Engineering"""
1230,magistratura,Almaniya Federativ Respublikası,"""Heidelberg University""","""Computer Science"""
1231,magistratura,Almaniya Federativ Respublikası,"""Humboldt University of Berlin""","""Information Science"""
1232,magistratura,Almaniya Federativ Respublikası,"""Humboldt University of Berlin""","""Information Systems"""
1233,magistratura,Almaniya Federativ Respublikası,"""RWTH Aachen University""","""Automotive Technology"""
1234,magistratura,Almaniya Federativ Respublikası,"""RWTH Aachen University""","""Computer Engineering"""
1235,magistratura,Almaniya Federativ Respublikası,"""RWTH Aachen University""","""Computer Science"""
1236,magistratura,Almaniya Federativ Respublikası,"""RWTH Aachen University""","""Electrical Engineering"""
1237,magistratura,Almaniya Federativ Respublikası,"""RWTH Aachen University""","""Software Systems Engineering"""
1238,magistratura,Almaniya Federativ Respublikası,"""Technical University Berlin""","""Automotive Systems"""
1239,magistratura,Almaniya Federativ Respublikası,"""Technical University Berlin""","""Computer Engineering"""
1240,magistratura,Almaniya Federativ Respublikası,"""Technical University Berlin""","""Computer Science (Informatik)"""
1241,magistratura,Almaniya Federativ Respublikası,"""Technical University Berlin""","""Electrical Engineering"""
1242,magistratura,Almaniya Federativ Respublikası,"""Technical University Berlin""","""Information Systems Management"""
1243,magistratura,Almaniya Federativ Respublikası,"""Technical University of Munich""","""Electrical and Computer Engineering"""
1244,magistratura,Almaniya Federativ Respublikası,"""Technical University of Munich""","""Informatics"""
1245,magistratura,Almaniya Federativ Respublikası,"""Technical University of Munich""","""Information Systems"""
1246,magistratura,Almaniya Federativ Respublikası,"""University of Bonn""","""Computer Science"""
1247,magistratura,Almaniya Federativ Respublikası,"""University of Göttingen""","""Applied Computer Science"""
1248,magistratura,Almaniya Federativ Respublikası,"""University of Göttingen""","""Information Systems"""
1249,magistratura,Almaniya Federativ Respublikası,"""University of Tubingen""","""Informatics / Computer Science"""
1250,magistratura,Almaniya Federativ Respublikası,"""University of Tubingen""","""Machine Learning"""
1251,magistratura,Amerika Birləşmiş Ştatları,"""California Institute of Technology""","""Electrical Engineering"""
1252,magistratura,Amerika Birləşmiş Ştatları,"""Carnegie Mellon University""","""Artificial Intelligence and Innovation"""
1253,magistratura,Amerika Birləşmiş Ştatları,"""Carnegie Mellon University""","""Electrical and Computer Engineering"""
1254,magistratura,Amerika Birləşmiş Ştatları,"""Carnegie Mellon University""","""Information Networking"""
1255,magistratura,Amerika Birləşmiş Ştatları,"""Carnegie Mellon University""","""Information Security Policy and Management"""
1256,magistratura,Amerika Birləşmiş Ştatları,"""Carnegie Mellon University""","""Information Security"""
1257,magistratura,Amerika Birləşmiş Ştatları,"""Carnegie Mellon University""","""Information Systems Management"""
1258,magistratura,Amerika Birləşmiş Ştatları,"""Carnegie Mellon University""","""Information Technology"""
1259,magistratura,Amerika Birləşmiş Ştatları,"""Carnegie Mellon University""","""Machine Learning"""
1260,magistratura,Amerika Birləşmiş Ştatları,"""Carnegie Mellon University""","""Mobile and IOT Engineering"""
1261,magistratura,Amerika Birləşmiş Ştatları,"""Carnegie Mellon University""","""Software Engineering"""
1262,magistratura,Amerika Birləşmiş Ştatları,"""Columbia University""","""Computer Engineering"""
1263,magistratura,Amerika Birləşmiş Ştatları,"""Columbia University""","""Computer Science"""
1264,magistratura,Amerika Birləşmiş Ştatları,"""Columbia University""","""Electrical Engineering"""
1265,magistratura,Amerika Birləşmiş Ştatları,"""Cornell University""","""Computer Science"""
1266,magistratura,Amerika Birləşmiş Ştatları,"""Cornell University""","""Electrical and Computer Engineering"""
1267,magistratura,Amerika Birləşmiş Ştatları,"""Cornell University""","""Operations Research and Information Engineering"""
1268,magistratura,Amerika Birləşmiş Ştatları,"""Duke University""","""Computer Science"""
1269,magistratura,Amerika Birləşmiş Ştatları,"""Duke University""","""Electrical and Computer Engineering"""
1270,magistratura,Amerika Birləşmiş Ştatları,"""Johns Hopkins University""","""Computer Science"""
1271,magistratura,Amerika Birləşmiş Ştatları,"""Johns Hopkins University""","""Electrical and Computer Engineering"""
1272,magistratura,Amerika Birləşmiş Ştatları,"""Massachusetts Institute of Technology""","""Computer Science, Economics, and Data Science"""
1273,magistratura,Amerika Birləşmiş Ştatları,"""Massachusetts Institute of Technology""","""Electrical Engineering and Computer Science"""
1274,magistratura,Amerika Birləşmiş Ştatları,"""Princeton University""","""Computer Science"""
1275,magistratura,Amerika Birləşmiş Ştatları,"""Princeton University""","""Electrical and Computer Engineering"""
1276,magistratura,Amerika Birləşmiş Ştatları,"""Stanford University""","""Computer Science"""
1277,magistratura,Amerika Birləşmiş Ştatları,"""Stanford University""","""Electrical Engineering"""
1278,magistratura,Amerika Birləşmiş Ştatları,"""University of California, Berkeley""","""Computer Science"""
1279,magistratura,Amerika Birləşmiş Ştatları,"""University of California, Berkeley""","""Electrical Engineering and Computer Sciences"""
1280,magistratura,Amerika Birləşmiş Ştatları,"""University of California, Los Angeles""","""Computer Science"""
1281,magistratura,Amerika Birləşmiş Ştatları,"""University of California, Los Angeles""","""Electrical and Computer Engineering"""
1282,magistratura,Amerika Birləşmiş Ştatları,"""University of Chicago""","""Computer Sciences"""
1283,magistratura,Amerika Birləşmiş Ştatları,"""University of Maryland""","""Applied Machine Learning"""
1284,magistratura,Amerika Birləşmiş Ştatları,"""University of Michigan-Ann Arbor""","""Computer Science and Engineering"""
1285,magistratura,Amerika Birləşmiş Ştatları,"""University of Michigan-Ann Arbor""","""Electrical and Computer Engineering"""
1286,magistratura,Amerika Birləşmiş Ştatları,"""University of Pennsylvania""","""Computer and Information Technology"""
1287,magistratura,Amerika Birləşmiş Ştatları,"""University of Pennsylvania""","""Computer Graphics and Game Technology"""
1288,magistratura,Amerika Birləşmiş Ştatları,"""University of Pennsylvania""","""Scientific Computing"""
1289,magistratura,Amerika Birləşmiş Ştatları,"""Yale University""","""Computer Science"""
1290,magistratura,Amerika Birləşmiş Ştatları,"""Yale University""","""Electrical Engineering"""
1291,magistratura,Avstraliya İttifaqı,"""Australian National University""","""Applied Cybernetics"""
1292,magistratura,Avstraliya İttifaqı,"""Australian National University""","""Electrical Engineering"""
1293,magistratura,Avstraliya İttifaqı,"""Australian National University""","""Machine Learning and Computer Vision"""
1294,magistratura,Avstraliya İttifaqı,"""University of Adelaide""","""Artificial Intelligence and Machine Learning"""
1295,magistratura,Avstraliya İttifaqı,"""University of Adelaide""","""Computer Science"""
1296,magistratura,Avstraliya İttifaqı,"""University of Queensland""","""Cyber Criminology"""
1297,magistratura,Avstraliya İttifaqı,"""University of Queensland""","""Cyber Defense"""
1298,magistratura,Avstraliya İttifaqı,"""University of Queensland""","""Electrical Engineering"""
1299,magistratura,Avstraliya İttifaqı,"""University of Queensland""","""Information Systems"""
1300,magistratura,Avstraliya İttifaqı,"""University of Queensland""","""Information Technology"""
1301,magistratura,Avstraliya İttifaqı,"""University of Melbourne""","""Computer Science"""
1302,magistratura,Avstraliya İttifaqı,"""University of Melbourne""","""Electrical Engineering"""
1303,magistratura,Avstraliya İttifaqı,"""University of Melbourne""","""Information Systems"""
1304,magistratura,Avstraliya İttifaqı,"""University of Melbourne""","""Information Technology"""
1305,magistratura,Avstraliya İttifaqı,"""University of Sydney""","""Computer Science"""
1306,magistratura,Avstraliya İttifaqı,"""University of Sydney""","""Cybersecurity"""
1307,magistratura,Avstraliya İttifaqı,"""University of Sydney""","""Electrical Engineering"""
1308,magistratura,Avstraliya İttifaqı,"""University of Sydney""","""Intelligent Information Engineering"""
1309,magistratura,Birləşmiş Ərəb Əmirlikləri,"""Abu Dhabi University""","""Electrical and Computer Engineering"""
1310,magistratura,Birləşmiş Ərəb Əmirlikləri,"""Khalifa University""","""Electrical and Computer Engineering"""
1311,magistratura,Birləşmiş Ərəb Əmirlikləri,"""United Arab Emirates University""","""Electrical Engineering"""
1312,magistratura,Birləşmiş Ərəb Əmirlikləri,"""United Arab Emirates University""","""Software Engineering"""
1313,magistratura,Birləşmiş Ərəb Əmirlikləri,"""University of Sharjah""","""Computer Engineering"""
1314,magistratura,Birləşmiş Ərəb Əmirlikləri,"""University of Sharjah""","""Computer Science"""
1315,magistratura,Birləşmiş Ərəb Əmirlikləri,"""University of Sharjah""","""Cybersecurity Engineering"""
1316,magistratura,Birləşmiş Krallıq,"""Imperial College London""","""Advanced Computing"""
1317,magistratura,Birləşmiş Krallıq,"""Imperial College London""","""Applied Machine Learning"""
1318,magistratura,Birləşmiş Krallıq,"""Imperial College London""","""Artificial Intelligence and Machine Learning"""
1319,magistratura,Birləşmiş Krallıq,"""Imperial College London""","""Artificial Intelligence"""
1320,magistratura,Birləşmiş Krallıq,"""Imperial College London""","""Computing (Artificial Intelligence and Machine Learning)"""
1321,magistratura,Birləşmiş Krallıq,"""Imperial College London""","""Computing (Software Engineering)"""
1322,magistratura,Birləşmiş Krallıq,"""Imperial College London""","""Computing (Visual Computing and Robotics)"""
1323,magistratura,Birləşmiş Krallıq,"""Imperial College London""","""Computing"""
1324,magistratura,Birləşmiş Krallıq,"""King’s College London""","""Advanced Computing"""
1325,magistratura,Birləşmiş Krallıq,"""King’s College London""","""Advanced Software Engineering"""
1326,magistratura,Birləşmiş Krallıq,"""King’s College London""","""Artificial Intelligence"""
1327,magistratura,Birləşmiş Krallıq,"""King’s College London""","""Cyber Security"""
1328,magistratura,Birləşmiş Krallıq,"""UCL""","""Human-Computer Interaction"""
1329,magistratura,Birləşmiş Krallıq,"""UCL""","""Integrated Machine Learning Systems"""
1330,magistratura,Birləşmiş Krallıq,"""UCL""","""Machine Learning"""
1331,magistratura,Birləşmiş Krallıq,"""UCL""","""Software Systems Engineering"""
1332,magistratura,Birləşmiş Krallıq,"""University of Birmingham""","""Advanced Computer Science"""
1333,magistratura,Birləşmiş Krallıq,"""University of Birmingham""","""Artificial Intelligence and Machine Learning"""
1334,magistratura,Birləşmiş Krallıq,"""University of Birmingham""","""Computer Science"""
1335,magistratura,Birləşmiş Krallıq,"""University of Birmingham""","""Cyber Security"""
1336,magistratura,Birləşmiş Krallıq,"""University of Birmingham""","""Electronic and Computer Engineering"""
1337,magistratura,Birləşmiş Krallıq,"""University of Birmingham""","""Human Computer Interaction"""
1338,magistratura,Birləşmiş Krallıq,"""University of Bristol""","""Advanced Microelectronic Systems Engineering"""
1339,magistratura,Birləşmiş Krallıq,"""University of Bristol""","""Cyber Security (Infrastructures Security)"""
1340,magistratura,Birləşmiş Krallıq,"""University of Bristol""","""Electrical and Electronic Engineering"""
1341,magistratura,Birləşmiş Krallıq,"""University of Cambridge""","""Advanced Computer Science"""
1342,magistratura,Birləşmiş Krallıq,"""University of Cambridge""","""Scientific Computing"""
1343,magistratura,Birləşmiş Krallıq,"""University of Edinburgh""","""Artificial Intelligence"""
1344,magistratura,Birləşmiş Krallıq,"""University of Edinburgh""","""Computer Science"""
1345,magistratura,Birləşmiş Krallıq,"""University of Glasgow""","""Software Development"""
1346,magistratura,Birləşmiş Krallıq,"""University of Manchester""","""Artificial Intelligence"""
1347,magistratura,Birləşmiş Krallıq,"""University of Manchester""","""Cyber Security"""
1348,magistratura,Birləşmiş Krallıq,"""University of Manchester""","""Data Science (Computer Science Data Informatics)"""
1349,magistratura,Birləşmiş Krallıq,"""University of Oxford""","""Advanced Computer Science"""
1350,magistratura,Birləşmiş Krallıq,"""University of Oxford""","""Mathematics and Foundations of Computer Science"""
1351,magistratura,Birləşmiş Krallıq,"""University of Oxford""","""Software and Systems Security"""
1352,magistratura,Birləşmiş Krallıq,"""University of Sheffield""","""Wireless Communication Systems"""
1353,magistratura,Birləşmiş Krallıq,"""University of Southampton""","""Software Engineering"""
1354,magistratura,Birləşmiş Krallıq,"""University of Warwick""","""Cyber Security Engineering"""
1355,magistratura,Çin Xalq Respublikası,"""Beihang University""","""Artificial Intelligence"""
1356,magistratura,Çin Xalq Respublikası,"""Beihang University""","""Computer Science and Technology"""
1357,magistratura,Çin Xalq Respublikası,"""Beihang University""","""Control Science and Engineering """
1358,magistratura,Çin Xalq Respublikası,"""Beihang University""","""Electronic Information"""
1359,magistratura,Çin Xalq Respublikası,"""Beihang University""","""Electronic Science and Technology"""
1360,magistratura,Çin Xalq Respublikası,"""Beihang University""","""Information and Communications Engineering"""
1361,magistratura,Çin Xalq Respublikası,"""Beihang University""","""Software Engineering"""
1362,magistratura,Çin Xalq Respublikası,"""Beijing Normal University""","""Computer Application Technology"""
1363,magistratura,Çin Xalq Respublikası,"""Chinese University of Hong Kong""","""Computer Science"""
1364,magistratura,Çin Xalq Respublikası,"""Chinese University of Hong Kong""","""Electronic Engineering"""
1365,magistratura,Çin Xalq Respublikası,"""Chongqing University""","""Electronic Information"""
1366,magistratura,Çin Xalq Respublikası,"""Chongqing University""","""Software Engineering"""
1367,magistratura,Çin Xalq Respublikası,"""East China Normal University""","""Electronic Science and Technology"""
1368,magistratura,Çin Xalq Respublikası,"""Fudan University""","""Cryptography and Information Security"""
1369,magistratura,Çin Xalq Respublikası,"""Fudan University""","""Software Engineering"""
1370,magistratura,Çin Xalq Respublikası,"""Fudan University""","""System Software"""
1371,magistratura,Çin Xalq Respublikası,"""Harbin Institute of Technology""","""Computer Science and Technology"""
1372,magistratura,Çin Xalq Respublikası,"""Harbin Institute of Technology""","""Control Science and Engineering """
1373,magistratura,Çin Xalq Respublikası,"""Harbin Institute of Technology""","""Information and Communication Engineering"""
1374,magistratura,Çin Xalq Respublikası,"""Harbin Institute of Technology""","""Software Engineering"""
1375,magistratura,Çin Xalq Respublikası,"""Hong Kong Polytechnic University""","""Blockchain Technology"""
1376,magistratura,Çin Xalq Respublikası,"""Hong Kong Polytechnic University""","""Electrical Engineering"""
1377,magistratura,Çin Xalq Respublikası,"""Hong Kong Polytechnic University""","""Electronic and Information Technology"""
1378,magistratura,Çin Xalq Respublikası,"""Hong Kong Polytechnic University""","""Information Systems"""
1379,magistratura,Çin Xalq Respublikası,"""Hong Kong Polytechnic University""","""Information Technology"""
1380,magistratura,Çin Xalq Respublikası,"""Hong Kong University of Science and Technology""","""Computer Science"""
1381,magistratura,Çin Xalq Respublikası,"""Hong Kong University of Science and Technology""","""Electronic Engineering"""
1382,magistratura,Çin Xalq Respublikası,"""Hong Kong University of Science and Technology""","""Information Technology"""
1383,magistratura,Çin Xalq Respublikası,"""Huazhong University of Science and Technology""","""Artificial Intelligence"""
1384,magistratura,Çin Xalq Respublikası,"""Huazhong University of Science and Technology""","""Computer Application Technology"""
1385,magistratura,Çin Xalq Respublikası,"""Huazhong University of Science and Technology""","""Computer Science and Technology"""
1386,magistratura,Çin Xalq Respublikası,"""Huazhong University of Science and Technology""","""Electrical Engineering"""
1387,magistratura,Çin Xalq Respublikası,"""Huazhong University of Science and Technology""","""Software Engineering"""
1388,magistratura,Çin Xalq Respublikası,"""Hunan University""","""Computer Science and Technology"""
1389,magistratura,Çin Xalq Respublikası,"""Xi’an Jiaotong University""","""Circuits and Systems"""
1390,magistratura,Çin Xalq Respublikası,"""Xi’an Jiaotong University""","""Computer Software and Theory"""
1391,magistratura,Çin Xalq Respublikası,"""Xi’an Jiaotong University""","""Computer System Structure"""
1392,magistratura,Çin Xalq Respublikası,"""Xi’an Jiaotong University""","""Cyber Science and Engineering"""
1393,magistratura,Çin Xalq Respublikası,"""Xi’an Jiaotong University""","""Microelectronics and Solid State Electronics"""
1394,magistratura,Çin Xalq Respublikası,"""Xiamen University""","""Artificial Intelligence"""
1395,magistratura,Çin Xalq Respublikası,"""Xiamen University""","""Computer Science and Technology"""
1396,magistratura,Çin Xalq Respublikası,"""Xiamen University""","""Electronic Engineering"""
1397,magistratura,Çin Xalq Respublikası,"""Xiamen University""","""Electronic Information Technology"""
1398,magistratura,Çin Xalq Respublikası,"""Xiamen University""","""Software Engineering"""
1399,magistratura,Çin Xalq Respublikası,"""Northwestern Polytechnical University""","""Electrical Engineering"""
1400,magistratura,Çin Xalq Respublikası,"""Peking University""","""Computer Science and Technology"""
1401,magistratura,Çin Xalq Respublikası,"""Peking University""","""Electronics Engineering and Computer Science"""
1402,magistratura,Çin Xalq Respublikası,"""Shanghai Jiao Tong University""","""Control Science and Engineering """
1403,magistratura,Çin Xalq Respublikası,"""Shanghai Jiao Tong University""","""Cyberspace Security"""
1404,magistratura,Çin Xalq Respublikası,"""Shanghai Jiao Tong University""","""Electrical Engineering"""
1405,magistratura,Çin Xalq Respublikası,"""Shanghai Jiao Tong University""","""Electronic Science and Technology"""
1406,magistratura,Çin Xalq Respublikası,"""Shanghai Jiao Tong University""","""Information and Communication Engineering"""
1407,magistratura,Çin Xalq Respublikası,"""Shanghai University""","""Computer Science and Technology"""
1408,magistratura,Çin Xalq Respublikası,"""Shanghai University""","""Electrical Engineering"""
1409,magistratura,Çin Xalq Respublikası,"""Shanghai University""","""Electronic Information"""
1410,magistratura,Çin Xalq Respublikası,"""Shenzhen University""","""Computer Technology"""
1411,magistratura,Çin Xalq Respublikası,"""Shenzhen University""","""Electronic Science and Technology"""
1412,magistratura,Çin Xalq Respublikası,"""Southern University of Science and Technology
(SUSTech)""","""Computer Science and Engineering"""
1413,magistratura,Çin Xalq Respublikası,"""Southern University of Science and Technology
(SUSTech)""","""Electronic Circuit and System"""
1414,magistratura,Çin Xalq Respublikası,"""Southern University of Science and Technology
(SUSTech)""","""Electronic Science and Technology"""
1415,magistratura,Çin Xalq Respublikası,"""Southern University of Science and Technology
(SUSTech)""","""Microelectronics Science and Engineering"""
1416,magistratura,Çin Xalq Respublikası,"""Tianjin University""","""Detection Technology and Automatic Equipment"""
1417,magistratura,Çin Xalq Respublikası,"""Tsinghua University""","""Computer Science and Technology"""
1418,magistratura,Çin Xalq Respublikası,"""Tsinghua University""","""Control Science and Engineering """
1419,magistratura,Çin Xalq Respublikası,"""Tsinghua University""","""Cyberspace Security"""
1420,magistratura,Çin Xalq Respublikası,"""Tsinghua University""","""Electrical Engineering"""
1421,magistratura,Çin Xalq Respublikası,"""Tsinghua University""","""Electronic Information"""
1422,magistratura,Çin Xalq Respublikası,"""Tsinghua University""","""Electronic Science and Technology"""
1423,magistratura,Çin Xalq Respublikası,"""Tsinghua University""","""Information and Communication Engineering"""
1424,magistratura,Çin Xalq Respublikası,"""Tsinghua University""","""Software Engineering"""
1425,magistratura,Çin Xalq Respublikası,"""University of Electronic Science and Technology of China""","""Computer Science and Technology"""
1426,magistratura,Çin Xalq Respublikası,"""University of Electronic Science and Technology of China""","""Electrical Engineering"""
1427,magistratura,Çin Xalq Respublikası,"""University of Electronic Science and Technology of China""","""Electronic Science and Technology"""
1428,magistratura,Çin Xalq Respublikası,"""University of Electronic Science and Technology of China""","""Information and Communication Engineering"""
1429,magistratura,Çin Xalq Respublikası,"""University of Electronic Science and Technology of China""","""Software Engineering"""
1430,magistratura,Çin Xalq Respublikası,"""University of Hong Kong""","""Artificial Intelligence"""
1431,magistratura,Çin Xalq Respublikası,"""University of Hong Kong""","""Computer Science"""
1432,magistratura,Çin Xalq Respublikası,"""University of Hong Kong""","""Electrical and Electronic Engineering"""
1433,magistratura,Çin Xalq Respublikası,"""University of Science and Technology of China""","""Computer Application Technology"""
1434,magistratura,Çin Xalq Respublikası,"""University of Science and Technology of China""","""Computer Science and Technology"""
1435,magistratura,Çin Xalq Respublikası,"""University of Science and Technology of China""","""Computer Software and Theory"""
1436,magistratura,Çin Xalq Respublikası,"""University of Science and Technology of China""","""Computer System Structure"""
1437,magistratura,Çin Xalq Respublikası,"""University of Science and Technology of China""","""Control Science and Engineering """
1438,magistratura,Çin Xalq Respublikası,"""University of Science and Technology of China""","""Cyberspace Security"""
1439,magistratura,Çin Xalq Respublikası,"""University of Science and Technology of China""","""Information Safety"""
1440,magistratura,Çin Xalq Respublikası,"""University of Science and Technology of China""","""Operational Research and Cybernetics"""
1441,magistratura,Çin Xalq Respublikası,"""University of Science and Technology of China""","""Testing Technology and Automation Devices"""
1442,magistratura,Çin Xalq Respublikası,"""Wuhan University""","""Cartography and Geographical Information System"""
1443,magistratura,Çin Xalq Respublikası,"""Wuhan University""","""Communication and Information System"""
1444,magistratura,Çin Xalq Respublikası,"""Wuhan University""","""Computer Technology"""
1445,magistratura,Çin Xalq Respublikası,"""Wuhan University""","""Electrical Engineering"""
1446,magistratura,Çin Xalq Respublikası,"""Wuhan University""","""Electronic and Communication Engineering"""
1447,magistratura,Çin Xalq Respublikası,"""Wuhan University""","""Information Science"""
1448,magistratura,Çin Xalq Respublikası,"""Wuhan University""","""Information Security"""
1449,magistratura,Çin Xalq Respublikası,"""Wuhan University""","""Map Cartography and Geographic Information System"""
1450,magistratura,Çin Xalq Respublikası,"""Wuhan University""","""Microelectronics and Solid State Electronics"""
1451,magistratura,Çin Xalq Respublikası,"""Wuhan University""","""Pattern Recognition and Intelligent Systems"""
1452,magistratura,Çin Xalq Respublikası,"""Wuhan University""","""Signal and Information Processing"""
1453,magistratura,Çin Xalq Respublikası,"""Wuhan University""","""Software Engineering"""
1454,magistratura,Çin Xalq Respublikası,"""Zhejiang University""","""Artificial Intelligence"""
1455,magistratura,Çin Xalq Respublikası,"""Zhejiang University""","""Computer Science and Technology"""
1456,magistratura,Çin Xalq Respublikası,"""Zhejiang University""","""Cyberspace Security"""
1457,magistratura,Çin Xalq Respublikası,"""Zhejiang University""","""Detection Technology and Automatic Equipment"""
1458,magistratura,Çin Xalq Respublikası,"""Zhejiang University""","""Electric Machines and Electric Apparatus"""
1459,magistratura,Çin Xalq Respublikası,"""Zhejiang University""","""Electrical Information Technology"""
1460,magistratura,Çin Xalq Respublikası,"""Zhejiang University""","""Microelectronics and Solid State Electronics"""
1461,magistratura,Çin Xalq Respublikası,"""Zhejiang University""","""Operational Research and Cybernetics"""
1462,magistratura,Çin Xalq Respublikası,"""Zhejiang University""","""Software Engineering"""
1463,magistratura,Çin Xalq Respublikası,"""Zhejiang University""","""Theory and New Technology of Electrical Engineering"""
1464,magistratura,Finlandiya Respublikası,"""University of Helsinki""","""Computer Science"""
1465,magistratura,İordaniya Haşimilər Krallığı,"""Applied Science Private University""","""Computer Science"""
1466,magistratura,İordaniya Haşimilər Krallığı,"""Applied Science Private University""","""Cybersecurity and Cloud Computing"""
1467,magistratura,İordaniya Haşimilər Krallığı,"""Applied Science Private University""","""Data Science and Artificial Intelligence"""
1468,magistratura,İordaniya Haşimilər Krallığı,"""Applied Science Private University""","""Software Engineering"""
1469,magistratura,İordaniya Haşimilər Krallığı,"""The University of Jordan""","""Computer Engineering"""
1470,magistratura,İordaniya Haşimilər Krallığı,"""The University of Jordan""","""Electrical Engineering"""
1471,magistratura,İrlandiya Respublikası,"""Dublin City University""","""Engineering and Computing"""
1472,magistratura,İrlandiya Respublikası,"""Trinity College Dublin""","""Computer Science - Data Science"""
1473,magistratura,İrlandiya Respublikası,"""Trinity College Dublin""","""Electronic Information Engineering"""
1474,magistratura,İspaniya Krallığı,"""Autonomous University of Madrid""","""Computer Engineering"""
1475,magistratura,İspaniya Krallığı,"""Autonomous University of Madrid""","""Intelligent Interactive Systems"""
1476,magistratura,İspaniya Krallığı,"""University of Barcelona""","""Artificial Intelligence"""
1477,magistratura,İsrail Dövləti,"""Bar-Ilan University""","""Electrical Engineering"""
1478,magistratura,İsrail Dövləti,"""Ben-Gurion University of the Negev""","""Electrical and Computer Engineering"""
1479,magistratura,İsrail Dövləti,"""Technion Israel Institute of Technology""","""Computer Science"""
1480,magistratura,İsrail Dövləti,"""Technion Israel Institute of Technology""","""Electrical and Computer Engineering"""
1481,magistratura,İsrail Dövləti,"""Technion Israel Institute of Technology""","""Electrical Engineering"""
1482,magistratura,İsrail Dövləti,"""Technion Israel Institute of Technology""","""Operations Research and Information Engineering"""
1483,magistratura,İsrail Dövləti,"""Weizmann Institute of Science""","""Mathematics and Computer Science"""
1484,magistratura,İsveç Krallığı,"""Lund University""","""Embedded Electronics Engineering"""
1485,magistratura,İsveç Krallığı,"""Uppsala University""","""Computer Science"""
1486,magistratura,İsveç Krallığı,"""Uppsala University""","""Image Analysis and Machine Learning"""
1487,magistratura,İsveç Krallığı,"""Uppsala University""","""Information Systems"""
1488,magistratura,İsveçrə Konfederasiyası,"""École Polytechnique Fédérale de Lausanne""","""Communication Systems"""
1489,magistratura,İsveçrə Konfederasiyası,"""École Polytechnique Fédérale de Lausanne""","""Computer Science"""
1490,magistratura,İsveçrə Konfederasiyası,"""École Polytechnique Fédérale de Lausanne""","""Cyber Security"""
1491,magistratura,İsveçrə Konfederasiyası,"""École Polytechnique Fédérale de Lausanne""","""Electrical and Electronic Engineering"""
1492,magistratura,İsveçrə Konfederasiyası,"""École Polytechnique Fédérale de Lausanne""","""Neuro-X"""
1493,magistratura,İsveçrə Konfederasiyası,"""ETH Zurich""","""Computer Science"""
1494,magistratura,İsveçrə Konfederasiyası,"""ETH Zurich""","""Cyber Security"""
1495,magistratura,İsveçrə Konfederasiyası,"""ETH Zurich""","""Electrical Engineering and Information Technology"""
1496,magistratura,İsveçrə Konfederasiyası,"""University of Basel""","""Computer Science / Informatics"""
1497,magistratura,İsveçrə Konfederasiyası,"""University of Zurich""","""Artificial Intelligence"""
1498,magistratura,İsveçrə Konfederasiyası,"""University of Zurich""","""Information Systems"""
1499,magistratura,İtaliya Respublikası,"""Free University of Bozen-Bolzano""","""Software Engineering"""
1500,magistratura,İtaliya Respublikası,"""Polytechnic University of Turin""","""Computer Engineering"""
1501,magistratura,İtaliya Respublikası,"""Polytechnic University of Turin""","""Electronic Engineering"""
1502,magistratura,İtaliya Respublikası,"""Sapienza University of Rome""","""Computer Science"""
1503,magistratura,İtaliya Respublikası,"""Sapienza University of Rome""","""Cybersecurity"""
1504,magistratura,İtaliya Respublikası,"""University of Bologna""","""Artificial Intelligence"""
1505,magistratura,İtaliya Respublikası,"""University of Bologna""","""Electronic Engineering for Intelligent Vehicles"""
1506,magistratura,İtaliya Respublikası,"""University of Brescia""","""Computer Science and Engineering"""
1507,magistratura,İtaliya Respublikası,"""University of Brescia""","""Electronics Engineering"""
1508,magistratura,İtaliya Respublikası,"""University of Florence""","""Artificial Intelligence"""
1509,magistratura,İtaliya Respublikası,"""University of Florence""","""Computer Engineering"""
1510,magistratura,İtaliya Respublikası,"""University of Florence""","""Electronic Systems Engineering"""
1511,magistratura,İtaliya Respublikası,"""University of Florence""","""Robotics, Automation and Electrical Engineering"""
1512,magistratura,İtaliya Respublikası,"""University of Milan""","""Artificial Intelligence for Science and Technology"""
1513,magistratura,İtaliya Respublikası,"""University of Milan""","""Human-Centered Artificial Intelligence"""
1514,magistratura,İtaliya Respublikası,"""University of Milan""","""Informatics Security"""
1515,magistratura,İtaliya Respublikası,"""University of Milan-Bicocca""","""Computer Science"""
1516,magistratura,İtaliya Respublikası,"""University of Pavia""","""Computer Engineering"""
1517,magistratura,İtaliya Respublikası,"""University of Pavia""","""Electrical Engineering"""
1518,magistratura,İtaliya Respublikası,"""University of Pavia""","""Electronic Engineering"""
1519,magistratura,İtaliya Respublikası,"""University of Pisa""","""Artificial Intelligence and Data Engineering"""
1520,magistratura,İtaliya Respublikası,"""University of Pisa""","""Computer Engineering"""
1521,magistratura,İtaliya Respublikası,"""University of Pisa""","""Computer Science"""
1522,magistratura,İtaliya Respublikası,"""University of Pisa""","""Cybersecurity"""
1523,magistratura,İtaliya Respublikası,"""University of Rome II- Tor Vergata""","""Computer Science"""
1524,magistratura,İtaliya Respublikası,"""University of Rome II- Tor Vergata""","""Electronic Engineering"""
1525,magistratura,İtaliya Respublikası,"""University of Siena""","""Artificial Intelligence and Automation Engineering"""
1526,magistratura,İtaliya Respublikası,"""University of Trento""","""Artificial Intelligence Systems"""
1527,magistratura,İtaliya Respublikası,"""University of Trento""","""Computer Science"""
1528,magistratura,Koreya Respublikası,"""Chung-Ang University""","""Artificial Intelligence"""
1529,magistratura,Koreya Respublikası,"""Chung-Ang University""","""Computer Science and Engineering"""
1530,magistratura,Koreya Respublikası,"""Chung-Ang University""","""Electrical and Electronics Engineering"""
1531,magistratura,Koreya Respublikası,"""Daegu Gyeongbuk Institute of Science and Technology""","""Electrical Engineering and Computer Science"""
1532,magistratura,Koreya Respublikası,"""Hanyang University""","""Electronic Engineering"""
1533,magistratura,Koreya Respublikası,"""Korea Advanced Institute of Science and Technology
(KAIST)""","""Computing (Computer Science)"""
1534,magistratura,Koreya Respublikası,"""Korea Advanced Institute of Science and Technology
(KAIST)""","""Electrical Engineering"""
1535,magistratura,Koreya Respublikası,"""Pohang University of Science and Technology
(POSTECH)""","""Computer Science and Engineering"""
1536,magistratura,Koreya Respublikası,"""Pohang University of Science and Technology
(POSTECH)""","""Electrical Engineering"""
1537,magistratura,Koreya Respublikası,"""Pohang University of Science and Technology
(POSTECH)""","""Information Technology"""
1538,magistratura,Koreya Respublikası,"""Seoul National University""","""Artificial Intelligence"""
1539,magistratura,Koreya Respublikası,"""Seoul National University""","""Computer Science and Engineering"""
1540,magistratura,Koreya Respublikası,"""Seoul National University""","""Electrical and Computer Engineering"""
1541,magistratura,Koreya Respublikası,"""Sungkyunkwan University (SKKU)""","""Applied Artificial Intelligence"""
1542,magistratura,Koreya Respublikası,"""Sungkyunkwan University (SKKU)""","""Artificial Intelligence"""
1543,magistratura,Koreya Respublikası,"""Sungkyunkwan University (SKKU)""","""Computer Science and Engineering"""
1544,magistratura,Koreya Respublikası,"""Sungkyunkwan University (SKKU)""","""Electrical and Computer Engineering"""
1545,magistratura,Koreya Respublikası,"""Sungkyunkwan University (SKKU)""","""Intelligent Software"""
1546,magistratura,Koreya Respublikası,"""Sungkyunkwan University (SKKU)""","""Interaction Science"""
1547,magistratura,Koreya Respublikası,"""Sungkyunkwan University (SKKU)""","""Smart Factory Convergence"""
1548,magistratura,Koreya Respublikası,"""Ulsan National Institute of Science and Technology
(UNIST)""","""Artificial Intelligence"""
1549,magistratura,Koreya Respublikası,"""Ulsan National Institute of Science and Technology
(UNIST)""","""Computer Science and Engineering"""
1550,magistratura,Koreya Respublikası,"""Ulsan National Institute of Science and Technology
(UNIST)""","""Electrical Engineering"""
1551,magistratura,Koreya Respublikası,"""Yonsei University""","""Artificial Intelligence"""
1552,magistratura,Koreya Respublikası,"""Yonsei University""","""Computer Engineering"""
1553,magistratura,Koreya Respublikası,"""Yonsei University""","""Computer Software"""
1554,magistratura,Koreya Respublikası,"""Yonsei University""","""Electrical and Electronic Engineering"""
1555,magistratura,Koreya Respublikası,"""Yonsei University""","""Information and Industrial management"""
1556,magistratura,Qətər Dövləti,"""Qatar University""","""Computing"""
1557,magistratura,Qətər Dövləti,"""Qatar University""","""Electrical Engineering"""
1558,magistratura,Malayziya,"""Universiti Kebangsaan Malaysia""","""Computer Science"""
1559,magistratura,Malayziya,"""Universiti Kebangsaan Malaysia""","""Electrical, Electronic and System Engineering"""
1560,magistratura,Malayziya,"""Universiti Kebangsaan Malaysia""","""Software Engineering"""
1561,magistratura,Malayziya,"""Universiti Sains Malaysia""","""Electrical and Electronic Engineering"""
1562,magistratura,Malayziya,"""Universiti Sains Malaysia""","""Microelectronic Systems Engineering"""
1563,magistratura,Malayziya,"""Universiti Teknologi Malaysia""","""Computing"""
1564,magistratura,Malayziya,"""Universiti Teknologi Malaysia""","""Software Engineering"""
1565,magistratura,Malayziya,"""Universiti Teknologi Petronas""","""Applied Computing"""
1566,magistratura,Malayziya,"""Universiti Teknologi Petronas""","""Electronics Systems Engineering"""
1567,magistratura,Malayziya,"""Universiti Utara Malaysia""","""Cybersecurity"""
1568,magistratura,Malayziya,"""Universiti Utara Malaysia""","""Information and Communication Technology"""
1569,magistratura,Malayziya,"""Universiti Utara Malaysia""","""Intelligent System"""
1570,magistratura,Malayziya,"""University of Malaya""","""Cyber Security"""
1571,magistratura,Niderland Krallığı,"""Delft University of Technology""","""Computer Science"""
1572,magistratura,Niderland Krallığı,"""Delft University of Technology""","""Computer & Embedded Systems Engineering"""
1573,magistratura,Oman Sultanlığı,"""Sultan Qaboos University""","""Computer Science"""
1574,magistratura,Oman Sultanlığı,"""Sultan Qaboos University""","""Computer Systems and Networks"""
1575,magistratura,Pakistan İslam Respublikası,"""Air University""","""Computer Science"""
1576,magistratura,Pakistan İslam Respublikası,"""Air University""","""Cyber Security"""
1577,magistratura,Pakistan İslam Respublikası,"""Capital University of Science and Technology""","""Computer Science"""
1578,magistratura,Pakistan İslam Respublikası,"""Capital University of Science and Technology""","""Electrical Engineering"""
1579,magistratura,Pakistan İslam Respublikası,"""Quaid-i-Azam University""","""İnformation Science and Technology"""
1580,magistratura,Rusiya Federasiyası,"""Bauman Moscow State Technical University""","""Applied Informatics"""
1581,magistratura,Rusiya Federasiyası,"""Bauman Moscow State Technical University""","""Electronics and Nanoelectronics"""
1582,magistratura,Rusiya Federasiyası,"""Bauman Moscow State Technical University""","""Information Systems and Technologies"""
1583,magistratura,Rusiya Federasiyası,"""ITMO University""","""Applied Informatics"""
1584,magistratura,Rusiya Federasiyası,"""ITMO University""","""Electric Power Industry and Electrical Engineering"""
1585,magistratura,Rusiya Federasiyası,"""ITMO University""","""Programming and Internet Technologies"""
1586,magistratura,Rusiya Federasiyası,"""Lomonosov Moscow State University""","""Applied Mathematics and Computer Science"""
1587,magistratura,Rusiya Federasiyası,"""Lomonosov Moscow State University""","""Fundamental Informatics and Information Technologies"""
1588,magistratura,Rusiya Federasiyası,"""Lomonosov Moscow State University""","""Mathematics and Computer Science"""
1589,magistratura,Rusiya Federasiyası,"""Saint Petersburg State University""","""Applied Informatics"""
1590,magistratura,Rusiya Federasiyası,"""Saint Petersburg State University""","""Engineering Oriented Computer Science and Artificial Intelligence"""
1591,magistratura,Səudiyyə Ərəbistanı,"""King Abdulaziz University""","""Computer Programming"""
1592,magistratura,Səudiyyə Ərəbistanı,"""King Abdulaziz University""","""Cybersecurity"""
1593,magistratura,Səudiyyə Ərəbistanı,"""King Abdulaziz University""","""Electrical Engineering and Computing"""
1594,magistratura,Səudiyyə Ərəbistanı,"""King Abdulaziz University""","""Electrical Engineering"""
1595,magistratura,Səudiyyə Ərəbistanı,"""King Fahd University of Petroleum and Minerals""","""Artificial Intelligence"""
1596,magistratura,Səudiyyə Ərəbistanı,"""King Fahd University of Petroleum and Minerals""","""Computer Engineering"""
1597,magistratura,Səudiyyə Ərəbistanı,"""King Fahd University of Petroleum and Minerals""","""Cybersecurity"""
1598,magistratura,Səudiyyə Ərəbistanı,"""King Fahd University of Petroleum and Minerals""","""Electrical Engineering"""
1599,magistratura,Səudiyyə Ərəbistanı,"""King Saud University""","""Artificial Intelligence"""
1600,magistratura,Səudiyyə Ərəbistanı,"""King Saud University""","""Computer Science"""
1601,magistratura,Səudiyyə Ərəbistanı,"""Prince Mohammad Bin Fahd University""","""Electrical Engineering"""
1602,magistratura,Sinqapur Respublikası,"""Nanyang Technological University, Singapore""","""Artificial Intelligence"""
1603,magistratura,Sinqapur Respublikası,"""Nanyang Technological University, Singapore""","""Applied Artificial Intelligence"""
1604,magistratura,Sinqapur Respublikası,"""Nanyang Technological University, Singapore""","""Computer Science and Engineering"""
1605,magistratura,Sinqapur Respublikası,"""Nanyang Technological University, Singapore""","""Electrical and Electronic Engineering"""
1606,magistratura,Sinqapur Respublikası,"""National University of Singapore""","""Electrical Engineering"""
1607,magistratura,Sinqapur Respublikası,"""National University of Singapore""","""Artificial Intelligence"""
1608,magistratura,Sinqapur Respublikası,"""National University of Singapore""","""Artificial Intelligence Systems"""
1609,magistratura,Sinqapur Respublikası,"""National University of Singapore""","""Software Engineering"""
1610,magistratura,Sinqapur Respublikası,"""National University of Singapore""","""Artificial Intelligence & Innovation"""
1611,magistratura,Sinqapur Respublikası,"""Singapore University of Technology and Design""","""Technology and Design (Artificial Intelligence)"""
1612,magistratura,Türkiyə Respublikası,"""Ankara University""","""Computer Engineering"""
1613,magistratura,Türkiyə Respublikası,"""Ankara University""","""Electrical and Electronics Engineering"""
1614,magistratura,Türkiyə Respublikası,"""Bilkent University""","""Computer Engineering"""
1615,magistratura,Türkiyə Respublikası,"""Bilkent University""","""Electrical and Electronics Engineering"""
1616,magistratura,Türkiyə Respublikası,"""Boğaziçi University""","""Computer Engineering"""
1617,magistratura,Türkiyə Respublikası,"""Boğaziçi University""","""Electrical and Electronics Engineering"""
1618,magistratura,Türkiyə Respublikası,"""Ege University""","""Computer Engineering"""
1619,magistratura,Türkiyə Respublikası,"""Ege University""","""Computer Science"""
1620,magistratura,Türkiyə Respublikası,"""Ege University""","""Electrical and Electronic Engineering"""
1621,magistratura,Türkiyə Respublikası,"""Ege University""","""Information Technologies and Internet Security"""
1622,magistratura,Türkiyə Respublikası,"""Ege University""","""Information Technologies"""
1623,magistratura,Türkiyə Respublikası,"""Gazi University""","""Electrical and Electronics Engineering"""
1624,magistratura,Türkiyə Respublikası,"""Istanbul Technical University""","""Computer Engineering"""
1625,magistratura,Türkiyə Respublikası,"""Istanbul Technical University""","""Computer Science"""
1626,magistratura,Türkiyə Respublikası,"""Istanbul Technical University""","""Cybersecurity Engineering and Cryptography"""
1627,magistratura,Türkiyə Respublikası,"""Istanbul Technical University""","""Defense Technologies"""
1628,magistratura,Türkiyə Respublikası,"""Istanbul Technical University""","""Electrical Engineering"""
1629,magistratura,Türkiyə Respublikası,"""Istanbul Technical University""","""Electronics Engineering"""
1630,magistratura,Türkiyə Respublikası,"""Istanbul Technical University""","""Game and Interaction Technologies"""
1631,magistratura,Türkiyə Respublikası,"""Istanbul Technical University""","""Information and Communications Engineering"""
1632,magistratura,Türkiyə Respublikası,"""Istanbul Technical University""","""Information Technologies"""
1633,magistratura,Türkiyə Respublikası,"""Koç University""","""Computer Science and Engineering"""
1634,magistratura,Türkiyə Respublikası,"""Koç University""","""Electrical and Electronics Engineering"""
1635,magistratura,Türkiyə Respublikası,"""Middle East Technical University""","""Computer Engineering"""
1636,magistratura,Türkiyə Respublikası,"""Middle East Technical University""","""Cyber Security"""
1637,magistratura,Türkiyə Respublikası,"""Middle East Technical University""","""Electrical and Electronics Engineering"""
1638,magistratura,Türkiyə Respublikası,"""Middle East Technical University""","""Information Systems"""
1639,magistratura,Türkiyə Respublikası,"""Sabanci University""","""Computer Science and Engineering"""
1640,magistratura,Türkiyə Respublikası,"""Sabanci University""","""Cyber Security"""
1641,magistratura,Türkiyə Respublikası,"""Sabanci University""","""Electronics Engineering"""
1642,magistratura,Türkiyə Respublikası,"""Yıldız Technical University""","""Computer Engineering"""
1643,magistratura,Türkiyə Respublikası,"""Yıldız Technical University""","""Cyber Security and Cryptography"""
1644,magistratura,Vyetnam Sosialist Respublikası,"""Duy Tan University""","""Electrical Engineering"""
1645,magistratura,Vyetnam Sosialist Respublikası,"""Duy Tan University""","""Mechanical Engineering Electrical Engineering"""
1646,magistratura,Vyetnam Sosialist Respublikası,"""Ton Duc Thang University""","""Computer Science"""
1647,magistratura,Yaponiya,"""Kyoto University""","""Communications and Computer Engineering"""
1648,magistratura,Yaponiya,"""Kyoto University""","""Intelligence Science and Technology"""
1649,magistratura,Yaponiya,"""Kyushu University""","""Electrical and Electronic Engineering"""
1650,magistratura,Yaponiya,"""Tokyo Institute of Technology""","""Computer Science"""
1651,magistratura,Yaponiya,"""Tokyo Institute of Technology""","""Electrical and Electronic Engineering"""
1652,magistratura,Yaponiya,"""Tokyo Institute of Technology""","""Mathematical and Computing Science"""
1653,magistratura,Yaponiya,"""University of Tsukuba""","""Computer Science"""
1654,magistratura,Yaponiya,"""University of Tsukuba""","""Informatics"""
1655,magistratura,Birləşmiş Krallıq,"""Queen Mary University of London""","""Data Science and Artificial Intelligence (Conversion)"""
1656,magistratura,Almaniya Federativ Respublikası,"""Heidelberg University""","""Economics"""
1657,magistratura,Almaniya Federativ Respublikası,"""LMU Munich""","""Economics"""
1658,magistratura,Almaniya Federativ Respublikası,"""LMU Munich""","""Quantitative Economics"""
1659,magistratura,Amerika Birləşmiş Ştatları,"""Columbia University""","""Economics"""
1660,magistratura,Amerika Birləşmiş Ştatları,"""Columbia University""","""Financial Economics"""
1661,magistratura,Amerika Birləşmiş Ştatları,"""Duke University""","""Economics and Computation"""
1662,magistratura,Amerika Birləşmiş Ştatları,"""Duke University""","""Economics"""
1663,magistratura,Amerika Birləşmiş Ştatları,"""Duke University""","""Quantitative Financial Economics"""
1664,magistratura,Amerika Birləşmiş Ştatları,"""University of California, Berkeley""","""Demography"""
1665,magistratura,Amerika Birləşmiş Ştatları,"""University of California, Los Angeles""","""Quantitative Economics"""
1666,magistratura,Amerika Birləşmiş Ştatları,"""University of Chicago""","""MAPSS - Economics Concentration"""
1667,magistratura,Amerika Birləşmiş Ştatları,"""University of Michigan-Ann Arbor""","""Applied Economics"""
1668,magistratura,Amerika Birləşmiş Ştatları,"""University of Washington""","""Real Estate"""
1669,magistratura,Amerika Birləşmiş Ştatları,"""Yale University""","""International and Development Economics"""
1670,magistratura,Avstraliya İttifaqı,"""University of Melbourne""","""Economics"""
1671,magistratura,Avstriya Respublikası,"""University of Vienna""","""Global Demography"""
1672,magistratura,Birləşmiş Krallıq,"""London School of Economics and Political Science""","""Econometrics and Mathematical Economics"""
1673,magistratura,Birləşmiş Krallıq,"""University of Cambridge""","""Economics"""
1674,magistratura,Birləşmiş Krallıq,"""University of Edinburgh""","""Mathematical Economics and Econometrics"""
1675,magistratura,Birləşmiş Krallıq,"""University of Manchester""","""Financial Economics"""
1676,magistratura,Birləşmiş Krallıq,"""University of Oxford""","""Economics for Development"""
1677,magistratura,Birləşmiş Krallıq,"""University of Oxford""","""Financial Economics"""
1678,magistratura,Çin Xalq Respublikası,"""Beihang University""","""Applied Economics"""
1679,magistratura,Çin Xalq Respublikası,"""Beijing Normal University""","""Population, Resources and Environmental Economics"""
1680,magistratura,Çin Xalq Respublikası,"""Chinese University of Hong Kong""","""Economics"""
1681,magistratura,Çin Xalq Respublikası,"""Harbin Institute of Technology""","""Applied Economics"""
1682,magistratura,Çin Xalq Respublikası,"""Xi’an Jiaotong University""","""Quantitative Economics"""
1683,magistratura,Çin Xalq Respublikası,"""Peking University""","""Economics"""
1684,magistratura,Çin Xalq Respublikası,"""Tsinghua University""","""Applied Economics"""
1685,magistratura,Çin Xalq Respublikası,"""Tsinghua University""","""Theoretical Economics"""
1686,magistratura,Çin Xalq Respublikası,"""University of Hong Kong""","""Economics"""
1687,magistratura,Çin Xalq Respublikası,"""Wuhan University""","""Mathematical Economics"""
1688,magistratura,İrlandiya Respublikası,"""Trinity College Dublin""","""Economics"""
1689,magistratura,İspaniya Krallığı,"""Universitat Autònoma de Barcelona (UAB)""","""Economic Analysis"""
1690,magistratura,İspaniya Krallığı,"""University of Barcelona""","""Economics"""
1691,magistratura,İsrail Dövləti,"""Ben-Gurion University of the Negev""","""Economics"""
1692,magistratura,İsveç Krallığı,"""Stockholm University""","""Demography"""
1693,magistratura,İtaliya Respublikası,"""Free University of Bozen-Bolzano""","""Accounting and Finance"""
1694,magistratura,İtaliya Respublikası,"""Sant'Anna School of Advanced Studies-Pisa""","""Economics"""
1695,magistratura,İtaliya Respublikası,"""University of Bologna""","""Applied Economics and Markets"""
1696,magistratura,İtaliya Respublikası,"""University of Bologna""","""Economics and Econometrics"""
1697,magistratura,İtaliya Respublikası,"""University of Bologna""","""Economics and Public Policy"""
1698,magistratura,İtaliya Respublikası,"""University of Bologna""","""Geography and Territorial Processes"""
1699,magistratura,İtaliya Respublikası,"""University of Bologna""","""Resource Economics and Sustainable Development"""
1700,magistratura,İtaliya Respublikası,"""University of Naples-Federico II""","""Economics and Finance"""
1701,magistratura,İtaliya Respublikası,"""University of Pisa""","""Economics"""
1702,magistratura,İtaliya Respublikası,"""University of Rome II- Tor Vergata""","""Economics and Management"""
1703,magistratura,İtaliya Respublikası,"""University of Rome II- Tor Vergata""","""Economics"""
1704,magistratura,İtaliya Respublikası,"""University of Siena""","""Economics"""
1705,magistratura,Koreya Respublikası,"""Hanyang University""","""Applied Economics"""
1706,magistratura,Koreya Respublikası,"""Seoul National University""","""Economics"""
1707,magistratura,Koreya Respublikası,"""Sungkyunkwan University (SKKU)""","""Economics"""
1708,magistratura,Koreya Respublikası,"""Sungkyunkwan University (SKKU)""","""International Trade"""
1709,magistratura,Koreya Respublikası,"""Sungkyunkwan University (SKKU)""","""Quantitative Applied Economics"""
1710,magistratura,Malayziya,"""Universiti Kebangsaan Malaysia""","""Behavioral Economics"""
1711,magistratura,Malayziya,"""Universiti Kebangsaan Malaysia""","""Econometrics"""
1712,magistratura,Malayziya,"""Universiti Teknologi Malaysia""","""Real Estate"""
1713,magistratura,Malayziya,"""Universiti Utara Malaysia""","""Economics"""
1714,magistratura,Malayziya,"""University of Malaya""","""Economics"""
1715,magistratura,Malayziya,"""University of Malaya""","""Real Estate"""
1716,magistratura,Pakistan İslam Respublikası,"""Capital University of Science and Technology""","""Accounting and Finance"""
1717,magistratura,Rusiya Federasiyası,"""HSE University""","""Economics and Economic Policy"""
1718,magistratura,Rusiya Federasiyası,"""HSE University""","""Financial Economics"""
1719,magistratura,Rusiya Federasiyası,"""MGIMO University""","""Economics"""
1720,magistratura,Səudiyyə Ərəbistanı,"""King Abdulaziz University""","""Economics"""
1721,magistratura,Türkiyə Respublikası,"""Bilkent University""","""Economics"""
1722,magistratura,Türkiyə Respublikası,"""Boğaziçi University""","""Economics and Finance"""
1723,magistratura,Türkiyə Respublikası,"""Boğaziçi University""","""Economics"""
1724,magistratura,Türkiyə Respublikası,"""Hacettepe University""","""Demography"""
1725,magistratura,Türkiyə Respublikası,"""Hacettepe University""","""Economics"""
1726,magistratura,Türkiyə Respublikası,"""Hacettepe University""","""Financial Economics"""
1727,magistratura,Türkiyə Respublikası,"""Istanbul Technical University""","""Economics"""
1728,magistratura,Türkiyə Respublikası,"""Marmara University""","""Financial Econometrics"""
1729,magistratura,Türkiyə Respublikası,"""Middle East Technical University""","""Economics"""
1730,magistratura,Türkiyə Respublikası,"""Sabanci University""","""Economics"""
1731,magistratura,Yaponiya,"""Kyushu University""","""Financial and Business Economics"""
1732,magistratura,Yaponiya,"""Kyushu University""","""Public Economics"""
1733,magistratura,Yaponiya,"""Tohoku University""","""Economics and Management"""
1734,magistratura,Almaniya Federativ Respublikası,"""Justus Liebig University Giessen""","""Agrobioinformatics"""
1735,magistratura,Almaniya Federativ Respublikası,"""Humboldt University of Berlin""","""Agricultural Economics"""
1736,magistratura,Almaniya Federativ Respublikası,"""Humboldt University of Berlin""","""Fish Biology, Fisheries and Aquaculture"""
1737,magistratura,Almaniya Federativ Respublikası,"""Technical University of Munich""","""Agricultural Biosciences"""
1738,magistratura,Almaniya Federativ Respublikası,"""Technical University of Munich""","""Agrosystem Sciences"""
1739,magistratura,Almaniya Federativ Respublikası,"""Technical University of Munich""","""Food Chemistry"""
1740,magistratura,Almaniya Federativ Respublikası,"""University of Göttingen""","""Agricultural Sciences"""
1741,magistratura,Almaniya Federativ Respublikası,"""University of Göttingen""","""Crop Protection"""
1742,magistratura,Almaniya Federativ Respublikası,"""University of Göttingen""","""Equine Science"""
1743,magistratura,Almaniya Federativ Respublikası,"""University of Göttingen""","""Forest and Ecosystem Sciences"""
1744,magistratura,Almaniya Federativ Respublikası,"""University of Göttingen""","""Forest Sciences and Forest Ecology"""
1745,magistratura,Almaniya Federativ Respublikası,"""University of Göttingen""","""Integrated Plant and Animal Breeding"""
1746,magistratura,Almaniya Federativ Respublikası,"""University of Göttingen""","""Sustainable Forest and Nature Management"""
1747,magistratura,Amerika Birləşmiş Ştatları,"""University of California, Davis""","""Biological Systems Engineering"""
1748,magistratura,Amerika Birləşmiş Ştatları,"""University of Pennsylvania""","""Animal Welfare and Behavior"""
1749,magistratura,Avstraliya İttifaqı,"""Australian National University""","""Agricultural Innovation"""
1750,magistratura,Avstraliya İttifaqı,"""University of Queensland""","""Agricultural Biotechnology"""
1751,magistratura,Avstraliya İttifaqı,"""University of Queensland""","""Agricultural Science"""
1752,magistratura,Avstraliya İttifaqı,"""University of Melbourne""","""Agricultural Science and Food Science"""
1753,magistratura,Avstraliya İttifaqı,"""University of Melbourne""","""Horticulture"""
1754,magistratura,Birləşmiş Ərəb Əmirlikləri,"""United Arab Emirates University""","""Food Science"""
1755,magistratura,Birləşmiş Ərəb Əmirlikləri,"""United Arab Emirates University""","""Horticulture"""
1756,magistratura,Birləşmiş Ərəb Əmirlikləri,"""United Arab Emirates University""","""Water Resources"""
1757,magistratura,Birləşmiş Krallıq,"""University of Cambridge""","""Biological Science (Veterinary Medicine)"""
1758,magistratura,Birləşmiş Krallıq,"""University of Cambridge""","""Veterinary Science"""
1759,magistratura,Birləşmiş Krallıq,"""University of Edinburgh""","""Animal Breeding and Genetics"""
1760,magistratura,Birləşmiş Krallıq,"""University of Edinburgh""","""Applied Animal Behaviour and Animal Welfare"""
1761,magistratura,Birləşmiş Krallıq,"""University of Glasgow""","""Food Security"""
1762,magistratura,Birləşmiş Krallıq,"""University of Nottingham""","""Food Process Engineering"""
1763,magistratura,Birləşmiş Krallıq,"""University of Nottingham""","""Food Production Management"""
1764,magistratura,Çin Xalq Respublikası,"""Shanghai University""","""Food Science"""
1765,magistratura,Çin Xalq Respublikası,"""Tianjin University""","""Agriculture"""
1766,magistratura,Çin Xalq Respublikası,"""Tianjin University""","""Food Science"""
1767,magistratura,Çin Xalq Respublikası,"""University of Hong Kong""","""Science in the field of Food Safety and Toxicology"""
1768,magistratura,Çin Xalq Respublikası,"""Zhejiang University""","""Agricultural Biological Environmental and Energy Engineering"""
1769,magistratura,Çin Xalq Respublikası,"""Zhejiang University""","""Agricultural Electrification and Automation"""
1770,magistratura,Çin Xalq Respublikası,"""Zhejiang University""","""Agricultural Entomology and Pest Control"""
1771,magistratura,Çin Xalq Respublikası,"""Zhejiang University""","""Agricultural Mechanization Engineering"""
1772,magistratura,Çin Xalq Respublikası,"""Zhejiang University""","""Agricultural Remote Sensing and Information Technology"""
1773,magistratura,Çin Xalq Respublikası,"""Zhejiang University""","""Agricultural Water-soil Engineering"""
1774,magistratura,Çin Xalq Respublikası,"""Zhejiang University""","""Crop Cultivation and Farming System"""
1775,magistratura,Çin Xalq Respublikası,"""Zhejiang University""","""Crop Genetics and Breeding"""
1776,magistratura,Çin Xalq Respublikası,"""Zhejiang University""","""Seed Science and Technology"""
1777,magistratura,Çin Xalq Respublikası,"""Zhejiang University""","""Soil Science"""
1778,magistratura,Finlandiya Respublikası,"""University of Helsinki""","""Agricultural Sciences"""
1779,magistratura,Finlandiya Respublikası,"""University of Helsinki""","""Agricultural, Environmental and Resource Economics"""
1780,magistratura,Finlandiya Respublikası,"""University of Helsinki""","""Integrative Plant Sciences"""
1781,magistratura,İrlandiya Respublikası,"""University College Dublin""","""Biosystems and Food Engineering"""
1782,magistratura,İrlandiya Respublikası,"""University College Dublin""","""Digital Technology for Sustainable Agriculture"""
1783,magistratura,İspaniya Krallığı,"""University of Barcelona""","""Food Research, Development and Innovation"""
1784,magistratura,İspaniya Krallığı,"""University of Barcelona""","""Food Safety"""
1785,magistratura,İsrail Dövləti,"""Hebrew University of Jerusalem""","""Animal Sciences"""
1786,magistratura,İsrail Dövləti,"""Hebrew University of Jerusalem""","""Agroecology and Plant Health"""
1787,magistratura,İsrail Dövləti,"""Hebrew University of Jerusalem""","""Animal Husbandry and Veterinary Science"""
1788,magistratura,İsrail Dövləti,"""Hebrew University of Jerusalem""","""Field and Vegetable Crops"""
1789,magistratura,İsrail Dövləti,"""Hebrew University of Jerusalem""","""Plant Science"""
1790,magistratura,İsrail Dövləti,"""Technion Israel Institute of Technology""","""Agricultural Engineering"""
1791,magistratura,İsrail Dövləti,"""Technion Israel Institute of Technology""","""Biotechnology and Food Engineering"""
1792,magistratura,İsveçrə Konfederasiyası,"""ETH Zurich""","""Agricultural Sciences"""
1793,magistratura,İtaliya Respublikası,"""Free University of Bozen-Bolzano""","""Food Sciences for Innovation and Authenticity"""
1794,magistratura,İtaliya Respublikası,"""Free University of Bozen-Bolzano""","""Horticultural Science"""
1795,magistratura,İtaliya Respublikası,"""University of Bologna""","""Food Safety and Food Risk Management"""
1796,magistratura,İtaliya Respublikası,"""University of Bologna""","""Safety and Quality in Animal Production"""
1797,magistratura,İtaliya Respublikası,"""University of Florence""","""Tropical and Subtropical Agriculture"""
1798,magistratura,İtaliya Respublikası,"""University of Milan""","""Agricultural Sciences for Sustainability"""
1799,magistratura,İtaliya Respublikası,"""University of Milan""","""Animal Husbandry Sciences and Technologies"""
1800,magistratura,İtaliya Respublikası,"""University of Milan""","""Crops and Plant Sciences"""
1801,magistratura,İtaliya Respublikası,"""University of Milan""","""Plant Science"""
1802,magistratura,İtaliya Respublikası,"""University of Milan""","""Veterinary Biotechnology Sciences"""
1803,magistratura,İtaliya Respublikası,"""University of Pavia""","""Agri-food Sustainability"""
1804,magistratura,İtaliya Respublikası,"""University of Trento""","""Agrifood Innovation Management"""
1805,magistratura,Koreya Respublikası,"""Seoul National University""","""Agricultural and Forest Meteorology"""
1806,magistratura,Koreya Respublikası,"""Seoul National University""","""Agricultural Biotechnology"""
1807,magistratura,Koreya Respublikası,"""Seoul National University""","""Agricultural Genomics"""
1808,magistratura,Koreya Respublikası,"""Seoul National University""","""Crop Science and Biotechnology"""
1809,magistratura,Koreya Respublikası,"""Seoul National University""","""Food Science and Biotechnology"""
1810,magistratura,Koreya Respublikası,"""Seoul National University""","""Forest Environmental Science"""
1811,magistratura,Koreya Respublikası,"""Seoul National University""","""Horticultural Science"""
1812,magistratura,Litva,"""Lithuanian University of Health Sciences""","""Animal and Human Interaction / Agricultural Sciences"""
1813,magistratura,Litva,"""Lithuanian University of Health Sciences""","""Animal Science"""
1814,magistratura,Litva,"""Lithuanian University of Health Sciences""","""Food Science"""
1815,magistratura,Macarıstan,"""Hungarian University of Agriculture and Life Sciences,
MATE""","""Agricultural Biotechnology"""
1816,magistratura,Macarıstan,"""Hungarian University of Agriculture and Life Sciences,
MATE""","""Agricultural Water Management Engineering"""
1817,magistratura,Macarıstan,"""Hungarian University of Agriculture and Life Sciences,
MATE""","""Animal Nutrition and Feed Safety Engineering"""
1818,magistratura,Macarıstan,"""Hungarian University of Agriculture and Life Sciences,
MATE""","""Crop Production Engineering"""
1819,magistratura,Macarıstan,"""Hungarian University of Agriculture and Life Sciences,
MATE""","""Food Safety and Quality Engineering"""
1820,magistratura,Macarıstan,"""Hungarian University of Agriculture and Life Sciences,
MATE""","""Horticultural Engineering"""
1821,magistratura,Macarıstan,"""Hungarian University of Agriculture and Life Sciences,
MATE""","""Plant Protection"""
1822,magistratura,Macarıstan,"""Hungarian University of Agriculture and Life Sciences,
MATE""","""Rural Development and Agribusiness"""
1823,magistratura,Macarıstan,"""Széchenyi István University""","""Agricultural Biotechnology (Plant and Animal)"""
1824,magistratura,Macarıstan,"""Széchenyi István University""","""Agricultural Water Management Engineering"""
1825,magistratura,Macarıstan,"""Széchenyi István University""","""Crop Production Engineering"""
1826,magistratura,Macarıstan,"""Széchenyi István University""","""Wildlife Conservation and Management"""
1827,magistratura,Macarıstan,"""University of Debrecen""","""Agricultural Environmental Management Engineering"""
1828,magistratura,Macarıstan,"""University of Debrecen""","""Agricultural Water Management Engineering"""
1829,magistratura,Macarıstan,"""University of Debrecen""","""Animal Husbandry Engineering"""
1830,magistratura,Malayziya,"""Universiti Kebangsaan Malaysia""","""Food Science"""
1831,magistratura,Malayziya,"""University of Malaya""","""Agricultural Biosecurity"""
1832,magistratura,Malayziya,"""University of Malaya""","""Crop Protection"""
1833,magistratura,Niderland Krallığı,"""Wageningen University & Research""","""Animal Sciences"""
1834,magistratura,Niderland Krallığı,"""Wageningen University & Research""","""Aquaculture and Marine Resource Management"""
1835,magistratura,Niderland Krallığı,"""Wageningen University & Research""","""Biobased Sciences"""
1836,magistratura,Niderland Krallığı,"""Wageningen University & Research""","""Food Quality Management"""
1837,magistratura,Niderland Krallığı,"""Wageningen University & Research""","""Food Safety"""
1838,magistratura,Niderland Krallığı,"""Wageningen University & Research""","""Food Technology"""
1839,magistratura,Niderland Krallığı,"""Wageningen University & Research""","""Forest and Nature Conservation"""
1840,magistratura,Niderland Krallığı,"""Wageningen University & Research""","""International Land and Water Management"""
1841,magistratura,Niderland Krallığı,"""Wageningen University & Research""","""Plant Biotechnology"""
1842,magistratura,Niderland Krallığı,"""Wageningen University & Research""","""Plant Sciences"""
1843,magistratura,Polşa,"""Poznan University of Life Sciences""","""Agronomy"""
1844,magistratura,Polşa,"""Poznan University of Life Sciences""","""Animal Production Management"""
1845,magistratura,Polşa,"""Poznan University of Life Sciences""","""Horticulture: Seed Science and Technology"""
1846,magistratura,Polşa,"""University of Agriculture in Krakow""","""Environmental and Plant Biotechnology"""
1847,magistratura,Polşa,"""University of Agriculture in Krakow""","""Food Engineering"""
1848,magistratura,Polşa,"""University of Agriculture in Krakow""","""Horticultural Science"""
1849,magistratura,Polşa,"""Warsaw University of Life Sciences""","""Horticulture"""
1850,magistratura,Rusiya Federasiyası,"""Novosibirsk State Agrarian University""","""Agricultural chemistry and Soil science"""
1851,magistratura,Rusiya Federasiyası,"""Novosibirsk State Agrarian University""","""Agricultural Engineering"""
1852,magistratura,Rusiya Federasiyası,"""Novosibirsk State Agrarian University""","""Agronomy"""
1853,magistratura,Rusiya Federasiyası,"""Novosibirsk State Agrarian University""","""Animal food production"""
1854,magistratura,Rusiya Federasiyası,"""Novosibirsk State Agrarian University""","""Veterinary and Sanitary Expertise"""
1855,magistratura,Rusiya Federasiyası,"""Russian State Agrarian University - Moscow Timiryazev Agricultural Academy""","""Agrarian chemistry and agrarian soil science"""
1856,magistratura,Rusiya Federasiyası,"""Russian State Agrarian University - Moscow Timiryazev Agricultural Academy""","""Agronomy"""
1857,magistratura,Rusiya Federasiyası,"""Russian State Agrarian University - Moscow Timiryazev Agricultural Academy""","""Veterinary and Sanitary Expertise"""
1858,magistratura,Rusiya Federasiyası,"""Saint Petersburg State University""","""Soil Science"""
1859,magistratura,Tayland Krallığı,"""Chulalongkorn University""","""Food Science and Technology"""
1860,magistratura,Türkiyə Respublikası,"""Ankara University""","""Agricultural Economics"""
1861,magistratura,Türkiyə Respublikası,"""Ankara University""","""Agricultural Machinery and Technologies Engineering"""
1862,magistratura,Türkiyə Respublikası,"""Ankara University""","""Agricultural Structures and Irrigation"""
1863,magistratura,Türkiyə Respublikası,"""Ankara University""","""Dairy Technology"""
1864,magistratura,Türkiyə Respublikası,"""Ankara University""","""Field Crops"""
1865,magistratura,Türkiyə Respublikası,"""Ankara University""","""Fisheries and Aquaculture"""
1866,magistratura,Türkiyə Respublikası,"""Ankara University""","""Food Engineering"""
1867,magistratura,Türkiyə Respublikası,"""Ankara University""","""Horticulture"""
1868,magistratura,Türkiyə Respublikası,"""Ankara University""","""Integrated Water Management"""
1869,magistratura,Türkiyə Respublikası,"""Ankara University""","""Plant Protection Food Safety"""
1870,magistratura,Türkiyə Respublikası,"""Ankara University""","""Veterinary Anatomy"""
1871,magistratura,Türkiyə Respublikası,"""Ankara University""","""Veterinary Biochemistry"""
1872,magistratura,Türkiyə Respublikası,"""Ankara University""","""Veterinary Biostatistics"""
1873,magistratura,Türkiyə Respublikası,"""Ankara University""","""Veterinary Food Hygiene and Technology"""
1874,magistratura,Türkiyə Respublikası,"""Ankara University""","""Veterinary Internal Diseases"""
1875,magistratura,Türkiyə Respublikası,"""Ankara University""","""Veterinary Microbiology"""
1876,magistratura,Türkiyə Respublikası,"""Ankara University""","""Veterinary Parasitology"""
1877,magistratura,Türkiyə Respublikası,"""Ankara University""","""Veterinary Pathology"""
1878,magistratura,Türkiyə Respublikası,"""Ankara University""","""Veterinary Surgery"""
1879,magistratura,Türkiyə Respublikası,"""Ankara University""","""Veterinary Virology"""
1880,magistratura,Türkiyə Respublikası,"""Ege University""","""Agricultural Economics"""
1881,magistratura,Türkiyə Respublikası,"""Ege University""","""Agricultural Machinery and Technologies Engineering"""
1882,magistratura,Türkiyə Respublikası,"""Ege University""","""Agricultural Management"""
1883,magistratura,Türkiyə Respublikası,"""Ege University""","""Aquaculture"""
1884,magistratura,Türkiyə Respublikası,"""Ege University""","""Animal Breeding"""
1885,magistratura,Türkiyə Respublikası,"""Ege University""","""Farm Structures and Irrigation"""
1886,magistratura,Türkiyə Respublikası,"""Ege University""","""Field Crops"""
1887,magistratura,Türkiyə Respublikası,"""Ege University""","""Fishing and Processing Technology"""
1888,magistratura,Türkiyə Respublikası,"""Ege University""","""Grassland and Forage Crops"""
1889,magistratura,Türkiyə Respublikası,"""Ege University""","""Horticulture Sciences"""
1890,magistratura,Türkiyə Respublikası,"""Ege University""","""Phytopathology"""
1891,magistratura,Türkiyə Respublikası,"""Ege University""","""Plant Breeding and Genetics"""
1892,magistratura,Türkiyə Respublikası,"""Ege University""","""Plant Breeding"""
1893,magistratura,Türkiyə Respublikası,"""Ege University""","""Plant Protection"""
1894,magistratura,Türkiyə Respublikası,"""Ege University""","""Processing Technology"""
1895,magistratura,Türkiyə Respublikası,"""Ege University""","""Seed Science and Technology"""
1896,magistratura,Yaponiya,"""University of Tokyo""","""Agricultural and Environmental Biology"""
1897,magistratura,Yaponiya,"""University of Tokyo""","""Agricultural and Resource Economics"""
1898,magistratura,Yaponiya,"""University of Tokyo""","""Forest Science"""
1899,magistratura,Almaniya Federativ Respublikası,"""LMU Munich""","""Financial and Insurance Mathematics"""
1900,magistratura,Almaniya Federativ Respublikası,"""Technical University of Munich""","""Finance and Information Management"""
1901,magistratura,Almaniya Federativ Respublikası,"""Technical University of Munich""","""Mathematical Finance and Actuarial Science"""
1902,magistratura,Amerika Birləşmiş Ştatları,"""Carnegie Mellon University""","""Computational Finance"""
1903,magistratura,Amerika Birləşmiş Ştatları,"""Columbia University""","""Financial Engineering"""
1904,magistratura,Amerika Birləşmiş Ştatları,"""Harvard University""","""Finance"""
1905,magistratura,Amerika Birləşmiş Ştatları,"""Johns Hopkins University""","""Finance"""
1906,magistratura,Amerika Birləşmiş Ştatları,"""Princeton University""","""Finance"""
1907,magistratura,Amerika Birləşmiş Ştatları,"""University of California, Los Angeles""","""Financial Engineering"""
1908,magistratura,Amerika Birləşmiş Ştatları,"""University of Chicago""","""Financial Math"""
1909,magistratura,Amerika Birləşmiş Ştatları,"""University of Michigan-Ann Arbor""","""Quantitative Finance and Risk Management"""
1910,magistratura,Amerika Birləşmiş Ştatları,"""University of Pennsylvania""","""Finance"""
1911,magistratura,Amerika Birləşmiş Ştatları,"""University of Washington""","""Computational Finance and Risk Management"""
1912,magistratura,Avstraliya İttifaqı,"""University of Melbourne""","""Finance"""
1913,magistratura,Birləşmiş Ərəb Əmirlikləri,"""Zayed University""","""Finance"""
1914,magistratura,Birləşmiş Krallıq,"""Imperial College London""","""Mathematics and Finance"""
1915,magistratura,Birləşmiş Krallıq,"""King’s College London""","""Financial Mathematics"""
1916,magistratura,Birləşmiş Krallıq,"""London Business School""","""Finance"""
1917,magistratura,Birləşmiş Krallıq,"""London Business School""","""Financial Analysis"""
1918,magistratura,Birləşmiş Krallıq,"""London School of Economics and Political Science""","""Finance and Economics"""
1919,magistratura,Birləşmiş Krallıq,"""London School of Economics and Political Science""","""Finance and Private Equity"""
1920,magistratura,Birləşmiş Krallıq,"""London School of Economics and Political Science""","""Finance"""
1921,magistratura,Birləşmiş Krallıq,"""London School of Economics and Political Science""","""Financial Mathematics"""
1922,magistratura,Birləşmiş Krallıq,"""UCL""","""Computational Finance"""
1923,magistratura,Birləşmiş Krallıq,"""UCL""","""Financial Mathematics"""
1924,magistratura,Birləşmiş Krallıq,"""University of Cambridge""","""Finance and Economics"""
1925,magistratura,Birləşmiş Krallıq,"""University of Cambridge""","""Finance"""
1926,magistratura,Birləşmiş Krallıq,"""University of Edinburgh""","""Financial Modelling and Optimization"""
1927,magistratura,Çin Xalq Respublikası,"""Fudan University""","""Finance(Financial Engineering Management)"""
1928,magistratura,Çin Xalq Respublikası,"""Huazhong University of Science and Technology""","""Finance"""
1929,magistratura,Çin Xalq Respublikası,"""Xi’an Jiaotong University""","""Finance"""
1930,magistratura,Çin Xalq Respublikası,"""Xi’an Jiaotong University""","""Financial Engineering"""
1931,magistratura,Çin Xalq Respublikası,"""Xiamen University""","""Finance"""
1932,magistratura,Çin Xalq Respublikası,"""Peking University""","""Finance"""
1933,magistratura,Çin Xalq Respublikası,"""Shanghai Jiao Tong University""","""Finance"""
1934,magistratura,Çin Xalq Respublikası,"""Shanghai University""","""Finance"""
1935,magistratura,Çin Xalq Respublikası,"""Tsinghua University""","""Finance"""
1936,magistratura,Çin Xalq Respublikası,"""University of Hong Kong""","""Finance in Financial Technology"""
1937,magistratura,Çin Xalq Respublikası,"""University of Hong Kong""","""Finance"""
1938,magistratura,İrlandiya Respublikası,"""Dublin City University""","""Finance"""
1939,magistratura,İrlandiya Respublikası,"""Dublin City University""","""Financial Mathematics"""
1940,magistratura,İrlandiya Respublikası,"""Trinity College Dublin""","""Finance"""
1941,magistratura,İsveçrə Konfederasiyası,"""École Polytechnique Fédérale de Lausanne""","""Financial Engineering"""
1942,magistratura,İsveçrə Konfederasiyası,"""ETH Zurich""","""Quantitative Finance"""
1943,magistratura,İtaliya Respublikası,"""University of Bologna""","""Quantitative Finance"""
1944,magistratura,İtaliya Respublikası,"""University of Florence""","""Accounting and Auditing"""
1945,magistratura,İtaliya Respublikası,"""University of Milan""","""Finance and Economics"""
1946,magistratura,İtaliya Respublikası,"""University of Pavia""","""Finance"""
1947,magistratura,İtaliya Respublikası,"""University of Rome II- Tor Vergata""","""Finance and Banking"""
1948,magistratura,İtaliya Respublikası,"""University of Rome II- Tor Vergata""","""Financial Markets and Financial Intermediaries"""
1949,magistratura,İtaliya Respublikası,"""University of Siena""","""Finance"""
1950,magistratura,Koreya Respublikası,"""Hanyang University""","""Finance and Insurance"""
1951,magistratura,Malayziya,"""Universiti Kebangsaan Malaysia""","""Finance"""
1952,magistratura,Rusiya Federasiyası,"""HSE University""","""Financial Engineering"""
1953,magistratura,Sinqapur Respublikası,"""Nanyang Technological University, Singapore""","""Financial Engineering"""
1954,magistratura,Sinqapur Respublikası,"""Nanyang Technological University, Singapore""","""Financial Technology"""
1955,magistratura,Türkiyə Respublikası,"""Koç University""","""Finance"""
1956,magistratura,Türkiyə Respublikası,"""Sabanci University""","""Finance"""
1957,magistratura,İtaliya Respublikası,"""Polytechnic University of Milan""","""Building Engineering"""
1958,magistratura,İtaliya Respublikası,"""Polytechnic University of Turin""","""Building Engineering"""
1959,magistratura,Avstraliya İttifaqı,"""University of Adelaide""","""Petroleum Engineering"""
1960,magistratura,Almaniya Federativ Respublikası,"""Technical University of Munich""","""Environmental Engineering"""
1961,magistratura,Amerika Birləşmiş Ştatları,"""Yale University""","""Environmental Engineering"""
1962,magistratura,Birləşmiş Krallıq,"""Imperial College London""","""Environmental Engineering"""
1963,magistratura,Çin Xalq Respublikası,"""Xiamen University""","""Environmental Engineering"""
1964,magistratura,Çin Xalq Respublikası,"""Peking University""","""Environmental Engineering"""
1965,magistratura,Çin Xalq Respublikası,"""Sichuan University""","""Environmental Engineering"""
1966,magistratura,Çin Xalq Respublikası,"""Wuhan University""","""Environmental Engineering"""
1967,magistratura,Çin Xalq Respublikası,"""Zhejiang University""","""Environmental Engineering"""
1968,magistratura,İspaniya Krallığı,"""University of Barcelona""","""Environmental Engineering"""
1969,magistratura,İsrail Dövləti,"""Technion Israel Institute of Technology""","""Environmental Engineering"""
1970,magistratura,İsrail Dövləti,"""Tel Aviv University""","""Environmental Engineering"""
1971,magistratura,İsveçrə Konfederasiyası,"""ETH Zurich""","""Environmental Engineering"""
1972,magistratura,İtaliya Respublikası,"""Sapienza University of Rome""","""Environmental Engineering"""
1973,magistratura,Qətər Dövləti,"""Qatar University""","""Environmental Engineering"""
1974,magistratura,Türkiyə Respublikası,"""Yıldız Technical University""","""Environmental Engineering"""
1975,magistratura,Vyetnam Sosialist Respublikası,"""Ton Duc Thang University""","""Environmental Engineering"""
1976,magistratura,Almaniya Federativ Respublikası,"""RWTH Aachen University""","""Automation Engineering"""
1977,magistratura,Almaniya Federativ Respublikası,"""RWTH Aachen University""","""Automotive Engineering"""
1978,magistratura,Almaniya Federativ Respublikası,"""RWTH Aachen University""","""Civil Engineering"""
1979,magistratura,Almaniya Federativ Respublikası,"""RWTH Aachen University""","""Computer Aided Conception and Production in Mechanical Engineering"""
1980,magistratura,Almaniya Federativ Respublikası,"""RWTH Aachen University""","""Construction and Robotics"""
1981,magistratura,Almaniya Federativ Respublikası,"""RWTH Aachen University""","""General Mechanical Engineering"""
1982,magistratura,Almaniya Federativ Respublikası,"""RWTH Aachen University""","""Materials Engineering """
1983,magistratura,Almaniya Federativ Respublikası,"""RWTH Aachen University""","""Networked Production Engineering """
1984,magistratura,Almaniya Federativ Respublikası,"""RWTH Aachen University""","""Power Engineering"""
1985,magistratura,Almaniya Federativ Respublikası,"""RWTH Aachen University""","""Process Engineering"""
1986,magistratura,Almaniya Federativ Respublikası,"""RWTH Aachen University""","""Production Systems Engineering"""
1987,magistratura,Almaniya Federativ Respublikası,"""RWTH Aachen University""","""Robotic Systems Engineering"""
1988,magistratura,Almaniya Federativ Respublikası,"""RWTH Aachen University""","""Structural Engineering"""
1989,magistratura,Almaniya Federativ Respublikası,"""Technical University of Munich""","""Robotics, Cognition, Intelligence"""
1990,magistratura,Almaniya Federativ Respublikası,"""Technical University Berlin""","""Chemical Engineering"""
1991,magistratura,Almaniya Federativ Respublikası,"""Technical University Berlin""","""Civil Engineering"""
1992,magistratura,Almaniya Federativ Respublikası,"""Technical University Berlin""","""Civil Systems Engineering"""
1993,magistratura,Almaniya Federativ Respublikası,"""Technical University Berlin""","""Engineering Science"""
1994,magistratura,Almaniya Federativ Respublikası,"""Technical University Berlin""","""Industrial Engineering and Management"""
1995,magistratura,Almaniya Federativ Respublikası,"""Technical University Berlin""","""Mathematical Engineering"""
1996,magistratura,Almaniya Federativ Respublikası,"""Technical University Berlin""","""Mechanical Engineering"""
1997,magistratura,Almaniya Federativ Respublikası,"""Technical University Berlin""","""Production Engineering"""
1998,magistratura,Almaniya Federativ Respublikası,"""Technical University Berlin""","""Vehicle Engineering"""
1999,magistratura,Almaniya Federativ Respublikası,"""Technical University of Munich""","""Automotive Engineering"""
2000,magistratura,Almaniya Federativ Respublikası,"""Technical University of Munich""","""Chemical Engineering"""
2001,magistratura,Almaniya Federativ Respublikası,"""Technical University of Munich""","""Materials Science and Engineering"""
2002,magistratura,Almaniya Federativ Respublikası,"""Technical University of Munich""","""Mathematics in Science and Engineering"""
2003,magistratura,Almaniya Federativ Respublikası,"""Technical University of Munich""","""Mechanical Engineering"""
2004,magistratura,Almaniya Federativ Respublikası,"""Technical University of Munich""","""Mechatronics and Robotics"""
2005,magistratura,Almaniya Federativ Respublikası,"""Technical University of Munich""","""Power Engineering"""
2006,magistratura,Almaniya Federativ Respublikası,"""University of Bonn""","""Geodetic Engineering"""
2007,magistratura,Amerika Birləşmiş Ştatları,"""California Institute of Technology""","""Applied Mechanics"""
2008,magistratura,Amerika Birləşmiş Ştatları,"""California Institute of Technology""","""Civil Engineering"""
2009,magistratura,Amerika Birləşmiş Ştatları,"""California Institute of Technology""","""Mechanical Engineering"""
2010,magistratura,Amerika Birləşmiş Ştatları,"""Carnegie Mellon University""","""Biotechnology and Pharmaceutical Engineering"""
2011,magistratura,Amerika Birləşmiş Ştatları,"""Carnegie Mellon University""","""Chemical Engineering"""
2012,magistratura,Amerika Birləşmiş Ştatları,"""Carnegie Mellon University""","""Civil and Environmental Engineering"""
2013,magistratura,Amerika Birləşmiş Ştatları,"""Carnegie Mellon University""","""Computational Materials Science and Engineering"""
2014,magistratura,Amerika Birləşmiş Ştatları,"""Carnegie Mellon University""","""Engineering and Public Policy"""
2015,magistratura,Amerika Birləşmiş Ştatları,"""Carnegie Mellon University""","""Mechanical Engineering"""
2016,magistratura,Amerika Birləşmiş Ştatları,"""Columbia University""","""Civil Engineering and Engineer Mechanics"""
2017,magistratura,Amerika Birləşmiş Ştatları,"""Columbia University""","""Industrial Engineering"""
2018,magistratura,Amerika Birləşmiş Ştatları,"""Columbia University""","""Mechanical Engineering"""
2019,magistratura,Amerika Birləşmiş Ştatları,"""Cornell University""","""Engineering"""
2020,magistratura,Amerika Birləşmiş Ştatları,"""Duke University""","""Civil and Environmental Engineering"""
2021,magistratura,Amerika Birləşmiş Ştatları,"""Duke University""","""Materials Science and Engineering"""
2022,magistratura,Amerika Birləşmiş Ştatları,"""Johns Hopkins University""","""Chemical and Biomolecular Engineering"""
2023,magistratura,Amerika Birləşmiş Ştatları,"""Johns Hopkins University""","""Civil Engineering"""
2024,magistratura,Amerika Birləşmiş Ştatları,"""Johns Hopkins University""","""Geography and Environmental Engineering"""
2025,magistratura,Amerika Birləşmiş Ştatları,"""Johns Hopkins University""","""Materials Science and Engineering"""
2026,magistratura,Amerika Birləşmiş Ştatları,"""Johns Hopkins University""","""Mechanical Engineering"""
2027,magistratura,Amerika Birləşmiş Ştatları,"""Johns Hopkins University""","""Robotics"""
2028,magistratura,Amerika Birləşmiş Ştatları,"""Massachusetts Institute of Technology""","""Chemical Engineering"""
2029,magistratura,Amerika Birləşmiş Ştatları,"""Massachusetts Institute of Technology""","""Civil and Environmental Engineering"""
2030,magistratura,Amerika Birləşmiş Ştatları,"""Massachusetts Institute of Technology""","""Materials Science and Engineering"""
2031,magistratura,Amerika Birləşmiş Ştatları,"""Massachusetts Institute of Technology""","""Mechanical Engineering"""
2032,magistratura,Amerika Birləşmiş Ştatları,"""Stanford University""","""Chemical Engineering"""
2033,magistratura,Amerika Birləşmiş Ştatları,"""Stanford University""","""Civil and Environmental Engineering"""
2034,magistratura,Amerika Birləşmiş Ştatları,"""Stanford University""","""Management Science and Engineering"""
2035,magistratura,Amerika Birləşmiş Ştatları,"""Stanford University""","""Materials Science and Engineering """
2036,magistratura,Amerika Birləşmiş Ştatları,"""University of California, Berkeley""","""Civil and Environmental Engineering"""
2037,magistratura,Amerika Birləşmiş Ştatları,"""University of California, Berkeley""","""Materials Science and Engineering"""
2038,magistratura,Amerika Birləşmiş Ştatları,"""University of California, Berkeley""","""Mechanical Engineering"""
2039,magistratura,Amerika Birləşmiş Ştatları,"""University of California, Los Angeles""","""Chemical Engineering"""
2040,magistratura,Amerika Birləşmiş Ştatları,"""University of California, Los Angeles""","""Civil Engineering"""
2041,magistratura,Amerika Birləşmiş Ştatları,"""University of California, Los Angeles""","""Mechanical Engineering"""
2042,magistratura,Amerika Birləşmiş Ştatları,"""University of Chicago""","""Molecular Engineering"""
2043,magistratura,Amerika Birləşmiş Ştatları,"""University of Michigan-Ann Arbor""","""Chemical Engineering"""
2044,magistratura,Amerika Birləşmiş Ştatları,"""University of Michigan-Ann Arbor""","""Civil Engineering"""
2045,magistratura,Amerika Birləşmiş Ştatları,"""University of Michigan-Ann Arbor""","""Construction Engineering and Management"""
2046,magistratura,Amerika Birləşmiş Ştatları,"""University of Michigan-Ann Arbor""","""Mechanical Engineering"""
2047,magistratura,Amerika Birləşmiş Ştatları,"""University of Michigan-Ann Arbor""","""Robotics"""
2048,magistratura,Amerika Birləşmiş Ştatları,"""University of Pennsylvania""","""Materials Science and Engineering"""
2049,magistratura,Amerika Birləşmiş Ştatları,"""University of Pennsylvania""","""Mechanical Engineering and Applied Mechanics"""
2050,magistratura,Amerika Birləşmiş Ştatları,"""University of Pennsylvania""","""Robotics"""
2051,magistratura,Amerika Birləşmiş Ştatları,"""University of Pennsylvania""","""Systems Engineering"""
2052,magistratura,Amerika Birləşmiş Ştatları,"""University of Washington""","""Chemical Engineering"""
2053,magistratura,Amerika Birləşmiş Ştatları,"""University of Washington""","""Civil Engineering"""
2054,magistratura,Amerika Birləşmiş Ştatları,"""University of Washington""","""Industrial and Systems Engineering"""
2055,magistratura,Amerika Birləşmiş Ştatları,"""University of Washington""","""Materials Science and Engineering"""
2056,magistratura,Amerika Birləşmiş Ştatları,"""Georgia Institute of Technology""","""Materials Science and Engineering"""
2057,magistratura,Amerika Birləşmiş Ştatları,"""Yale University""","""Chemical Engineering"""
2058,magistratura,Amerika Birləşmiş Ştatları,"""Yale University""","""Engineering and Applied Science"""
2059,magistratura,Amerika Birləşmiş Ştatları,"""Yale University""","""Mechanical Engineering and Materials Science"""
2060,magistratura,Avstraliya İttifaqı,"""Australian National University""","""Mechatronics"""
2061,magistratura,Avstraliya İttifaqı,"""Monash University""","""Engineering"""
2062,magistratura,Avstraliya İttifaqı,"""University of Adelaide""","""Engineering (Chemical)"""
2063,magistratura,Avstraliya İttifaqı,"""University of Adelaide""","""Engineering (Civil and Environmental)"""
2064,magistratura,Avstraliya İttifaqı,"""University of Adelaide""","""Engineering (Civil and Structural)"""
2065,magistratura,Avstraliya İttifaqı,"""University of Adelaide""","""Engineering (Mechanical)"""
2066,magistratura,Avstraliya İttifaqı,"""University of Adelaide""","""Engineering (Mechatronic)"""
2067,magistratura,Avstraliya İttifaqı,"""University of Adelaide""","""Engineering (Mining)"""
2068,magistratura,Avstraliya İttifaqı,"""University of Adelaide""","""Materials Engineering """
2069,magistratura,Avstraliya İttifaqı,"""University of Queensland""","""Chemical Engineering"""
2070,magistratura,Avstraliya İttifaqı,"""University of Queensland""","""Civil Engineering"""
2071,magistratura,Avstraliya İttifaqı,"""University of Queensland""","""Materials and Manufacturing Engineering"""
2072,magistratura,Avstraliya İttifaqı,"""University of Queensland""","""Mechanical Engineering"""
2073,magistratura,Avstraliya İttifaqı,"""University of Queensland""","""Mechatronic Engineering"""
2074,magistratura,Avstraliya İttifaqı,"""University of Queensland""","""Urban Water Engineering"""
2075,magistratura,Avstraliya İttifaqı,"""University of Melbourne""","""Chemical Engineering"""
2076,magistratura,Avstraliya İttifaqı,"""University of Melbourne""","""Civil Engineering"""
2077,magistratura,Avstraliya İttifaqı,"""University of Melbourne""","""Digital Infrastructure Engineering"""
2078,magistratura,Avstraliya İttifaqı,"""University of Melbourne""","""Industrial Engineering"""
2079,magistratura,Avstraliya İttifaqı,"""University of Melbourne""","""Mechanical Engineering"""
2080,magistratura,Avstraliya İttifaqı,"""University of Melbourne""","""Mechatronics Engineering"""
2081,magistratura,Avstraliya İttifaqı,"""University of Sydney""","""Automation and Manufacturing Systems Engineering"""
2082,magistratura,Avstraliya İttifaqı,"""University of Sydney""","""Chemical and Biomolecular Engineering"""
2083,magistratura,Avstraliya İttifaqı,"""University of Sydney""","""Civil Engineering"""
2084,magistratura,Avstraliya İttifaqı,"""University of Sydney""","""Fluids Engineering"""
2085,magistratura,Avstraliya İttifaqı,"""University of Sydney""","""Geomechanical Engineering"""
2086,magistratura,Avstraliya İttifaqı,"""University of Sydney""","""Mechanical Engineering"""
2087,magistratura,Avstraliya İttifaqı,"""University of Sydney""","""Power Engineering"""
2088,magistratura,Avstraliya İttifaqı,"""University of Sydney""","""Structural Engineering"""
2089,magistratura,Avstraliya İttifaqı,"""University of Sydney""","""Telecommunications Engineering"""
2090,magistratura,Birləşmiş Ərəb Əmirlikləri,"""Abu Dhabi University""","""Civil Engineering"""
2091,magistratura,Birləşmiş Ərəb Əmirlikləri,"""Khalifa University""","""Chemical Engineering"""
2092,magistratura,Birləşmiş Ərəb Əmirlikləri,"""Khalifa University""","""Civil and Infrastructural Engineering"""
2093,magistratura,Birləşmiş Ərəb Əmirlikləri,"""Khalifa University""","""Engineering Systems and Management"""
2094,magistratura,Birləşmiş Ərəb Əmirlikləri,"""Khalifa University""","""Materials Science and Engineering"""
2095,magistratura,Birləşmiş Ərəb Əmirlikləri,"""Khalifa University""","""Petroleum Engineering"""
2096,magistratura,Birləşmiş Ərəb Əmirlikləri,"""United Arab Emirates University""","""Chemical Engineering"""
2097,magistratura,Birləşmiş Ərəb Əmirlikləri,"""United Arab Emirates University""","""Civil Engineering"""
2098,magistratura,Birləşmiş Ərəb Əmirlikləri,"""United Arab Emirates University""","""Mechanical Engineering"""
2099,magistratura,Birləşmiş Ərəb Əmirlikləri,"""United Arab Emirates University""","""Petroleum Engineering"""
2100,magistratura,Birləşmiş Krallıq,"""Imperial College London""","""Advanced Chemical Engineering with Biotechnology"""
2101,magistratura,Birləşmiş Krallıq,"""Imperial College London""","""Advanced Chemical Engineering with Process Systems Engineering"""
2102,magistratura,Birləşmiş Krallıq,"""Imperial College London""","""Advanced Chemical Engineering"""
2103,magistratura,Birləşmiş Krallıq,"""Imperial College London""","""Control and Optimisation"""
2104,magistratura,Birləşmiş Krallıq,"""Imperial College London""","""Engineering Fluid Mechanics for the Offshore, Coastal and Built Environments"""
2105,magistratura,Birləşmiş Krallıq,"""Imperial College London""","""Engineering for Biomedicine"""
2106,magistratura,Birləşmiş Krallıq,"""Imperial College London""","""Molecular Engineering"""
2107,magistratura,Birləşmiş Krallıq,"""Imperial College London""","""Sensor Systems Engineering"""
2108,magistratura,Birləşmiş Krallıq,"""King’s College London""","""Robotics"""
2109,magistratura,Birləşmiş Krallıq,"""Queen Mary University of London""","""Advanced Mechanical Engineering"""
2110,magistratura,Birləşmiş Krallıq,"""Queen Mary University of London""","""Advanced Chemical Engineering"""
2111,magistratura,Birləşmiş Krallıq,"""UCL""","""Chemical Process Engineering"""
2112,magistratura,Birləşmiş Krallıq,"""UCL""","""Civil Engineering (with Infrastructure Planning)"""
2113,magistratura,Birləşmiş Krallıq,"""UCL""","""Mechanical Engineering"""
2114,magistratura,Birləşmiş Krallıq,"""UCL""","""Power Systems Engineering"""
2115,magistratura,Birləşmiş Krallıq,"""UCL""","""Robotics and Artificial Intelligence"""
2116,magistratura,Birləşmiş Krallıq,"""UCL""","""Robotics and Computation"""
2117,magistratura,Birləşmiş Krallıq,"""University of Birmingham""","""Advanced Chemical Engineering with Energy Masters"""
2118,magistratura,Birləşmiş Krallıq,"""University of Birmingham""","""Advanced Chemical Engineering"""
2119,magistratura,Birləşmiş Krallıq,"""University of Birmingham""","""Advanced Mechanical Engineering"""
2120,magistratura,Birləşmiş Krallıq,"""University of Birmingham""","""Chemical Engineering Science"""
2121,magistratura,Birləşmiş Krallıq,"""University of Birmingham""","""Civil Engineering"""
2122,magistratura,Birləşmiş Krallıq,"""University of Birmingham""","""Geotechnical Engineering"""
2123,magistratura,Birləşmiş Krallıq,"""University of Birmingham""","""Materials Science and Engineering"""
2124,magistratura,Birləşmiş Krallıq,"""University of Birmingham""","""Railway Systems Engineering and Integration"""
2125,magistratura,Birləşmiş Krallıq,"""University of Birmingham""","""Robotics"""
2126,magistratura,Birləşmiş Krallıq,"""University of Birmingham""","""Science and Engineering of Materials"""
2127,magistratura,Birləşmiş Krallıq,"""University of Birmingham""","""Structural Engineering"""
2128,magistratura,Birləşmiş Krallıq,"""University of Bristol""","""Biorobotics"""
2129,magistratura,Birləşmiş Krallıq,"""University of Bristol""","""Civil Engineering"""
2130,magistratura,Birləşmiş Krallıq,"""University of Bristol""","""Engineering Mathematics"""
2131,magistratura,Birləşmiş Krallıq,"""University of Bristol""","""Mechanical Engineering"""
2132,magistratura,Birləşmiş Krallıq,"""University of Bristol""","""Robotics"""
2133,magistratura,Birləşmiş Krallıq,"""University of Cambridge""","""Advanced Chemical Engineering"""
2134,magistratura,Birləşmiş Krallıq,"""University of Cambridge""","""Chemical Engineering and Biotechnology"""
2135,magistratura,Birləşmiş Krallıq,"""University of Cambridge""","""Engineering"""
2136,magistratura,Birləşmiş Krallıq,"""University of Cambridge""","""Machine Learning and Machine Intelligence"""
2137,magistratura,Birləşmiş Krallıq,"""University of Edinburgh""","""Advanced Chemical Engineering"""
2138,magistratura,Birləşmiş Krallıq,"""University of Edinburgh""","""Advanced Power Engineering"""
2139,magistratura,Birləşmiş Krallıq,"""University of Glasgow""","""Civil Engineering"""
2140,magistratura,Birləşmiş Krallıq,"""University of Glasgow""","""Mechanical Engineering"""
2141,magistratura,Birləşmiş Krallıq,"""University of Glasgow""","""Mechatronics"""
2142,magistratura,Birləşmiş Krallıq,"""University of Glasgow""","""Robotics and AI"""
2143,magistratura,Birləşmiş Krallıq,"""University of Glasgow""","""Structural Engineering"""
2144,magistratura,Birləşmiş Krallıq,"""University of Leeds""","""Advanced Chemical Engineering"""
2145,magistratura,Birləşmiş Krallıq,"""University of Leeds""","""Embedded Systems Engineering"""
2146,magistratura,Birləşmiş Krallıq,"""University of Leeds""","""Engineering Geology"""
2147,magistratura,Birləşmiş Krallıq,"""University of Leeds""","""Geotechnical Engineering"""
2148,magistratura,Birləşmiş Krallıq,"""University of Leeds""","""Materials Science and Engineering"""
2149,magistratura,Birləşmiş Krallıq,"""University of Leeds""","""Mechatronics and Robotics Engineering"""
2150,magistratura,Birləşmiş Krallıq,"""University of Leeds""","""Structural Engineering"""
2151,magistratura,Birləşmiş Krallıq,"""University of Manchester""","""Advanced Chemical Engineering"""
2152,magistratura,Birləşmiş Krallıq,"""University of Manchester""","""Advanced Control and Systems Engineering"""
2153,magistratura,Birləşmiş Krallıq,"""University of Manchester""","""Advanced Engineering Materials"""
2154,magistratura,Birləşmiş Krallıq,"""University of Manchester""","""Structural Engineering"""
2155,magistratura,Birləşmiş Krallıq,"""University of Nottingham""","""Advanced Chemical Engineering"""
2156,magistratura,Birləşmiş Krallıq,"""University of Nottingham""","""Advanced Civil Engineering"""
2157,magistratura,Birləşmiş Krallıq,"""University of Nottingham""","""Structural Engineering - Digital Construction"""
2158,magistratura,Birləşmiş Krallıq,"""University of Oxford""","""Engineering Science"""
2159,magistratura,Birləşmiş Krallıq,"""University of Sheffield""","""Advanced Control and Systems Engineering"""
2160,magistratura,Birləşmiş Krallıq,"""University of Sheffield""","""Advanced Mechanical Engineering"""
2161,magistratura,Birləşmiş Krallıq,"""University of Sheffield""","""Civil Engineering"""
2162,magistratura,Birləşmiş Krallıq,"""University of Sheffield""","""Materials Science and Engineering"""
2163,magistratura,Birləşmiş Krallıq,"""University of Sheffield""","""Mechanical Engineering with Industrial Management"""
2164,magistratura,Birləşmiş Krallıq,"""University of Sheffield""","""Robotics"""
2165,magistratura,Birləşmiş Krallıq,"""University of Sheffield""","""Structural Engineering"""
2166,magistratura,Birləşmiş Krallıq,"""University of Southampton""","""Acoustical and Vibration Engineering"""
2167,magistratura,Birləşmiş Krallıq,"""University of Southampton""","""Advanced Chemical Engineering"""
2168,magistratura,Birləşmiş Krallıq,"""University of Southampton""","""Civil Engineering"""
2169,magistratura,Birləşmiş Krallıq,"""University of Southampton""","""Engineering Materials (Advanced Mechanical Engineering Science)"""
2170,magistratura,Birləşmiş Krallıq,"""University of Southampton""","""Maritime Engineering Science: Marine Engineering and Autonomy"""
2171,magistratura,Birləşmiş Krallıq,"""University of Southampton""","""Maritime Engineering Science: Ocean Energy and Offshore Engineering"""
2172,magistratura,Birləşmiş Krallıq,"""University of Southampton""","""Maritime Engineering Science: Yacht and Highperformance Craft"""
2173,magistratura,Birləşmiş Krallıq,"""University of Southampton""","""Mechatronics (Advanced Mechanical Engineering Science)"""
2174,magistratura,Birləşmiş Krallıq,"""University of Southampton""","""Propulsion and Engine Systems Engineering (Advanced Mechanical Engineering
Science)"""
2175,magistratura,Birləşmiş Krallıq,"""University of Warwick""","""Advanced Mechanical Engineering"""
2176,magistratura,Çin Xalq Respublikası,"""Beihang University""","""Materials Science and Engineering"""
2177,magistratura,Çin Xalq Respublikası,"""Beihang University""","""Mechanical Engineering"""
2178,magistratura,Çin Xalq Respublikası,"""Beihang University""","""Mechanics"""
2179,magistratura,Çin Xalq Respublikası,"""Beihang University""","""Safety Science and Engineering"""
2180,magistratura,Çin Xalq Respublikası,"""Beihang University""","""Systems Engineering"""
2181,magistratura,Çin Xalq Respublikası,"""Beijing Institute of Technology""","""Industrial Design Engineering"""
2182,magistratura,Çin Xalq Respublikası,"""Beijing University of Chemical Technology""","""Chemical Engineering and Technology"""
2183,magistratura,Çin Xalq Respublikası,"""Beijing University of Chemical Technology""","""Engineering Mechanics"""
2184,magistratura,Çin Xalq Respublikası,"""Beijing University of Chemical Technology""","""Materials Science and Engineering"""
2185,magistratura,Çin Xalq Respublikası,"""Beijing University of Chemical Technology""","""Mechanical Engineering"""
2186,magistratura,Çin Xalq Respublikası,"""Chinese University of Hong Kong""","""Artificial Intelligence and Robotics"""
2187,magistratura,Çin Xalq Respublikası,"""Chinese University of Hong Kong""","""Mechanical and Automation Engineering"""
2188,magistratura,Çin Xalq Respublikası,"""Chongqing University""","""Civil Engineering"""
2189,magistratura,Çin Xalq Respublikası,"""Harbin Institute of Technology""","""Chemical Engineering and Technology"""
2190,magistratura,Çin Xalq Respublikası,"""Harbin Institute of Technology""","""Civil Engineering"""
2191,magistratura,Çin Xalq Respublikası,"""Harbin Institute of Technology""","""Materials Science and Engineering"""
2192,magistratura,Çin Xalq Respublikası,"""Harbin Institute of Technology""","""Mechanical Engineering"""
2193,magistratura,Çin Xalq Respublikası,"""Harbin Institute of Technology""","""Mechanics"""
2194,magistratura,Çin Xalq Respublikası,"""Harbin Institute of Technology""","""Power Engineering and Engineering Thermophysics"""
2195,magistratura,Çin Xalq Respublikası,"""Hong Kong Polytechnic University""","""Building Services Engineering"""
2196,magistratura,Çin Xalq Respublikası,"""Hong Kong Polytechnic University""","""Civil Engineering"""
2197,magistratura,Çin Xalq Respublikası,"""Hong Kong Polytechnic University""","""Fire and Safety Engineering"""
2198,magistratura,Çin Xalq Respublikası,"""Hong Kong Polytechnic University""","""Mechanical Engineering"""
2199,magistratura,Çin Xalq Respublikası,"""Hong Kong University of Science and Technology""","""Chemical and Biomolecular Engineering"""
2200,magistratura,Çin Xalq Respublikası,"""Hong Kong University of Science and Technology""","""Chemical and Energy Engineering"""
2201,magistratura,Çin Xalq Respublikası,"""Hong Kong University of Science and Technology""","""Civil Infrastructural Engineering and Management"""
2202,magistratura,Çin Xalq Respublikası,"""Hong Kong University of Science and Technology""","""Mechanical Engineering"""
2203,magistratura,Çin Xalq Respublikası,"""Huazhong University of Science and Technology""","""Civil Engineering"""
2204,magistratura,Çin Xalq Respublikası,"""Huazhong University of Science and Technology""","""Materials Processing Engineering"""
2205,magistratura,Çin Xalq Respublikası,"""Huazhong University of Science and Technology""","""Mechanical Engineering"""
2206,magistratura,Çin Xalq Respublikası,"""Xi’an Jiaotong University""","""Chemical Engineering"""
2207,magistratura,Çin Xalq Respublikası,"""Xi’an Jiaotong University""","""Civil Engineering"""
2208,magistratura,Çin Xalq Respublikası,"""Xi’an Jiaotong University""","""Engineering Mechanics"""
2209,magistratura,Çin Xalq Respublikası,"""Xi’an Jiaotong University""","""Fluid Mechanics"""
2210,magistratura,Çin Xalq Respublikası,"""Xi’an Jiaotong University""","""Geotechnical Engineering"""
2211,magistratura,Çin Xalq Respublikası,"""Xi’an Jiaotong University""","""Pharmaceutical Engineering"""
2212,magistratura,Çin Xalq Respublikası,"""Xi’an Jiaotong University""","""Power Engineering and Engineering Thermophysics"""
2213,magistratura,Çin Xalq Respublikası,"""Xiamen University""","""Chemical Engineering"""
2214,magistratura,Çin Xalq Respublikası,"""Xiamen University""","""Civil Engineering"""
2215,magistratura,Çin Xalq Respublikası,"""Xiamen University""","""Material Engineering"""
2216,magistratura,Çin Xalq Respublikası,"""Xiamen University""","""Mechanical Engineering"""
2217,magistratura,Çin Xalq Respublikası,"""Xiamen University""","""Robotics Engineering"""
2218,magistratura,Çin Xalq Respublikası,"""Nanjing University""","""Engineering"""
2219,magistratura,Çin Xalq Respublikası,"""Nanjing University""","""Material Science and Engineering"""
2220,magistratura,Çin Xalq Respublikası,"""Northwestern Polytechnical University""","""Fluid Mechanics"""
2221,magistratura,Çin Xalq Respublikası,"""Northwestern Polytechnical University""","""Mechanical Engineering"""
2222,magistratura,Çin Xalq Respublikası,"""Northwestern Polytechnical University""","""Optical Engineering"""
2223,magistratura,Çin Xalq Respublikası,"""Peking University""","""Engineering"""
2224,magistratura,Çin Xalq Respublikası,"""Peking University""","""Materials Science and Engineering"""
2225,magistratura,Çin Xalq Respublikası,"""Shanghai Jiao Tong University""","""Civil Engineering"""
2226,magistratura,Çin Xalq Respublikası,"""Shanghai Jiao Tong University""","""Materials Science and Engineering"""
2227,magistratura,Çin Xalq Respublikası,"""Shanghai Jiao Tong University""","""Mechanical Engineering"""
2228,magistratura,Çin Xalq Respublikası,"""Shanghai Jiao Tong University""","""Mechanics"""
2229,magistratura,Çin Xalq Respublikası,"""Shanghai Jiao Tong University""","""Naval Architecture and Ocean Engineering"""
2230,magistratura,Çin Xalq Respublikası,"""Shanghai Jiao Tong University""","""Power Engineering and Engineering Thermophysics"""
2231,magistratura,Çin Xalq Respublikası,"""Shanghai University""","""Civil Engineering"""
2232,magistratura,Çin Xalq Respublikası,"""Shanghai University""","""Material Science and Engineering"""
2233,magistratura,Çin Xalq Respublikası,"""Shanghai University""","""Mechanical Design and Theory"""
2234,magistratura,Çin Xalq Respublikası,"""Shanghai University""","""Mechanical Manufacture and Automation"""
2235,magistratura,Çin Xalq Respublikası,"""Shanghai University""","""Mechanics Engineering"""
2236,magistratura,Çin Xalq Respublikası,"""Shanghai University""","""Mechanics"""
2237,magistratura,Çin Xalq Respublikası,"""Shanghai University""","""Mechatronic Engineering"""
2238,magistratura,Çin Xalq Respublikası,"""Shanghai University""","""Metallurgical Engineering"""
2239,magistratura,Çin Xalq Respublikası,"""Shanghai University""","""Precision Instruments and Machinery"""
2240,magistratura,Çin Xalq Respublikası,"""Shenzhen University""","""Civil Engineering"""
2241,magistratura,Çin Xalq Respublikası,"""Shenzhen University""","""Materials Engineering"""
2242,magistratura,Çin Xalq Respublikası,"""Shenzhen University""","""Materials Science and Engineering"""
2243,magistratura,Çin Xalq Respublikası,"""Shenzhen University""","""Mechanical Engineering"""
2244,magistratura,Çin Xalq Respublikası,"""Sichuan University""","""Chemical Safety Engineering and Technology"""
2245,magistratura,Çin Xalq Respublikası,"""Sichuan University""","""Civil Engineering"""
2246,magistratura,Çin Xalq Respublikası,"""Sichuan University""","""Mechanical Engineering"""
2247,magistratura,Çin Xalq Respublikası,"""Southern University of Science and Technology
(SUSTech)""","""Mechanical and Energy Engineering"""
2248,magistratura,Çin Xalq Respublikası,"""Tianjin University""","""Chemical Engineering"""
2249,magistratura,Çin Xalq Respublikası,"""Tianjin University""","""Control Engineering"""
2250,magistratura,Çin Xalq Respublikası,"""Tianjin University""","""Control Theory and Control Engineering"""
2251,magistratura,Çin Xalq Respublikası,"""Tianjin University""","""Industrial Engineering"""
2252,magistratura,Çin Xalq Respublikası,"""Tianjin University""","""Materials Processing Engineering"""
2253,magistratura,Çin Xalq Respublikası,"""Tianjin University""","""Mechanical Engineering"""
2254,magistratura,Çin Xalq Respublikası,"""Tianjin University""","""Mechanical Manufacture and Automation"""
2255,magistratura,Çin Xalq Respublikası,"""Tianjin University""","""Power Engineering"""
2256,magistratura,Çin Xalq Respublikası,"""Tianjin University""","""Vehicle Engineering"""
2257,magistratura,Çin Xalq Respublikası,"""Tsinghua University""","""Chemical Engineering and Technology"""
2258,magistratura,Çin Xalq Respublikası,"""Tsinghua University""","""Civil Engineering"""
2259,magistratura,Çin Xalq Respublikası,"""Tsinghua University""","""Hydraulic Engineering"""
2260,magistratura,Çin Xalq Respublikası,"""Tsinghua University""","""Materials Science and Engineering"""
2261,magistratura,Çin Xalq Respublikası,"""Tsinghua University""","""Mechanical Engineering"""
2262,magistratura,Çin Xalq Respublikası,"""Tsinghua University""","""Mechanics"""
2263,magistratura,Çin Xalq Respublikası,"""Tsinghua University""","""Optical Engineering"""
2264,magistratura,Çin Xalq Respublikası,"""Tsinghua University""","""Power Engineering and Engineering Thermal Physics"""
2265,magistratura,Çin Xalq Respublikası,"""Tsinghua University""","""Safety Science and Engineering"""
2266,magistratura,Çin Xalq Respublikası,"""University of Electronic Science and Technology of China""","""Mechanical Engineering"""
2267,magistratura,Çin Xalq Respublikası,"""University of Electronic Science and Technology of China""","""Optical Engineering"""
2268,magistratura,Çin Xalq Respublikası,"""University of Hong Kong""","""Building Services Engineering"""
2269,magistratura,Çin Xalq Respublikası,"""University of Hong Kong""","""Mechanical Engineering"""
2270,magistratura,Çin Xalq Respublikası,"""University of Hong Kong""","""Science in Engineering (Civil Engineering)"""
2271,magistratura,Çin Xalq Respublikası,"""University of Science and Technology of China""","""Chemical Engineering and Technology"""
2272,magistratura,Çin Xalq Respublikası,"""University of Science and Technology of China""","""Chemical Engineering"""
2273,magistratura,Çin Xalq Respublikası,"""University of Science and Technology of China""","""Control Theory and Control Engineering"""
2274,magistratura,Çin Xalq Respublikası,"""University of Science and Technology of China""","""Engineering Thermophysics"""
2275,magistratura,Çin Xalq Respublikası,"""University of Science and Technology of China""","""Fluid Machinery and Engineering"""
2276,magistratura,Çin Xalq Respublikası,"""University of Science and Technology of China""","""Material Processing Engineering"""
2277,magistratura,Çin Xalq Respublikası,"""University of Science and Technology of China""","""Mechanical Engineering"""
2278,magistratura,Çin Xalq Respublikası,"""University of Science and Technology of China""","""Mechanical-electronic Engineering"""
2279,magistratura,Çin Xalq Respublikası,"""University of Science and Technology of China""","""Optics Engineering"""
2280,magistratura,Çin Xalq Respublikası,"""University of Science and Technology of China""","""Power Engineering"""
2281,magistratura,Çin Xalq Respublikası,"""University of Science and Technology of China""","""Safety Science and Engineering"""
2282,magistratura,Çin Xalq Respublikası,"""University of Science and Technology of China""","""System Engineering"""
2283,magistratura,Çin Xalq Respublikası,"""Wuhan University""","""Architecture and Civil Engineering"""
2284,magistratura,Çin Xalq Respublikası,"""Wuhan University""","""Chemical Engineering"""
2285,magistratura,Çin Xalq Respublikası,"""Wuhan University""","""Engineering Mechanics"""
2286,magistratura,Çin Xalq Respublikası,"""Wuhan University""","""Geodesy and Survey Engineering"""
2287,magistratura,Çin Xalq Respublikası,"""Wuhan University""","""Geotechnical Engineering"""
2288,magistratura,Çin Xalq Respublikası,"""Wuhan University""","""Material Engineering"""
2289,magistratura,Çin Xalq Respublikası,"""Wuhan University""","""Material Processing Engineering"""
2290,magistratura,Çin Xalq Respublikası,"""Wuhan University""","""Mechanical and Electronic Engineering"""
2291,magistratura,Çin Xalq Respublikası,"""Wuhan University""","""Mechanical Engineering"""
2292,magistratura,Çin Xalq Respublikası,"""Wuhan University""","""Mechanical Manufacturing and Automation"""
2293,magistratura,Çin Xalq Respublikası,"""Wuhan University""","""Power Engineering"""
2294,magistratura,Çin Xalq Respublikası,"""Wuhan University""","""Power Machinery and Engineering"""
2295,magistratura,Çin Xalq Respublikası,"""Wuhan University""","""Road and Railway Engineering"""
2296,magistratura,Çin Xalq Respublikası,"""Wuhan University""","""Structural Engineering"""
2297,magistratura,Çin Xalq Respublikası,"""Wuhan University""","""System Engineering"""
2298,magistratura,Çin Xalq Respublikası,"""Wuhan University""","""Technology and Engineering of Light Industry"""
2299,magistratura,Çin Xalq Respublikası,"""Wuhan University""","""Urban Spatial Information Engineering"""
2300,magistratura,Çin Xalq Respublikası,"""Zhejiang University""","""Chemical Process Engineering"""
2301,magistratura,Çin Xalq Respublikası,"""Zhejiang University""","""Chemical Product Engineering"""
2302,magistratura,Çin Xalq Respublikası,"""Zhejiang University""","""Ecological Chemical Engineering"""
2303,magistratura,Çin Xalq Respublikası,"""Zhejiang University""","""Electromagnetic Field and Microwave Technology"""
2304,magistratura,Çin Xalq Respublikası,"""Zhejiang University""","""Engineering Mechanics"""
2305,magistratura,Çin Xalq Respublikası,"""Zhejiang University""","""Engineering Thermophysics"""
2306,magistratura,Çin Xalq Respublikası,"""Zhejiang University""","""Fluid Machinery and Engineering"""
2307,magistratura,Çin Xalq Respublikası,"""Zhejiang University""","""Geotechnical Engineering"""
2308,magistratura,Çin Xalq Respublikası,"""Zhejiang University""","""Industrial Engineering"""
2309,magistratura,Çin Xalq Respublikası,"""Zhejiang University""","""Materials Processing Engineering"""
2310,magistratura,Çin Xalq Respublikası,"""Zhejiang University""","""Mechanical Manufacture and Automation"""
2311,magistratura,Çin Xalq Respublikası,"""Zhejiang University""","""Mechatronic Engineering"""
2312,magistratura,Çin Xalq Respublikası,"""Zhejiang University""","""System Engineering"""
2313,magistratura,Çin Xalq Respublikası,"""Zhejiang University""","""Vehicle Engineering"""
2314,magistratura,İordaniya Haşimilər Krallığı,"""The University of Jordan""","""Architecture Engineering"""
2315,magistratura,İordaniya Haşimilər Krallığı,"""The University of Jordan""","""Chemical Engineering"""
2316,magistratura,İordaniya Haşimilər Krallığı,"""The University of Jordan""","""Civil Engineering"""
2317,magistratura,İordaniya Haşimilər Krallığı,"""The University of Jordan""","""Industrial Engineering"""
2318,magistratura,İordaniya Haşimilər Krallığı,"""The University of Jordan""","""Mechanical Engineering"""
2319,magistratura,İrlandiya Respublikası,"""Dublin City University""","""Bioprocess Engineering"""
2320,magistratura,İrlandiya Respublikası,"""University of Galway""","""Mechanical Engineering"""
2321,magistratura,İspaniya Krallığı,"""Autonomous University of Madrid""","""Telecommunication Engineering"""
2322,magistratura,İspaniya Krallığı,"""Universitat Autònoma de Barcelona (UAB)""","""Telecommunication Engineering"""
2323,magistratura,İspaniya Krallığı,"""University of Navarra""","""Industrial Engineering"""
2324,magistratura,İspaniya Krallığı,"""University of Navarra""","""Telecommunication Engineering"""
2325,magistratura,İsrail Dövləti,"""Ben-Gurion University of the Negev""","""Electro-Optical Engineering"""
2326,magistratura,İsrail Dövləti,"""Ben-Gurion University of the Negev""","""Materials Engineering"""
2327,magistratura,İsrail Dövləti,"""Ben-Gurion University of the Negev""","""Mechanical Engineering"""
2328,magistratura,İsrail Dövləti,"""Technion Israel Institute of Technology""","""Chemical Engineering"""
2329,magistratura,İsrail Dövləti,"""Technion Israel Institute of Technology""","""Civil Engineering Building Materials, Performance and Technology"""
2330,magistratura,İsrail Dövləti,"""Technion Israel Institute of Technology""","""Civil Engineering Construction Management"""
2331,magistratura,İsrail Dövləti,"""Technion Israel Institute of Technology""","""Civil Engineering Environmental Engineering"""
2332,magistratura,İsrail Dövləti,"""Technion Israel Institute of Technology""","""Civil Engineering Geotechnology"""
2333,magistratura,İsrail Dövləti,"""Technion Israel Institute of Technology""","""Civil Engineering Structural Engineering"""
2334,magistratura,İsrail Dövləti,"""Technion Israel Institute of Technology""","""Civil Engineering Transportation and Highways Engineering"""
2335,magistratura,İsrail Dövləti,"""Technion Israel Institute of Technology""","""Mapping and GeoInformation Engineering"""
2336,magistratura,İsrail Dövləti,"""Technion Israel Institute of Technology""","""Materials Science and Engineering"""
2337,magistratura,İsrail Dövləti,"""Technion Israel Institute of Technology""","""Mechanical Engineering"""
2338,magistratura,İsrail Dövləti,"""Tel Aviv University""","""Industrial Engineering"""
2339,magistratura,İsrail Dövləti,"""Tel Aviv University""","""Material Science and Engineering"""
2340,magistratura,İsrail Dövləti,"""Tel Aviv University""","""Mechanical Engineering"""
2341,magistratura,İsveç Krallığı,"""Lund University""","""Production and Materials Engineering"""
2342,magistratura,İsveçrə Konfederasiyası,"""École Polytechnique Fédérale de Lausanne""","""Chemical Engineering and Biotechnology"""
2343,magistratura,İsveçrə Konfederasiyası,"""École Polytechnique Fédérale de Lausanne""","""Civil Engineering"""
2344,magistratura,İsveçrə Konfederasiyası,"""École Polytechnique Fédérale de Lausanne""","""Materials Science and Engineering"""
2345,magistratura,İsveçrə Konfederasiyası,"""École Polytechnique Fédérale de Lausanne""","""Mechanical Engineering"""
2346,magistratura,İsveçrə Konfederasiyası,"""École Polytechnique Fédérale de Lausanne""","""Robotics"""
2347,magistratura,İsveçrə Konfederasiyası,"""ETH Zurich""","""Civil Engineering"""
2348,magistratura,İsveçrə Konfederasiyası,"""ETH Zurich""","""Quantum Engineering"""
2349,magistratura,İsveçrə Konfederasiyası,"""ETH Zurich""","""Materials Science and Engineering"""
2350,magistratura,İsveçrə Konfederasiyası,"""ETH Zurich""","""Mechanical Engineering"""
2351,magistratura,İsveçrə Konfederasiyası,"""ETH Zurich""","""Process Engineering"""
2352,magistratura,İsveçrə Konfederasiyası,"""ETH Zurich""","""Robotics, Systems and Control"""
2353,magistratura,İtaliya Respublikası,"""Free University of Bozen-Bolzano""","""Industrial Mechanical Engineering"""
2354,magistratura,İtaliya Respublikası,"""Polytechnic University of Milan""","""Automation and Control Engineering"""
2355,magistratura,İtaliya Respublikası,"""Polytechnic University of Milan""","""Civil Engineering for Risk Mitigation"""
2356,magistratura,İtaliya Respublikası,"""Polytechnic University of Milan""","""Civil Engineering"""
2357,magistratura,İtaliya Respublikası,"""Polytechnic University of Milan""","""Geoinformatics Engineering"""
2358,magistratura,İtaliya Respublikası,"""Polytechnic University of Milan""","""Management engineering"""
2359,magistratura,İtaliya Respublikası,"""Polytechnic University of Milan""","""Materials Engineering and Nanotechnology"""
2360,magistratura,İtaliya Respublikası,"""Polytechnic University of Milan""","""Mobility Engineering"""
2361,magistratura,İtaliya Respublikası,"""Polytechnic University of Turin""","""Agritech Engineering"""
2362,magistratura,İtaliya Respublikası,"""Polytechnic University of Turin""","""Automotive Engineering"""
2363,magistratura,İtaliya Respublikası,"""Polytechnic University of Turin""","""Civil Engineering"""
2364,magistratura,İtaliya Respublikası,"""Polytechnic University of Turin""","""Energy and Nuclear Engineering"""
2365,magistratura,İtaliya Respublikası,"""Polytechnic University of Turin""","""Engineering and Management"""
2366,magistratura,İtaliya Respublikası,"""Polytechnic University of Turin""","""Environmental and Land Engineering"""
2367,magistratura,İtaliya Respublikası,"""Polytechnic University of Turin""","""Georesources and Geoenergy Engineering"""
2368,magistratura,İtaliya Respublikası,"""Polytechnic University of Turin""","""Quantum Engineering"""
2369,magistratura,İtaliya Respublikası,"""Polytechnic University of Turin""","""Materials Engineering for Industry"""
2370,magistratura,İtaliya Respublikası,"""Polytechnic University of Turin""","""Mechanical Engineering"""
2371,magistratura,İtaliya Respublikası,"""Polytechnic University of Turin""","""Mechatronic Engineering"""
2372,magistratura,İtaliya Respublikası,"""Sapienza University of Rome""","""Artificial Intelligence and Robotics"""
2373,magistratura,İtaliya Respublikası,"""University of Bologna""","""Advanced Automotive Engineering"""
2374,magistratura,İtaliya Respublikası,"""University of Bologna""","""Automation Engineering"""
2375,magistratura,İtaliya Respublikası,"""University of Bologna""","""Civil Engineering"""
2376,magistratura,İtaliya Respublikası,"""University of Bologna""","""Mechanical Engineering for Sustainability"""
2377,magistratura,İtaliya Respublikası,"""University of Brescia""","""Civil and Environmental Engineering"""
2378,magistratura,İtaliya Respublikası,"""University of Brescia""","""Civil Engineering"""
2379,magistratura,İtaliya Respublikası,"""University of Brescia""","""Industrial Automation Engineering"""
2380,magistratura,İtaliya Respublikası,"""University of Brescia""","""Land and Environmental Engineering"""
2381,magistratura,İtaliya Respublikası,"""University of Brescia""","""Mechanical Engineering"""
2382,magistratura,İtaliya Respublikası,"""University of Florence""","""Civil Engineering"""
2383,magistratura,İtaliya Respublikası,"""University of Florence""","""Geoengineering"""
2384,magistratura,İtaliya Respublikası,"""University of Florence""","""Mechanical Engineering"""
2385,magistratura,İtaliya Respublikası,"""University of Naples-Federico II""","""Mathematical Engineering"""
2386,magistratura,İtaliya Respublikası,"""University of Pavia""","""Civil Engineering for Mitigation of Risk from Natural Hazards"""
2387,magistratura,İtaliya Respublikası,"""University of Pavia""","""Civil Engineering"""
2388,magistratura,İtaliya Respublikası,"""University of Pavia""","""Computational and Modelling Engineering for Materials, Structures, and
Sustainable Technologies"""
2389,magistratura,İtaliya Respublikası,"""University of Pavia""","""Environmental Engineering"""
2390,magistratura,İtaliya Respublikası,"""University of Pavia""","""Industrial automation engineering"""
2391,magistratura,İtaliya Respublikası,"""University of Rome II- Tor Vergata""","""Automation Engineering"""
2392,magistratura,İtaliya Respublikası,"""University of Rome II- Tor Vergata""","""Building Engineering"""
2393,magistratura,İtaliya Respublikası,"""University of Rome II- Tor Vergata""","""Civil Engineering"""
2394,magistratura,İtaliya Respublikası,"""University of Rome II- Tor Vergata""","""Environmental and Territorial Engineering"""
2395,magistratura,İtaliya Respublikası,"""University of Rome II- Tor Vergata""","""Mechatronics Engineering"""
2396,magistratura,İtaliya Respublikası,"""University of Trento""","""Environmental Engineering"""
2397,magistratura,İtaliya Respublikası,"""University of Trento""","""Materials Engineering"""
2398,magistratura,İtaliya Respublikası,"""University of Trento""","""Mechatronics Engineering"""
2399,magistratura,Koreya Respublikası,"""Chung-Ang University""","""Chemical Engineering"""
2400,magistratura,Koreya Respublikası,"""Chung-Ang University""","""Civil Engineering"""
2401,magistratura,Koreya Respublikası,"""Chung-Ang University""","""Mechanical Engineering"""
2402,magistratura,Koreya Respublikası,"""Chung-Ang University""","""Mechanical System Engineering"""
2403,magistratura,Koreya Respublikası,"""Daegu Gyeongbuk Institute of Science and Technology""","""Interdisciplinary Engineering"""
2404,magistratura,Koreya Respublikası,"""Daegu Gyeongbuk Institute of Science and Technology""","""Robotics and Mechatronics Engineering"""
2405,magistratura,Koreya Respublikası,"""Gwangju Institute of Science and Technology (GIST)""","""Mechanical Engineering"""
2406,magistratura,Koreya Respublikası,"""Hanyang University""","""Chemical and Molecular Engineering"""
2407,magistratura,Koreya Respublikası,"""Hanyang University""","""Construction and Environmental Systems Engineering"""
2408,magistratura,Koreya Respublikası,"""Hanyang University""","""Industrial and Management Engineering"""
2409,magistratura,Koreya Respublikası,"""Hanyang University""","""Materials Chemical Engineering"""
2410,magistratura,Koreya Respublikası,"""Hanyang University""","""Mechanical Design Engineering"""
2411,magistratura,Koreya Respublikası,"""Hanyang University""","""Smart City Engineering"""
2412,magistratura,Koreya Respublikası,"""Hanyang University""","""Transportation and Logistics Engineering"""
2413,magistratura,Koreya Respublikası,"""Korea Advanced Institute of Science and Technology
(KAIST)""","""Chemical and Biomolecular Engineering"""
2414,magistratura,Koreya Respublikası,"""Korea Advanced Institute of Science and Technology
(KAIST)""","""Civil and Environmental Engineering"""
2415,magistratura,Koreya Respublikası,"""Korea Advanced Institute of Science and Technology
(KAIST)""","""Industrial and System Engineering"""
2416,magistratura,Koreya Respublikası,"""Korea Advanced Institute of Science and Technology
(KAIST)""","""Materials Science and Engineering"""
2417,magistratura,Koreya Respublikası,"""Korea Advanced Institute of Science and Technology
(KAIST)""","""Mechanical Engineering """
2418,magistratura,Koreya Respublikası,"""Pohang University of Science and Technology
(POSTECH)""","""Chemical Engineering"""
2419,magistratura,Koreya Respublikası,"""Pohang University of Science and Technology
(POSTECH)""","""Industrial and Management Engineering"""
2420,magistratura,Koreya Respublikası,"""Pohang University of Science and Technology
(POSTECH)""","""Materials Science and Engineering"""
2421,magistratura,Koreya Respublikası,"""Pohang University of Science and Technology
(POSTECH)""","""Mechanical Engineering"""
2422,magistratura,Koreya Respublikası,"""Seoul National University""","""Chemical and Biological Engineering"""
2423,magistratura,Koreya Respublikası,"""Seoul National University""","""Civil and Environmental Engineering"""
2424,magistratura,Koreya Respublikası,"""Seoul National University""","""Industrial Engineering"""
2425,magistratura,Koreya Respublikası,"""Seoul National University""","""Materials Sciences and Engineering"""
2426,magistratura,Koreya Respublikası,"""Seoul National University""","""Mechanical Engineering"""
2427,magistratura,Koreya Respublikası,"""Sungkyunkwan University (SKKU)""","""Chemical Engineering"""
2428,magistratura,Koreya Respublikası,"""Sungkyunkwan University (SKKU)""","""Civil, Architectural and Environmental System Engineering"""
2429,magistratura,Koreya Respublikası,"""Sungkyunkwan University (SKKU)""","""Digital Media Communication Engineering"""
2430,magistratura,Koreya Respublikası,"""Sungkyunkwan University (SKKU)""","""Display Convergence Engineering"""
2431,magistratura,Koreya Respublikası,"""Sungkyunkwan University (SKKU)""","""Energy System Engineering"""
2432,magistratura,Koreya Respublikası,"""Sungkyunkwan University (SKKU)""","""Industrial Engineering"""
2433,magistratura,Koreya Respublikası,"""Sungkyunkwan University (SKKU)""","""Mechanical Engineering"""
2434,magistratura,Koreya Respublikası,"""Sungkyunkwan University (SKKU)""","""Photovoltaic System Engineering"""
2435,magistratura,Koreya Respublikası,"""Sungkyunkwan University (SKKU)""","""Semiconductor Display Engineering"""
2436,magistratura,Koreya Respublikası,"""Sungkyunkwan University (SKKU)""","""Systems Management Engineering (Industrial Engineering)"""
2437,magistratura,Koreya Respublikası,"""Ulsan National Institute of Science and Technology
(UNIST)""","""Energy Chemical Engineering"""
2438,magistratura,Koreya Respublikası,"""Ulsan National Institute of Science and Technology
(UNIST)""","""Industrial Engineering"""
2439,magistratura,Koreya Respublikası,"""Ulsan National Institute of Science and Technology
(UNIST)""","""Materials Science and Engineering"""
2440,magistratura,Koreya Respublikası,"""Ulsan National Institute of Science and Technology
(UNIST)""","""Mechanical Engineering"""
2441,magistratura,Koreya Respublikası,"""Ulsan National Institute of Science and Technology
(UNIST)""","""Semiconductor Materials and Devices Engineering"""
2442,magistratura,Koreya Respublikası,"""Yonsei University""","""Chemical and Energy System Engineering"""
2443,magistratura,Koreya Respublikası,"""Yonsei University""","""Civil, Environmental and Disaster Prevention Engineering"""
2444,magistratura,Koreya Respublikası,"""Yonsei University""","""Mechanical Engineering"""
2445,magistratura,Qətər Dövləti,"""Qatar University""","""Civil Engineering"""
2446,magistratura,Qətər Dövləti,"""Qatar University""","""Engineering Management"""
2447,magistratura,Qətər Dövləti,"""Qatar University""","""Gas and Process Engineering"""
2448,magistratura,Qətər Dövləti,"""Qatar University""","""Mechanical Engineering"""
2449,magistratura,Malayziya,"""Universiti Kebangsaan Malaysia""","""Chemical Engineering"""
2450,magistratura,Malayziya,"""Universiti Kebangsaan Malaysia""","""Civil Engineering"""
2451,magistratura,Malayziya,"""Universiti Kebangsaan Malaysia""","""Engineering Mathematics"""
2452,magistratura,Malayziya,"""Universiti Kebangsaan Malaysia""","""Industrial and Engineering Management"""
2453,magistratura,Malayziya,"""Universiti Kebangsaan Malaysia""","""Manufacturing Engineering"""
2454,magistratura,Malayziya,"""Universiti Kebangsaan Malaysia""","""Mechanical Engineering"""
2455,magistratura,Malayziya,"""Universiti Sains Malaysia""","""Chemical Engineering"""
2456,magistratura,Malayziya,"""Universiti Sains Malaysia""","""Civil Engineering"""
2457,magistratura,Malayziya,"""Universiti Sains Malaysia""","""Materials Engineering"""
2458,magistratura,Malayziya,"""Universiti Sains Malaysia""","""Mechanical Engineering"""
2459,magistratura,Malayziya,"""Universiti Sains Malaysia""","""Mineral Resources Engineering"""
2460,magistratura,Malayziya,"""Universiti Sains Malaysia""","""Polymer Engineering"""
2461,magistratura,Malayziya,"""Universiti Sains Malaysia""","""River and Urban Drainage Engineering"""
2462,magistratura,Malayziya,"""Universiti Teknologi Malaysia""","""Chemical and Energy Engineering"""
2463,magistratura,Malayziya,"""Universiti Teknologi Malaysia""","""Civil Engineering"""
2464,magistratura,Malayziya,"""Universiti Teknologi Malaysia""","""Petroleum Engineering"""
2465,magistratura,Malayziya,"""Universiti Teknologi Malaysia""","""Systems Engineering"""
2466,magistratura,Malayziya,"""Universiti Teknologi Petronas""","""Corrosion Engineering"""
2467,magistratura,Malayziya,"""Universiti Teknologi Petronas""","""Drilling Engineering"""
2468,magistratura,Malayziya,"""Universiti Teknologi Petronas""","""Industrial Environmental Engineering"""
2469,magistratura,Malayziya,"""Universiti Teknologi Petronas""","""Offshore Engineering"""
2470,magistratura,Malayziya,"""Universiti Teknologi Petronas""","""Petroleum Engineering"""
2471,magistratura,Malayziya,"""University of Malaya""","""Road Safety Engineering"""
2472,magistratura,Niderland Krallığı,"""Delft University of Technology""","""Robotics"""
2473,magistratura,Oman Sultanlığı,"""Sultan Qaboos University""","""Chemical and Process Engineering"""
2474,magistratura,Oman Sultanlığı,"""Sultan Qaboos University""","""Civil Engineering"""
2475,magistratura,Oman Sultanlığı,"""Sultan Qaboos University""","""Industrial Engineering"""
2476,magistratura,Oman Sultanlığı,"""Sultan Qaboos University""","""Mechanical Engineering"""
2477,magistratura,Pakistan İslam Respublikası,"""Air University""","""Avionics Engineering and Information Security"""
2478,magistratura,Pakistan İslam Respublikası,"""Air University""","""Mechanical Engineering"""
2479,magistratura,Pakistan İslam Respublikası,"""Air University""","""Mechatronics Engineering"""
2480,magistratura,Pakistan İslam Respublikası,"""Air University""","""Radar Signal Processing"""
2481,magistratura,Pakistan İslam Respublikası,"""Air University""","""Signal Processing and Machine Learning"""
2482,magistratura,Pakistan İslam Respublikası,"""Air University""","""Systems and Control"""
2483,magistratura,Pakistan İslam Respublikası,"""Air University""","""Wireless Communication"""
2484,magistratura,Pakistan İslam Respublikası,"""Capital University of Science and Technology""","""Civil Engineering"""
2485,magistratura,Pakistan İslam Respublikası,"""Capital University of Science and Technology""","""Mechanical Engineering"""
2486,magistratura,Rusiya Federasiyası,"""Bauman Moscow State Technical University""","""Applied Mechanics"""
2487,magistratura,Rusiya Federasiyası,"""Bauman Moscow State Technical University""","""Chemical Engineering"""
2488,magistratura,Rusiya Federasiyası,"""Bauman Moscow State Technical University""","""Mechanical Engineering"""
2489,magistratura,Rusiya Federasiyası,"""Bauman Moscow State Technical University""","""Mechatronics and Robotics"""
2490,magistratura,Rusiya Federasiyası,"""Bauman Moscow State Technical University""","""Power Engineering"""
2491,magistratura,Rusiya Federasiyası,"""ITMO University""","""Robotics and Artificial Intelligence"""
2492,magistratura,Rusiya Federasiyası,"""Moscow Institute of Physics and Technology (MIPT)""","""Science Engineering: oil and gas fields modelling"""
2493,magistratura,Səudiyyə Ərəbistanı,"""King Abdulaziz University""","""Chemical Engineering"""
2494,magistratura,Səudiyyə Ərəbistanı,"""King Abdulaziz University""","""Civil Engineering"""
2495,magistratura,Səudiyyə Ərəbistanı,"""King Abdulaziz University""","""Mechanical Engineering"""
2496,magistratura,Səudiyyə Ərəbistanı,"""King Fahd University of Petroleum and Minerals""","""Chemical Engineering"""
2497,magistratura,Səudiyyə Ərəbistanı,"""King Fahd University of Petroleum and Minerals""","""Material Science and Engineering"""
2498,magistratura,Səudiyyə Ərəbistanı,"""King Fahd University of Petroleum and Minerals""","""Mechanical Engineering"""
2499,magistratura,Səudiyyə Ərəbistanı,"""King Fahd University of Petroleum and Minerals""","""Petrochemical Engineering"""
2500,magistratura,Səudiyyə Ərəbistanı,"""King Fahd University of Petroleum and Minerals""","""Petroleum Engineering"""
2501,magistratura,Səudiyyə Ərəbistanı,"""Prince Mohammad Bin Fahd University""","""Civil Engineering"""
2502,magistratura,Səudiyyə Ərəbistanı,"""Prince Mohammad Bin Fahd University""","""Mechanical Engineering"""
2503,magistratura,Sinqapur Respublikası,"""Nanyang Technological University, Singapore""","""Civil Engineering"""
2504,magistratura,Sinqapur Respublikası,"""Nanyang Technological University, Singapore""","""Civil and Environmental Engineering"""
2505,magistratura,Sinqapur Respublikası,"""Nanyang Technological University, Singapore""","""Materials Science and Engineering"""
2506,magistratura,Sinqapur Respublikası,"""National University of Singapore""","""Chemical Engineering"""
2507,magistratura,Sinqapur Respublikası,"""National University of Singapore""","""Civil and Environmental Engineering"""
2508,magistratura,Sinqapur Respublikası,"""National University of Singapore""","""Engineering"""
2509,magistratura,Sinqapur Respublikası,"""National University of Singapore""","""Industrial Systems Engineering and Management"""
2510,magistratura,Sinqapur Respublikası,"""National University of Singapore""","""Materials Science and Engineering"""
2511,magistratura,Sinqapur Respublikası,"""National University of Singapore""","""Mechanical Engineering"""
2512,magistratura,Türkiyə Respublikası,"""Ankara University""","""Chemical Engineering"""
2513,magistratura,Türkiyə Respublikası,"""Ankara University""","""Geology Engineering"""
2514,magistratura,Türkiyə Respublikası,"""Ankara University""","""Geophysics Engineering"""
2515,magistratura,Türkiyə Respublikası,"""Ankara University""","""Physics Engineering"""
2516,magistratura,Türkiyə Respublikası,"""Bilkent University""","""Industrial Engineering"""
2517,magistratura,Türkiyə Respublikası,"""Bilkent University""","""Mechanical Engineering"""
2518,magistratura,Türkiyə Respublikası,"""Boğaziçi University""","""Automotive Engineering"""
2519,magistratura,Türkiyə Respublikası,"""Boğaziçi University""","""Chemical Engineering"""
2520,magistratura,Türkiyə Respublikası,"""Boğaziçi University""","""Civil Engineering"""
2521,magistratura,Türkiyə Respublikası,"""Boğaziçi University""","""Construction Engineering and Management"""
2522,magistratura,Türkiyə Respublikası,"""Boğaziçi University""","""Industrial Engineering"""
2523,magistratura,Türkiyə Respublikası,"""Boğaziçi University""","""Mechanical Engineering"""
2524,magistratura,Türkiyə Respublikası,"""Boğaziçi University""","""Mechatronics Engineering"""
2525,magistratura,Türkiyə Respublikası,"""Boğaziçi University""","""Systems and Control Engineering"""
2526,magistratura,Türkiyə Respublikası,"""Ege University""","""Chemical Engineering"""
2527,magistratura,Türkiyə Respublikası,"""Ege University""","""Civil Engineering"""
2528,magistratura,Türkiyə Respublikası,"""Ege University""","""Material Engineering"""
2529,magistratura,Türkiyə Respublikası,"""Ege University""","""Material Science and Engineering"""
2530,magistratura,Türkiyə Respublikası,"""Ege University""","""Mechanical Engineering"""
2531,magistratura,Türkiyə Respublikası,"""Gazi University""","""Automotive Engineering"""
2532,magistratura,Türkiyə Respublikası,"""Gazi University""","""Chemical Engineering"""
2533,magistratura,Türkiyə Respublikası,"""Gazi University""","""Civil Engineering"""
2534,magistratura,Türkiyə Respublikası,"""Gazi University""","""Industrial Design Engineering"""
2535,magistratura,Türkiyə Respublikası,"""Gazi University""","""Industrial Engineering"""
2536,magistratura,Türkiyə Respublikası,"""Gazi University""","""Manufacturing Engineering"""
2537,magistratura,Türkiyə Respublikası,"""Gazi University""","""Mechanical Engineering"""
2538,magistratura,Türkiyə Respublikası,"""Gazi University""","""Metallurgical and Materials Engineering"""
2539,magistratura,Türkiyə Respublikası,"""Istanbul Technical University""","""Chemical Engineering"""
2540,magistratura,Türkiyə Respublikası,"""Istanbul Technical University""","""Control and Automation Engineering"""
2541,magistratura,Türkiyə Respublikası,"""Istanbul Technical University""","""Geological Engineering"""
2542,magistratura,Türkiyə Respublikası,"""Istanbul Technical University""","""Geomatics Engineering"""
2543,magistratura,Türkiyə Respublikası,"""Istanbul Technical University""","""Geophysics Engineering"""
2544,magistratura,Türkiyə Respublikası,"""Istanbul Technical University""","""Hydraulics and Water Resources Engineering"""
2545,magistratura,Türkiyə Respublikası,"""Istanbul Technical University""","""Industrial Engineering"""
2546,magistratura,Türkiyə Respublikası,"""Istanbul Technical University""","""Materials Engineering """
2547,magistratura,Türkiyə Respublikası,"""Istanbul Technical University""","""Materials Science and Engineering"""
2548,magistratura,Türkiyə Respublikası,"""Istanbul Technical University""","""Mechatronics Engineering"""
2549,magistratura,Türkiyə Respublikası,"""Istanbul Technical University""","""Mineral Processing Engineering"""
2550,magistratura,Türkiyə Respublikası,"""Istanbul Technical University""","""Mining Engineering"""
2551,magistratura,Türkiyə Respublikası,"""Istanbul Technical University""","""Nano Science and Nano Engineering"""
2552,magistratura,Türkiyə Respublikası,"""Istanbul Technical University""","""Physics Engineering"""
2553,magistratura,Türkiyə Respublikası,"""Istanbul Technical University""","""Production Metallurgy and Technologies Engineering"""
2554,magistratura,Türkiyə Respublikası,"""Istanbul Technical University""","""Railway Systems Engineering"""
2555,magistratura,Türkiyə Respublikası,"""Istanbul Technical University""","""Soil Mechanics and Geotechnical Engineering"""
2556,magistratura,Türkiyə Respublikası,"""Istanbul Technical University""","""Structural Engineering"""
2557,magistratura,Türkiyə Respublikası,"""Istanbul Technical University""","""System Dynamics and Control"""
2558,magistratura,Türkiyə Respublikası,"""Koç University""","""Chemical and Biological Engineering"""
2559,magistratura,Türkiyə Respublikası,"""Koç University""","""Materials Science and Engineering"""
2560,magistratura,Türkiyə Respublikası,"""Middle East Technical University""","""Chemical Engineering"""
2561,magistratura,Türkiyə Respublikası,"""Middle East Technical University""","""Civil Engineering"""
2562,magistratura,Türkiyə Respublikası,"""Middle East Technical University""","""Industrial Engineering"""
2563,magistratura,Türkiyə Respublikası,"""Middle East Technical University""","""Mechanical Engineering"""
2564,magistratura,Türkiyə Respublikası,"""Middle East Technical University""","""Metallurgical and Materials Engineering"""
2565,magistratura,Türkiyə Respublikası,"""Middle East Technical University""","""Mining Engineering"""
2566,magistratura,Türkiyə Respublikası,"""Sabanci University""","""Industrial Engineering"""
2567,magistratura,Türkiyə Respublikası,"""Sabanci University""","""Manufacturing Engineering"""
2568,magistratura,Türkiyə Respublikası,"""Sabanci University""","""Materials Science and Nano Engineering"""
2569,magistratura,Türkiyə Respublikası,"""Sabanci University""","""Mechatronics Engineering"""
2570,magistratura,Türkiyə Respublikası,"""Yıldız Technical University""","""Avionics Engineering"""
2571,magistratura,Türkiyə Respublikası,"""Yıldız Technical University""","""Chemical Engineering"""
2572,magistratura,Türkiyə Respublikası,"""Yıldız Technical University""","""Civil Engineering"""
2573,magistratura,Türkiyə Respublikası,"""Yıldız Technical University""","""Control and Automation Engineering"""
2574,magistratura,Türkiyə Respublikası,"""Yıldız Technical University""","""Industrial Engineering"""
2575,magistratura,Türkiyə Respublikası,"""Yıldız Technical University""","""Mechanics"""
2576,magistratura,Türkiyə Respublikası,"""Yıldız Technical University""","""Naval Architecture and Marine Engineering"""
2577,magistratura,Türkiyə Respublikası,"""Yıldız Technical University""","""Structural Engineering"""
2578,magistratura,Türkiyə Respublikası,"""Yıldız Technical University""","""Systems Engineering"""
2579,magistratura,Vyetnam Sosialist Respublikası,"""Duy Tan University""","""Environmental and Chemical Engineering"""
2580,magistratura,Vyetnam Sosialist Respublikası,"""Ton Duc Thang University""","""Civil Engineering"""
2581,magistratura,Yaponiya,"""Hokkaido University""","""Chemical Sciences and Engineering"""
2582,magistratura,Yaponiya,"""Kyoto University""","""Systems Science"""
2583,magistratura,Yaponiya,"""Kyushu University""","""Applied Quantum Physics and Nuclear Engineering"""
2584,magistratura,Yaponiya,"""Kyushu University""","""Chemical Engineering"""
2585,magistratura,Yaponiya,"""Kyushu University""","""Mechanical Engineering"""
2586,magistratura,Yaponiya,"""Nagoya University""","""Civil and Environmental Engineering"""
2587,magistratura,Yaponiya,"""Nagoya University""","""Engineering Physics"""
2588,magistratura,Yaponiya,"""Osaka University""","""Mechanical Engineering"""
2589,magistratura,Yaponiya,"""Osaka University""","""Sustainable Energy and Environmental Engineering"""
2590,magistratura,Yaponiya,"""Tokyo Institute of Technology""","""Mechanical Engineering"""
2591,magistratura,Yaponiya,"""University of Tokyo""","""Chemical System Engineering"""
2592,magistratura,Yaponiya,"""University of Tokyo""","""Civil Engineering"""
2593,magistratura,Yeni Zelandiya,"""University of Auckland""","""Engineering"""
2594,magistratura,Yeni Zelandiya,"""University of Auckland""","""Materials Engineering """
2595,magistratura,Yeni Zelandiya,"""University of Auckland""","""Robotics and Automation Engineering"""
2596,magistratura,Almaniya Federativ Respublikası,"""Technical University of Munich""","""Rail, Transport and Logistics"""
2597,magistratura,Almaniya Federativ Respublikası,"""Technical University of Munich""","""Transportation Systems"""
2598,magistratura,Amerika Birləşmiş Ştatları,"""Massachusetts Institute of Technology""","""Supply Chain Management"""
2599,magistratura,Amerika Birləşmiş Ştatları,"""Massachusetts Institute of Technology""","""Transportation"""
2600,magistratura,Avstraliya İttifaqı,"""University of Queensland""","""Supply Chain Management"""
2601,magistratura,Avstraliya İttifaqı,"""University of Sydney""","""Transport"""
2602,magistratura,Birləşmiş Krallıq,"""Imperial College London""","""Transport"""
2603,magistratura,Birləşmiş Krallıq,"""UCL""","""Transport and Mobility Systems"""
2604,magistratura,Birləşmiş Krallıq,"""University of Glasgow""","""Urban Transport"""
2605,magistratura,Çin Xalq Respublikası,"""Beihang University""","""Transportation Engineering"""
2606,magistratura,Çin Xalq Respublikası,"""Chinese University of Hong Kong""","""E-Commerce and Logistics Technologies"""
2607,magistratura,Çin Xalq Respublikası,"""Chongqing University""","""Logistics Engineering and Management"""
2608,magistratura,Çin Xalq Respublikası,"""Hong Kong Polytechnic University""","""Industrial Logistics System"""
2609,magistratura,Çin Xalq Respublikası,"""Shanghai Jiao Tong University""","""Transportation Engineering"""
2610,magistratura,Çin Xalq Respublikası,"""Shenzhen University""","""Transportation Engineering"""
2611,magistratura,Çin Xalq Respublikası,"""Tsinghua University""","""Transportation Engineering"""
2612,magistratura,Çin Xalq Respublikası,"""University of Hong Kong""","""Industrial Engineering and Logistics Management"""
2613,magistratura,Çin Xalq Respublikası,"""Zhejiang University""","""Highway and Transportation Engineering"""
2614,magistratura,İsrail Dövləti,"""Technion Israel Institute of Technology""","""Transportation Sciences"""
2615,magistratura,İsveç Krallığı,"""Lund University""","""Logistics and Supply Chain Management"""
2616,magistratura,İtaliya Respublikası,"""Sapienza University of Rome""","""Sustainable Transportation and Electrical Power Systems"""
2617,magistratura,İtaliya Respublikası,"""Sapienza University of Rome""","""Transport Systems Engineering"""
2618,magistratura,İtaliya Respublikası,"""University of Bologna""","""Electric Vehicle Engineering"""
2619,magistratura,İtaliya Respublikası,"""University of Naples-Federico II""","""Transportation Engineering and Mobility"""
2620,magistratura,Koreya Respublikası,"""Chung-Ang University""","""International Trade and Logistics"""
2621,magistratura,Malayziya,"""Universiti Utara Malaysia""","""Supply Chain Management"""
2622,magistratura,Malayziya,"""Universiti Utara Malaysia""","""Transportation and Logistics Management"""
2623,magistratura,Pakistan İslam Respublikası,"""Air University""","""Operations and Supply Chain Management"""
2624,magistratura,Sinqapur Respublikası,"""National University of Singapore""","""Supply Chain Management"""
2625,magistratura,Türkiyə Respublikası,"""Istanbul Technical University""","""Maritime Transportation Engineering"""
2626,magistratura,Türkiyə Respublikası,"""Istanbul Technical University""","""Transport Engineering"""
2627,magistratura,Amerika Birləşmiş Ştatları,"""University of Washington""","""Applied and Computational Mathematics"""
2628,magistratura,Almaniya Federativ Respublikası,"""Free University of Berlin""","""Computational Sciences"""
2629,magistratura,Almaniya Federativ Respublikası,"""Free University of Berlin""","""Data Science"""
2630,magistratura,Almaniya Federativ Respublikası,"""Heidelberg University""","""Data and Computer Science"""
2631,magistratura,Almaniya Federativ Respublikası,"""Humboldt University of Berlin""","""Statistics"""
2632,magistratura,Almaniya Federativ Respublikası,"""LMU Munich""","""Data Science"""
2633,magistratura,Almaniya Federativ Respublikası,"""LMU Munich""","""Statistics and Data Science"""
2634,magistratura,Almaniya Federativ Respublikası,"""RWTH Aachen University""","""Data Analytics and Decision Science"""
2635,magistratura,Almaniya Federativ Respublikası,"""RWTH Aachen University""","""Data Science"""
2636,magistratura,Almaniya Federativ Respublikası,"""Technical University Berlin""","""Computational Engineering Science"""
2637,magistratura,Almaniya Federativ Respublikası,"""Technical University of Munich""","""Computational Mechanics"""
2638,magistratura,Almaniya Federativ Respublikası,"""Technical University of Munich""","""Computational Science and Engineering"""
2639,magistratura,Almaniya Federativ Respublikası,"""Technical University of Munich""","""Data Engineering and Analytics"""
2640,magistratura,Almaniya Federativ Respublikası,"""Technical University of Munich""","""Mathematics in Data Science"""
2641,magistratura,Almaniya Federativ Respublikası,"""University of Göttingen""","""Applied Data Science"""
2642,magistratura,Almaniya Federativ Respublikası,"""University of Göttingen""","""Applied Statistics"""
2643,magistratura,Almaniya Federativ Respublikası,"""University of Tubingen""","""Quantitative Data Science Methods - Psychometrics, Econometrics and Machine
Learning"""
2644,magistratura,Amerika Birləşmiş Ştatları,"""California Institute of Technology""","""Computation and Neural Systems"""
2645,magistratura,Amerika Birləşmiş Ştatları,"""Carnegie Mellon University""","""Business Analytics"""
2646,magistratura,Amerika Birləşmiş Ştatları,"""Carnegie Mellon University""","""Applied Data Science"""
2647,magistratura,Amerika Birləşmiş Ştatları,"""Columbia University""","""Actuarial Science"""
2648,magistratura,Amerika Birləşmiş Ştatları,"""Columbia University""","""Measurement, Evaluation, and Statistics"""
2649,magistratura,Amerika Birləşmiş Ştatları,"""Cornell University""","""Applied Statistics"""
2650,magistratura,Amerika Birləşmiş Ştatları,"""Duke University""","""Interdisciplinary Data Science"""
2651,magistratura,Amerika Birləşmiş Ştatları,"""Duke University""","""Statistical Science"""
2652,magistratura,Amerika Birləşmiş Ştatları,"""Harvard University""","""Data Science"""
2653,magistratura,Amerika Birləşmiş Ştatları,"""Johns Hopkins University""","""Applied and Computational Mathematics"""
2654,magistratura,Amerika Birləşmiş Ştatları,"""Johns Hopkins University""","""Data Science"""
2655,magistratura,Amerika Birləşmiş Ştatları,"""Massachusetts Institute of Technology""","""Computational Science and Engineering"""
2656,magistratura,Amerika Birləşmiş Ştatları,"""New York University""","""Data Science"""
2657,magistratura,Amerika Birləşmiş Ştatları,"""Northwestern University""","""Machine Learning and Data Science"""
2658,magistratura,Amerika Birləşmiş Ştatları,"""Northwestern University""","""Statistics and Data Science"""
2659,magistratura,Amerika Birləşmiş Ştatları,"""Stanford University""","""Computational and Mathematical Engineering"""
2660,magistratura,Amerika Birləşmiş Ştatları,"""Stanford University""","""Statistics"""
2661,magistratura,Amerika Birləşmiş Ştatları,"""University of California, Berkeley""","""Data Science"""
2662,magistratura,Amerika Birləşmiş Ştatları,"""University of California, Berkeley""","""Statistics"""
2663,magistratura,Amerika Birləşmiş Ştatları,"""University of California, Los Angeles""","""Statistics"""
2664,magistratura,Amerika Birləşmiş Ştatları,"""University of Chicago""","""Data Science"""
2665,magistratura,Amerika Birləşmiş Ştatları,"""University of Chicago""","""Applied Data Science"""
2666,magistratura,Amerika Birləşmiş Ştatları,"""University of Chicago""","""Statistics"""
2667,magistratura,Amerika Birləşmiş Ştatları,"""University of Michigan-Ann Arbor""","""Applied Statistics"""
2668,magistratura,Amerika Birləşmiş Ştatları,"""University of Michigan-Ann Arbor""","""Data Science"""
2669,magistratura,Amerika Birləşmiş Ştatları,"""University of Michigan-Ann Arbor""","""Survey and Data Science"""
2670,magistratura,Amerika Birləşmiş Ştatları,"""University of Maryland""","""Data Science"""
2671,magistratura,Amerika Birləşmiş Ştatları,"""University of Pennsylvania""","""Applied Mathematics and Computational Science"""
2672,magistratura,Amerika Birləşmiş Ştatları,"""University of Pennsylvania""","""Data Science"""
2673,magistratura,Amerika Birləşmiş Ştatları,"""University of Pennsylvania""","""Statistics"""
2674,magistratura,Amerika Birləşmiş Ştatları,"""University of Washington""","""Data Science"""
2675,magistratura,Amerika Birləşmiş Ştatları,"""Yale University""","""Health Informatics"""
2676,magistratura,Amerika Birləşmiş Ştatları,"""Yale University""","""Statistics and Data Science"""
2677,magistratura,Amerika Birləşmiş Ştatları,"""Yale University""","""Statistics"""
2678,magistratura,Avstraliya İttifaqı,"""Australian National University""","""Applied Data Analytics"""
2679,magistratura,Avstraliya İttifaqı,"""Australian National University""","""Statistics"""
2680,magistratura,Avstraliya İttifaqı,"""Monash University""","""Data Science"""
2681,magistratura,Avstraliya İttifaqı,"""Monash University""","""Health Data Analytics"""
2682,magistratura,Avstraliya İttifaqı,"""University of Adelaide""","""Data Science"""
2683,magistratura,Avstraliya İttifaqı,"""University of Adelaide""","""Geostatistics"""
2684,magistratura,Avstraliya İttifaqı,"""University of Queensland""","""Data Science"""
2685,magistratura,Avstraliya İttifaqı,"""University of Queensland""","""Statistics"""
2686,magistratura,Avstraliya İttifaqı,"""University of Melbourne""","""Actuarial Science"""
2687,magistratura,Avstraliya İttifaqı,"""University of Melbourne""","""Data Science"""
2688,magistratura,Avstraliya İttifaqı,"""University of Sydney""","""Data Science"""
2689,magistratura,Avstraliya İttifaqı,"""University of Sydney""","""Digital Health and Data Science"""
2690,magistratura,Birləşmiş Ərəb Əmirlikləri,"""University of Sharjah""","""Data Science"""
2691,magistratura,Birləşmiş Krallıq,"""Imperial College London""","""Applied Computational Science and Engineering"""
2692,magistratura,Birləşmiş Krallıq,"""Imperial College London""","""Environmental Data Science and Machine Learning"""
2693,magistratura,Birləşmiş Krallıq,"""Imperial College London""","""Health Data Analytics and Machine Learning"""
2694,magistratura,Birləşmiş Krallıq,"""Imperial College London""","""Machine Learning and Big Data in the Physical Sciences"""
2695,magistratura,Birləşmiş Krallıq,"""Imperial College London""","""Statistics (Applied Statistics)"""
2696,magistratura,Birləşmiş Krallıq,"""Imperial College London""","""Statistics (Data Science)"""
2697,magistratura,Birləşmiş Krallıq,"""Imperial College London""","""Statistics (Statistical Finance)"""
2698,magistratura,Birləşmiş Krallıq,"""Imperial College London""","""Statistics (Theory and Methods)"""
2699,magistratura,Birləşmiş Krallıq,"""Imperial College London""","""Statistics"""
2700,magistratura,Birləşmiş Krallıq,"""King’s College London""","""Applied Statistical Modelling and Health Informatics"""
2701,magistratura,Birləşmiş Krallıq,"""King’s College London""","""Data Science"""
2702,magistratura,Birləşmiş Krallıq,"""King’s College London""","""Urban Informatics"""
2703,magistratura,Birləşmiş Krallıq,"""Queen Mary University of London""","""Advanced Electronic and Electrical Engineering"""
2704,magistratura,Birləşmiş Krallıq,"""London School of Economics and Political Science""","""Applied Social Data Science"""
2705,magistratura,Birləşmiş Krallıq,"""London School of Economics and Political Science""","""Data Science for Public Policy"""
2706,magistratura,Birləşmiş Krallıq,"""London School of Economics and Political Science""","""Data Science"""
2707,magistratura,Birləşmiş Krallıq,"""London School of Economics and Political Science""","""Statistics (Financial Statistics)"""
2708,magistratura,Birləşmiş Krallıq,"""London School of Economics and Political Science""","""Statistics (Social Statistics)"""
2709,magistratura,Birləşmiş Krallıq,"""London School of Economics and Political Science""","""Statistics"""
2710,magistratura,Birləşmiş Krallıq,"""UCL""","""Computational Statistics and Machine Learning"""
2711,magistratura,Birləşmiş Krallıq,"""UCL""","""Data Science and Machine Learning"""
2712,magistratura,Birləşmiş Krallıq,"""UCL""","""Data Science and Public Policy (Economics)"""
2713,magistratura,Birləşmiş Krallıq,"""UCL""","""Data Science"""
2714,magistratura,Birləşmiş Krallıq,"""UCL""","""Mathematical Modeling"""
2715,magistratura,Birləşmiş Krallıq,"""UCL""","""Scientific and Data Intensive Computing"""
2716,magistratura,Birləşmiş Krallıq,"""UCL""","""Statistics (Medical Statistics)"""
2717,magistratura,Birləşmiş Krallıq,"""UCL""","""Statistics"""
2718,magistratura,Birləşmiş Krallıq,"""University of Birmingham""","""Computational Neuroscience and Cognitive Robotics"""
2719,magistratura,Birləşmiş Krallıq,"""University of Birmingham""","""Data Science"""
2720,magistratura,Birləşmiş Krallıq,"""University of Birmingham""","""Mathematics, Operational Research, Statistics and Econometrics"""
2721,magistratura,Birləşmiş Krallıq,"""University of Bristol""","""Data Science"""
2722,magistratura,Birləşmiş Krallıq,"""University of Bristol""","""Environmental Modelling and Data Analysis"""
2723,magistratura,Birləşmiş Krallıq,"""University of Cambridge""","""Data Intensive Science"""
2724,magistratura,Birləşmiş Krallıq,"""University of Cambridge""","""Mathematical Statistics"""
2725,magistratura,Birləşmiş Krallıq,"""University of Edinburgh""","""Computational Applied Mathematics"""
2726,magistratura,Birləşmiş Krallıq,"""University of Edinburgh""","""Data Science"""
2727,magistratura,Birləşmiş Krallıq,"""University of Edinburgh""","""Operational Research with Data Science"""
2728,magistratura,Birləşmiş Krallıq,"""University of Edinburgh""","""Statistics and Operational Research"""
2729,magistratura,Birləşmiş Krallıq,"""University of Edinburgh""","""Statistics with Data Science"""
2730,magistratura,Birləşmiş Krallıq,"""University of Glasgow""","""Advanced Statistics"""
2731,magistratura,Birləşmiş Krallıq,"""University of Glasgow""","""Data Analytics for Economics and Finance"""
2732,magistratura,Birləşmiş Krallıq,"""University of Glasgow""","""Data Analytics"""
2733,magistratura,Birləşmiş Krallıq,"""University of Glasgow""","""Data Science"""
2734,magistratura,Birləşmiş Krallıq,"""University of Glasgow""","""Statistics"""
2735,magistratura,Birləşmiş Krallıq,"""University of Glasgow""","""Urban Analytics"""
2736,magistratura,Birləşmiş Krallıq,"""University of Leeds""","""Health Informatics with Data Science"""
2737,magistratura,Birləşmiş Krallıq,"""University of Leeds""","""Data Science and Analytics"""
2738,magistratura,Birləşmiş Krallıq,"""University of Leeds""","""Statistics"""
2739,magistratura,Birləşmiş Krallıq,"""University of Leeds""","""Urban Data Science and Analytics"""
2740,magistratura,Birləşmiş Krallıq,"""University of Manchester""","""Data Science (Mathematics)"""
2741,magistratura,Birləşmiş Krallıq,"""University of Manchester""","""Data Science (Social Analytics)"""
2742,magistratura,Birləşmiş Krallıq,"""University of Manchester""","""Statistics"""
2743,magistratura,Birləşmiş Krallıq,"""University of Nottingham""","""Data Science"""
2744,magistratura,Birləşmiş Krallıq,"""University of Nottingham""","""Statistics"""
2745,magistratura,Birləşmiş Krallıq,"""University of Oxford""","""Mathematical and Computational Finance"""
2746,magistratura,Birləşmiş Krallıq,"""University of Oxford""","""Social Data Science"""
2747,magistratura,Birləşmiş Krallıq,"""University of Oxford""","""Statistical Science"""
2748,magistratura,Birləşmiş Krallıq,"""University of Sheffield""","""Data Analytics"""
2749,magistratura,Birləşmiş Krallıq,"""University of Sheffield""","""Data Science"""
2750,magistratura,Birləşmiş Krallıq,"""University of Sheffield""","""Statistics with Financial Mathematics"""
2751,magistratura,Birləşmiş Krallıq,"""University of Sheffield""","""Statistics with Medical Applications"""
2752,magistratura,Birləşmiş Krallıq,"""University of Sheffield""","""Statistics"""
2753,magistratura,Birləşmiş Krallıq,"""University of Southampton""","""Applied Statistics"""
2754,magistratura,Birləşmiş Krallıq,"""University of Southampton""","""Data Analytics for Government"""
2755,magistratura,Birləşmiş Krallıq,"""University of Southampton""","""Data Science"""
2756,magistratura,Birləşmiş Krallıq,"""University of Southampton""","""Maritime Engineering Science: Advanced Computational Engineering"""
2757,magistratura,Birləşmiş Krallıq,"""University of Southampton""","""Statistics with Applications in Medicine"""
2758,magistratura,Birləşmiş Krallıq,"""University of Southampton""","""Statistics"""
2759,magistratura,Birləşmiş Krallıq,"""University of Warwick""","""Behavioural and Data Science"""
2760,magistratura,Birləşmiş Krallıq,"""University of Warwick""","""Statistics"""
2761,magistratura,Çin Xalq Respublikası,"""Chinese University of Hong Kong""","""Data Science"""
2762,magistratura,Çin Xalq Respublikası,"""Hong Kong Polytechnic University""","""Applied Mathematics for Science and Technology - Actuarial and Investment
Science"""
2763,magistratura,Çin Xalq Respublikası,"""Hong Kong Polytechnic University""","""Applied Mathematics for Science and Technology - Decision Science"""
2764,magistratura,Çin Xalq Respublikası,"""Hong Kong Polytechnic University""","""Data Science and Analytics"""
2765,magistratura,Çin Xalq Respublikası,"""Hong Kong University of Science and Technology""","""Big Data Technology"""
2766,magistratura,Çin Xalq Respublikası,"""Xi’an Jiaotong University""","""Statistics"""
2767,magistratura,Çin Xalq Respublikası,"""Xiamen University""","""Statistics"""
2768,magistratura,Çin Xalq Respublikası,"""Nanjing University""","""Applied Statistics"""
2769,magistratura,Çin Xalq Respublikası,"""Shanghai University""","""Statistics (Science)"""
2770,magistratura,Çin Xalq Respublikası,"""Shenzhen University""","""Applied Statistics"""
2771,magistratura,Çin Xalq Respublikası,"""Shenzhen University""","""Complex System and Data Science"""
2772,magistratura,Çin Xalq Respublikası,"""Shenzhen University""","""Statistics"""
2773,magistratura,Çin Xalq Respublikası,"""Tsinghua University""","""Applied Statistics"""
2774,magistratura,Çin Xalq Respublikası,"""Tsinghua University""","""Statistics"""
2775,magistratura,Çin Xalq Respublikası,"""University of Hong Kong""","""Data Science"""
2776,magistratura,Çin Xalq Respublikası,"""University of Hong Kong""","""Statistics"""
2777,magistratura,Çin Xalq Respublikası,"""University of Hong Kong""","""Geospatial Data Science"""
2778,magistratura,Çin Xalq Respublikası,"""University of Science and Technology of China""","""Applied Statistics"""
2779,magistratura,Çin Xalq Respublikası,"""University of Science and Technology of China""","""Probability Theory and Mathematical Statistics"""
2780,magistratura,Çin Xalq Respublikası,"""University of Science and Technology of China""","""Statistics"""
2781,magistratura,Çin Xalq Respublikası,"""Wuhan University""","""Applied Statistics"""
2782,magistratura,Çin Xalq Respublikası,"""Wuhan University""","""Data Science"""
2783,magistratura,Çin Xalq Respublikası,"""Zhejiang University""","""Data Science"""
2784,magistratura,İrlandiya Respublikası,"""Trinity College Dublin""","""Applied Social Data Science"""
2785,magistratura,İrlandiya Respublikası,"""University College Cork""","""Actuarial Science"""
2786,magistratura,İrlandiya Respublikası,"""University College Cork""","""Data Science and Analytics"""
2787,magistratura,İrlandiya Respublikası,"""University of Galway""","""Health Data Science"""
2788,magistratura,İspaniya Krallığı,"""Autonomous University of Madrid""","""Data Science"""
2789,magistratura,İspaniya Krallığı,"""University of Navarra""","""Big Data Science"""
2790,magistratura,İsrail Dövləti,"""University of Haifa""","""Statistics – Data Science"""
2791,magistratura,İsveç Krallığı,"""Lund University""","""Mathematical Statistics"""
2792,magistratura,İsveç Krallığı,"""Lund University""","""Social Scientific Data Analysis"""
2793,magistratura,İsveç Krallığı,"""Stockholm University""","""Computational Physics"""
2794,magistratura,İsveç Krallığı,"""Stockholm University""","""Mathematical Statistics"""
2795,magistratura,İsveç Krallığı,"""Stockholm University""","""Statistics"""
2796,magistratura,İsveç Krallığı,"""Uppsala University""","""Computational Science"""
2797,magistratura,İsveç Krallığı,"""Uppsala University""","""Statistics and Data Science"""
2798,magistratura,İsveçrə Konfederasiyası,"""École Polytechnique Fédérale de Lausanne""","""Computational Science and Engineering"""
2799,magistratura,İsveçrə Konfederasiyası,"""École Polytechnique Fédérale de Lausanne""","""Data Science"""
2800,magistratura,İsveçrə Konfederasiyası,"""École Polytechnique Fédérale de Lausanne""","""Statistics"""
2801,magistratura,İsveçrə Konfederasiyası,"""ETH Zurich""","""Computational Science and Engineering"""
2802,magistratura,İsveçrə Konfederasiyası,"""ETH Zurich""","""Data Science"""
2803,magistratura,İsveçrə Konfederasiyası,"""ETH Zurich""","""Neural Systems and Computation"""
2804,magistratura,İsveçrə Konfederasiyası,"""ETH Zurich""","""Statistics"""
2805,magistratura,İsveçrə Konfederasiyası,"""University of Zurich""","""Computational Science"""
2806,magistratura,İsveçrə Konfederasiyası,"""University of Zurich""","""Computational Science and Engineering"""
2807,magistratura,İsveçrə Konfederasiyası,"""University of Zurich""","""Data Science"""
2808,magistratura,İtaliya Respublikası,"""Free University of Bozen-Bolzano""","""Data Analytics for Economics and Management"""
2809,magistratura,İtaliya Respublikası,"""Humanitas University""","""Data Analytics and Artificial Intelligence in Health Sciences"""
2810,magistratura,İtaliya Respublikası,"""Polytechnic University of Turin""","""Data Science and Engineering"""
2811,magistratura,İtaliya Respublikası,"""Sapienza University of Rome""","""Actuarial and Financial Sciences"""
2812,magistratura,İtaliya Respublikası,"""Sapienza University of Rome""","""Data Science"""
2813,magistratura,İtaliya Respublikası,"""Sapienza University of Rome""","""Statistical Methods and Applications"""
2814,magistratura,İtaliya Respublikası,"""Sapienza University of Rome""","""Statistical Sciences"""
2815,magistratura,İtaliya Respublikası,"""University of Bologna""","""Statistical Sciences"""
2816,magistratura,İtaliya Respublikası,"""University of Milan""","""Data Science for Economics"""
2817,magistratura,İtaliya Respublikası,"""University of Milan-Bicocca""","""Data Science"""
2818,magistratura,İtaliya Respublikası,"""University of Milan-Bicocca""","""Statistics and Economics"""
2819,magistratura,İtaliya Respublikası,"""Vita-Salute San Raffele University""","""Health Informatics"""
2820,magistratura,Koreya Respublikası,"""Chung-Ang University""","""Statistics and Data Science"""
2821,magistratura,Koreya Respublikası,"""Hanyang University""","""Mathematical Data Science"""
2822,magistratura,Koreya Respublikası,"""Seoul National University""","""Computational Science and Technology"""
2823,magistratura,Koreya Respublikası,"""Seoul National University""","""Statistics"""
2824,magistratura,Koreya Respublikası,"""Sungkyunkwan University (SKKU)""","""Applied Data Science"""
2825,magistratura,Koreya Respublikası,"""Sungkyunkwan University (SKKU)""","""Statistics"""
2826,magistratura,Malayziya,"""Universiti Kebangsaan Malaysia""","""Statistics"""
2827,magistratura,Malayziya,"""Universiti Teknologi Malaysia""","""Data Science"""
2828,magistratura,Malayziya,"""Universiti Utara Malaysia""","""Data Analysis"""
2829,magistratura,Malayziya,"""Universiti Utara Malaysia""","""Statistics"""
2830,magistratura,Malayziya,"""University of Malaya""","""Applied Statistics"""
2831,magistratura,Malayziya,"""University of Malaya""","""Data Science"""
2832,magistratura,Niderland Krallığı,"""Wageningen University & Research""","""Data Science for Food and Health"""
2833,magistratura,Oman Sultanlığı,"""Sultan Qaboos University""","""Statistics"""
2834,magistratura,Pakistan İslam Respublikası,"""Air University""","""Business Analytics"""
2835,magistratura,Pakistan İslam Respublikası,"""Air University""","""Statistics"""
2836,magistratura,Pakistan İslam Respublikası,"""Quaid-i-Azam University""","""Data Science"""
2837,magistratura,Rusiya Federasiyası,"""Saint Petersburg State University""","""Artificial Intelligence and Big Data Science"""
2838,magistratura,Səudiyyə Ərəbistanı,"""King Abdulaziz University""","""Statistics"""
2839,magistratura,Səudiyyə Ərəbistanı,"""King Fahd University of Petroleum and Minerals""","""Data Science and Analytics"""
2840,magistratura,Sinqapur Respublikası,"""National University of Singapore""","""Statistics"""
2841,magistratura,Türkiyə Respublikası,"""Ankara University""","""Statistics"""
2842,magistratura,Türkiyə Respublikası,"""Boğaziçi University""","""Computational Science and Engineering"""
2843,magistratura,Türkiyə Respublikası,"""Gazi University""","""Data Science"""
2844,magistratura,Türkiyə Respublikası,"""Gazi University""","""Statistics"""
2845,magistratura,Türkiyə Respublikası,"""Istanbul Technical University""","""Computational Science and Engineering"""
2846,magistratura,Türkiyə Respublikası,"""Koç University""","""Computational Sciences and Engineering"""
2847,magistratura,Türkiyə Respublikası,"""Marmara University""","""Actuarial Science"""
2848,magistratura,Türkiyə Respublikası,"""Marmara University""","""Statistics"""
2849,magistratura,Yaponiya,"""University of Tokyo""","""Statistics"""
2850,magistratura,Amerika Birləşmiş Ştatları,"""Columbia University""","""Early Childhood Education"""
2851,magistratura,Amerika Birləşmiş Ştatları,"""Columbia University""","""Early Childhood Special Education"""
2852,magistratura,Amerika Birləşmiş Ştatları,"""Columbia University""","""Education Policy"""
2853,magistratura,Amerika Birləşmiş Ştatları,"""Harvard University""","""Education Policy and Analysis"""
2854,magistratura,Amerika Birləşmiş Ştatları,"""Johns Hopkins University""","""Special Education"""
2855,magistratura,Amerika Birləşmiş Ştatları,"""Stanford University""","""Education"""
2856,magistratura,Amerika Birləşmiş Ştatları,"""University of California, Los Angeles""","""Education"""
2857,magistratura,Amerika Birləşmiş Ştatları,"""University of Michigan-Ann Arbor""","""Educational Leadership and Policy"""
2858,magistratura,Amerika Birləşmiş Ştatları,"""University of Pennsylvania""","""Education Policy"""
2859,magistratura,Birləşmiş Ərəb Əmirlikləri,"""Abu Dhabi University""","""Educational Leadership"""
2860,magistratura,Birləşmiş Ərəb Əmirlikləri,"""United Arab Emirates University""","""Education"""
2861,magistratura,Birləşmiş Ərəb Əmirlikləri,"""United Arab Emirates University""","""Educational Innovation"""
2862,magistratura,Birləşmiş Krallıq,"""King’s College London""","""STEM Education"""
2863,magistratura,Birləşmiş Krallıq,"""University of Oxford""","""Education (Research Design and Methodology)"""
2864,magistratura,Birləşmiş Krallıq,"""University of Oxford""","""Education (Digital and Social change)"""
2865,magistratura,Birləşmiş Krallıq,"""University of Oxford""","""Education (Child Development and Education)"""
2866,magistratura,Çin Xalq Respublikası,"""Beijing Normal University""","""Comparative Education"""
2867,magistratura,Çin Xalq Respublikası,"""Beijing Normal University""","""Early Childhood Education"""
2868,magistratura,Çin Xalq Respublikası,"""Beijing Normal University""","""Special Education"""
2869,magistratura,Çin Xalq Respublikası,"""Chinese University of Hong Kong""","""Early Childhood Education"""
2870,magistratura,Çin Xalq Respublikası,"""University of Hong Kong""","""Education"""
2871,magistratura,Çin Xalq Respublikası,"""Zhejiang University""","""Special Education"""
2872,magistratura,İsrail Dövləti,"""University of Haifa""","""Education and Development In Early Childhood"""
2873,magistratura,Koreya Respublikası,"""Chung-Ang University""","""Early Childhood Education"""
2874,magistratura,Koreya Respublikası,"""Seoul National University""","""Early Childhood Education"""
2875,magistratura,Koreya Respublikası,"""Seoul National University""","""Education"""
2876,magistratura,Koreya Respublikası,"""Seoul National University""","""Mathematics Education"""
2877,magistratura,Koreya Respublikası,"""Seoul National University""","""Special Education"""
2878,magistratura,Malayziya,"""University of Malaya""","""Early Childhood Education"""
2879,magistratura,Malayziya,"""University of Malaya""","""Educational Leadership and Management"""
2880,magistratura,Malayziya,"""University of Malaya""","""Special Education"""
2881,magistratura,Rusiya Federasiyası,"""HSE University""","""Science of Learning and Assessment"""
2882,magistratura,Türkiyə Respublikası,"""Ankara University""","""Curriculum and Instruction"""
2883,magistratura,Türkiyə Respublikası,"""Ankara University""","""Early Childhood Education"""
2884,magistratura,Türkiyə Respublikası,"""Ankara University""","""Educational Administration"""
2885,magistratura,Türkiyə Respublikası,"""Ankara University""","""Measurement and Evaluation in Education"""
2886,magistratura,Türkiyə Respublikası,"""Ankara University""","""Special Education"""
2887,magistratura,Türkiyə Respublikası,"""Boğaziçi University""","""Early Childhood Education"""
2888,magistratura,Türkiyə Respublikası,"""Gazi University""","""Assessment and Evaluation in Education"""
2889,magistratura,Türkiyə Respublikası,"""Gazi University""","""Curriculum and Instruction"""
2890,magistratura,Türkiyə Respublikası,"""Gazi University""","""Curriculum Development in Education"""
2891,magistratura,Türkiyə Respublikası,"""Gazi University""","""Preschool Education"""
2892,magistratura,Türkiyə Respublikası,"""Gazi University""","""Special Education"""
2893,magistratura,Türkiyə Respublikası,"""Hacettepe University""","""Autism Spectrum Disorder Education"""
2894,magistratura,Türkiyə Respublikası,"""Hacettepe University""","""Curriculum and Instruction"""
2895,magistratura,Türkiyə Respublikası,"""Hacettepe University""","""Early Childhood Education"""
2896,magistratura,Türkiyə Respublikası,"""Hacettepe University""","""Education Management Inspection Planning and Educational Administration"""
2897,magistratura,Türkiyə Respublikası,"""Hacettepe University""","""Mathematics Education"""
2898,magistratura,Türkiyə Respublikası,"""Hacettepe University""","""Measurement and Evaluation in Education"""
2899,magistratura,Türkiyə Respublikası,"""Hacettepe University""","""Primary Education"""
2900,magistratura,Türkiyə Respublikası,"""Hacettepe University""","""School Management and Education Supervision"""
2901,magistratura,Türkiyə Respublikası,"""Hacettepe University""","""Special Education"""
2902,magistratura,Türkiyə Respublikası,"""Istanbul University""","""Disability Studies"""
2903,magistratura,Türkiyə Respublikası,"""Marmara University""","""Curriculum and Instruction"""
2904,magistratura,Türkiyə Respublikası,"""Marmara University""","""Education Management and Control"""
2905,magistratura,Türkiyə Respublikası,"""Marmara University""","""Educational Administration, Supervision, Planning, and Economics"""
2906,magistratura,Türkiyə Respublikası,"""Marmara University""","""Educational Measurement and Evaluation"""
2907,magistratura,Türkiyə Respublikası,"""Marmara University""","""Mental Disabilities Education"""
